id,ident,type,name,municipality,iso_country,iata,icao,latitude_deg,longitude_deg
42257,AE-0001,small_airport,Batha Airport,Batha,SA,,OEBT,24.214693,51.44989
300646,AEI,heliport,Algeciras Heliport,Algeciras,ES,,LEAG,36.12882,-5.441079
336537,AG-0001,medium_airport,Burton-Nibbs International Airport,Codrington,AG,BBQ,TAPB,17.621194,-61.798347
30634,AGGA,small_airport,Gwaunaru'u Airport,Auki,SB,AKS,AGGA,-8.70257,160.682007
302047,AGGB,small_airport,Bellona/Anua Airport,Anua,SB,BNY,AGGB,-11.3022222222,159.798333333
302291,AGGC,small_airport,Choiseul Bay Airport,Choiseul Bay,SB,CHY,AGGC,-6.711944,156.396111
30678,AGGE,small_airport,Ballalae Airport,Ballalae,SB,BAS,AGGE,-6.990745,155.886656
35167,AGGF,small_airport,Fera/Maringe Airport,Fera Island,SB,FRE,AGGF,-8.1075,159.576996
3,AGGH,large_airport,Honiara International Airport,Honiara,SB,HIR,AGGH,-9.428,160.054993
31686,AGGK,small_airport,Ngorangora Airport,Kirakira,SB,IRA,AGGK,-10.4497003555,161.897994995
32275,AGGL,small_airport,Santa Cruz/Graciosa Bay/Luova Airport,Santa Cruz/Graciosa Bay/Luova,SB,SCZ,AGGL,-10.7203,165.794998
4,AGGM,medium_airport,Munda Airport,Munda,SB,MUA,AGGM,-8.32797,157.263
31563,AGGN,small_airport,Nusatupe Airport,Gizo,SB,GZO,AGGN,-8.09778022766,156.863998413
31932,AGGO,small_airport,Mono Airport,Stirling Island,SB,MNY,AGGO,-7.41694,155.565002
35171,AGGR,small_airport,Rennell/Tingoa Airport,Rennell Island,SB,RNL,AGGR,-11.55,160.062778
308425,AGGT,small_airport,Santa Ana Airport,Santa Ana Island,SB,NNB,AGGT,-10.847994,162.454108
32238,AGGU,small_airport,Marau Airport,Marau,SB,RUS,AGGU,-9.86167,160.824997
32564,AGGV,small_airport,Suavanao Airport,Suavanao,SB,VAO,AGGV,-7.58556,158.731003
302292,AGGY,small_airport,Yandina Airport,Yandina,SB,XYA,AGGY,-9.092816,159.21841
35169,AGKG,small_airport,Kaghau Airport,Kagau Island,SB,KGE,AGKG,-7.3305,157.585
508090,AGOB,small_airport,Manaoba Airport,Manaoba,SB,MHM,AGOB,-8.325008,160.80051
35168,AGOK,small_airport,Gatokae Aerodrome,Gatokae,SB,GTA,AGOK,-8.738358,158.202836
35170,AGRM,small_airport,Ramata Airport,Ramata,SB,RBV,AGRM,-8.168060302734375,157.64300537109375
8,ANYN,medium_airport,Nauru International Airport,Yaren,NR,INU,ANYN,-0.547893,166.919525
314558,AXF,medium_airport,Alxa Left Banner Bayanhot Airport,Bayanhot,CN,AXF,ZBAL,38.748317,105.58416
35179,AYBA,medium_airport,Baimuru Airport,Baimuru,PG,VMU,AYBA,-7.496955,144.821756
53,AYBK,medium_airport,Buka Airport,Buka Island,PG,BUA,AYBK,-5.422299,154.672698
35180,AYBM,medium_airport,Balimo Airport,Balimo,PG,OPU,AYBM,-8.05000019073,142.932998657
54,AYCH,medium_airport,Chimbu Airport,Kundiawa,PG,CMU,AYCH,-6.024290084838867,144.9709930419922
55,AYDU,medium_airport,Daru Airport,Daru,PG,DAU,AYDU,-9.08676,143.207993
301979,AYET,small_airport,Bosset Airport,Bosset,PG,BOT,AYET,-7.237257,141.1063222
56,AYGA,medium_airport,Goroka Airport,Goronka,PG,GKA,AYGA,-6.081689834590001,145.391998291
57,AYGN,medium_airport,Gurney Airport,Gurney,PG,GUR,AYGN,-10.3114995956,150.333999634
58,AYGR,medium_airport,Girua Airport,Popondetta,PG,PNP,AYGR,-8.80453968048,148.309005737
31542,AYGT,small_airport,Gasmata Island Airport,Gasmata Island,PG,GMI,AYGT,-6.27111005783,150.330993652
59,AYHK,medium_airport,Hoskins Airport,Kimbe,PG,HKN,AYHK,-5.463846,150.407327
302264,AYIQ,small_airport,Aropa Airport,Kieta,PG,KIE,AYIQ,-6.305727,155.728249
35188,AYKA,small_airport,Losuia Airport,Losuia,PG,LSA,AYKA,-8.505820274353027,151.08099365234375
35185,AYKI,small_airport,Kiunga Airport,Kiunga,PG,UNG,AYKI,-6.1257100105285645,141.28199768066406
35184,AYKK,small_airport,Kikori Airport,Kikori,PG,KRI,AYKK,-7.42438,144.250076
60,AYKM,medium_airport,Kerema Airport,Kerema,PG,KMA,AYKM,-7.96361017227,145.770996094
61,AYKV,medium_airport,Kavieng Airport,Kavieng,PG,KVG,AYKV,-2.57940006256,150.807998657
31837,AYKY,small_airport,Londolovit Airport,Londolovit,PG,LNV,AYKY,-3.04361009598,152.628997803
62,AYMD,medium_airport,Madang Airport,Madang,PG,MAG,AYMD,-5.20707988739,145.789001465
63,AYMH,medium_airport,Mount Hagen Kagamuga Airport,Mount Hagen,PG,HGU,AYMH,-5.828212,144.299412
64,AYMN,medium_airport,Mendi Airport,Mendi,PG,MDU,AYMN,-6.14774,143.656998
65,AYMO,medium_airport,Momote Airport,Manus Island,PG,MAS,AYMO,-2.06189,147.423996
31981,AYMR,small_airport,Moro Airport,Moro,PG,MXH,AYMR,-6.36332988739,143.238006592
31911,AYMS,small_airport,Misima Island Airport,Misima Island,PG,MIS,AYMS,-10.6892004013,152.837997437
66,AYNZ,large_airport,Nadzab Tomodachi International Airport,Lae,PG,LAE,AYNZ,-6.567995,146.726544
35190,AYOB,small_airport,Obo Airport,Obo,PG,OBX,AYOB,-7.590622421369999,141.324262619
67,AYPY,large_airport,Port Moresby Jacksons International Airport,Port Moresby,PG,POM,AYPY,-9.44338035583496,147.22000122070312
309428,AYSS,small_airport,Sasereme Airport,Sasereme,PG,TDS,AYSS,-7.6217,142.868
32451,AYTA,small_airport,Tari Airport,Tari,PG,TIZ,AYTA,-5.845,142.947998
32425,AYTB,small_airport,Tabubil Airport,Tabubil,PG,TBG,AYTB,-5.280471,141.227576
307594,AYTI,small_airport,Tapini Airport,Tapini,PG,TPI,AYTI,-8.35666666667,146.989166667
68,AYTK,medium_airport,Tokua Airport,Kokopo,PG,RAB,AYTK,-4.34046,152.380005
35192,AYTU,small_airport,Tufi Airport,Tufi,PG,TFI,AYTU,-9.07595443726,149.319839478
69,AYVN,medium_airport,Vanimo Airport,Vanimo,PG,VAI,AYVN,-2.6926,141.3028
70,AYWD,medium_airport,Wapenamanda Airport,Wapenamanda,PG,WBM,AYWD,-5.635293,143.892231
71,AYWK,medium_airport,Wewak International Airport,Wewak,PG,WWK,AYWK,-3.58383011818,143.669006348
31697,BGAA,medium_airport,Aasiaat Airport,Aasiaat,GL,JEG,BGAA,68.721802,-52.784698
113,BGBW,heliport,Narsarsuaq Airport,Narsarsuaq,GL,UAK,BGBW,61.15958,-45.42469
35299,BGCH,heliport,Qasigiannguit Heliport,Qasigiannguit,GL,JCH,BGCH,68.822816,-51.173447
30839,BGCO,medium_airport,Neerlerit Inaat Airport,Neerlerit Inaat,GL,CNP,BGCO,70.743103,-22.650499
114,BGGH,large_airport,Nuuk International Airport,Nuuk,GL,GOH,BGGH,64.191066,-51.67914
44054,BGIG,heliport,Iginniarfik Heliport,Iginniarfik,GL,QFI,BGIG,68.14583,-53.16916
31694,BGJN,medium_airport,Ilulissat Airport,Ilulissat,GL,JAV,BGJN,69.243202,-51.057098
31786,BGKK,medium_airport,Kulusuk Airport,Kulusuk,GL,KUS,BGKK,65.573601,-37.1236
31711,BGMQ,small_airport,Maniitsoq Airport,Maniitsoq,GL,JSU,BGMQ,65.412498,-52.9394
44065,BGPT,small_airport,Paamiut Airport,Paamiut,GL,JFR,BGPT,62.014736,-49.670937
32004,BGQQ,medium_airport,Qaanaaq Airport,Qaanaaq,GL,NAQ,BGQQ,77.488602,-69.388702
115,BGSF,medium_airport,Kangerlussuaq International Airport,Kangerlussuaq,GL,SFJ,BGSF,67.010446,-50.715294
44069,BGSG,heliport,Sermiligaaq Heliport,Sermiligaaq,GL,SGG,BGSG,65.90592,-36.378254
44070,BGSI,heliport,Siorapaluk Heliport,Siorapaluk,GL,SRK,BGSI,77.786517,-70.638657
323783,BGSO,heliport,Saarloq Heliport,Saarloq,GL,QOQ,BGSO,60.537778,-46.024722
35301,BGSQ,heliport,Saqqaq Heliport,Saqqaq,GL,,BGSQ,70.011448,-51.932142
31700,BGSS,medium_airport,Sisimiut Airport,Sisimiut,GL,JHS,BGSS,66.951302,-53.729301
43222,BGST,heliport,Saattut Heliport,Saattut,GL,SAE,BGST,70.811172,-51.63129
44068,BGSV,heliport,Savissivik Heliport,Savissivik,GL,SVR,BGSV,76.018613,-65.117683
44075,BGTA,heliport,Tasiusaq Heliport,Tasiusaq,GL,TQA,BGTA,73.373055,-56.06028
116,BGTL,medium_airport,Pituffik Space Base,Pituffik,GL,THU,BGTL,76.53063,-68.700541
44076,BGTN,heliport,Tiniteqilaaq Heliport,Tiniteqilaaq,GL,TQI,BGTN,65.892027,-37.783409
44074,BGTQ,heliport,Tasiusaq Heliport,Tasiusak,GL,XEQ,BGTQ,60.194305,-44.813447
31713,BGUK,small_airport,Upernavik Airport,Upernavik,GL,JUV,BGUK,72.790199,-56.1306
43225,BGUM,heliport,Uummannaq Heliport,Uummannaq,GL,UMD,BGUM,70.680428,-52.11163
31709,BGUQ,small_airport,Qaarsut Airport,Uummannaq,GL,JQA,BGUQ,70.7342,-52.696201
43223,BGUT,heliport,Ukkusissat Heliport,Ukkusissat,GL,JUK,BGUT,71.049438,-51.890016
117,BIAR,large_airport,Akureyri International Airport,Akureyri,IS,AEY,BIAR,65.656573,-18.072018
119,BIEG,medium_airport,Egilsstaðir Airport,Egilsstaðir,IS,EGS,BIEG,65.2833023071289,-14.401399612426758
31549,BIGR,medium_airport,Grímsey Airport,Grímsey/Sandvík,IS,GRY,BIGR,66.5458,-18.0173
120,BIHN,medium_airport,Hornafjörður Airport,Höfn,IS,HFN,BIHN,64.295601,-15.2272
122,BIIS,medium_airport,Ísafjörður Airport,Ísafjörður,IS,IFJ,BIIS,66.058098,-23.1353
123,BIKF,large_airport,Keflavik International Airport,Reykjavík,IS,KEF,BIKF,63.985001,-22.6056
125,BIRK,medium_airport,Reykjavík Domestic Airport,Reykjavík,IS,RKV,BIRK,64.128732,-21.93759
127,BITN,small_airport,Þórshöfn Airport,Þórshöfn,IS,THO,BITN,66.218459,-15.334739
32593,BIVO,medium_airport,Vopnafjörður Airport,Vopnafjörður,IS,VPN,BIVO,65.720596,-14.8506
4614,BKPR,large_airport,Priština Adem Jashari International Airport,Prishtina,XK,PRN,BKPR,42.5728,21.035801
333222,BR-0569,medium_airport,Glauber de Andrade Rocha Airport,Vitória da Conquista,BR,VDC,SBVC,-14.907885,-40.914804
664,CBBC,medium_airport,Bella Bella (Campbell Island) Airport,Bella Bella,CA,ZEL,CBBC,52.185001,-128.156994
323881,CN-0062,medium_airport,Bazhong Enyang Airport,Bazhong,CN,BZX,ZUBZ,31.73842,106.644872
44157,CN-0079,medium_airport,Shaoguan Danxia Airport,Shaoguan,CN,HSC,ZGSG,24.9786,113.420998
44159,CN-0081,medium_airport,Jinggangshan Airport,Ji'an,CN,JGS,ZSGS,26.856899,114.737
44232,CN-0154,medium_airport,Jiaxing Nanhu Airport,"Xiuzhou, Hangzhou",CN,JNH,ZSJX,30.698056,120.663056
350882,CN-0236,medium_airport,Shigatse Tingri Airport,Xigazê (Dingri),CN,DDR,ZUDR,28.604567,86.798
350883,CN-0237,medium_airport,Tashikuergan Hongqilafu Airport,Tashikuergan,CN,HQL,ZWTK,37.661333,75.288877
355952,CN-0359,small_airport,Zhaosu Tianma Airport,Zhaosu,CN,ZFL,ZWZS,43.088477,81.223013
525153,CN-0415,small_airport,Hejing Bayinbuluke Airport,Hejing,CN,HJB,ZWHJ,42.976395,83.995543
525757,CN-0417,small_airport,Qitai Jiangbulake Airport,Qitai,CN,JBK,ZWQT,44.166086,89.55014
598595,CN-0476,medium_airport,Bengbu Tenghu Airport,Bengbu,CN,BFY,ZSBA,33.166292,117.058344
46596,CYAB,small_airport,Arctic Bay Airport,Arctic Bay,CA,YAB,CYAB,73.006101,-85.04616
1652,CYAC,small_airport,Cat Lake Airport,Cat Lake,CA,YAC,CYAC,51.7272,-91.824402
1654,CYAG,medium_airport,Fort Frances Municipal Airport,Fort Frances,CA,YAG,CYAG,48.655749,-93.44349
1656,CYAL,small_airport,Alert Bay Airport,Alert Bay,CA,YAL,CYAL,50.582199,-126.916
1657,CYAM,medium_airport,Sault Ste Marie Airport,Sault Ste Marie,CA,YAM,CYAM,46.483216,-84.508467
1658,CYAQ,medium_airport,Kasabonika Airport,Kasabonika,CA,XKS,CYAQ,53.52470016479492,-88.6427993774414
1659,CYAS,small_airport,Kangirsuk Airport,Kangirsuk,CA,YKG,CYAS,60.027199,-69.999199
1660,CYAT,small_airport,Attawapiskat Airport,Attawapiskat,CA,YAT,CYAT,52.927502,-82.4319
1662,CYAV,medium_airport,Winnipeg / St. Andrews Airport,Winnipeg/Saint Andrews,CA,,CYAV,50.0564,-97.032501
1664,CYAX,medium_airport,Lac du Bonnet Airport,Lac du Bonnet,CA,,CYAX,50.294399,-96.010002
1665,CYAY,medium_airport,St. Anthony Airport,St. Anthony,CA,YAY,CYAY,51.391909,-56.08321
1666,CYAZ,medium_airport,Tofino / Long Beach Airport,Tofino,CA,YAZ,CYAZ,49.079833,-125.775583
1668,CYBB,small_airport,Kugaaruk Airport,Kugaaruk,CA,YBB,CYBB,68.535711,-89.805508
1669,CYBC,medium_airport,Baie-Comeau Airport,Baie-Comeau,CA,YBC,CYBC,49.1325,-68.204399
1670,CYBD,medium_airport,Bella Coola Airport,Bella Coola,CA,QBC,CYBD,52.387501,-126.596001
1671,CYBE,small_airport,Uranium City Airport,Uranium City,CA,YBE,CYBE,59.561401,-108.481003
1672,CYBF,medium_airport,Bonnyville Airport,Bonnyville,CA,YBY,CYBF,54.304199,-110.744003
1673,CYBG,medium_airport,Saguenay-Bagotville Airport,Saguenay,CA,YBG,CYBG,48.330123,-70.992012
1674,CYBK,medium_airport,Baker Lake Airport,Baker Lake,CA,YBK,CYBK,64.29889678960001,-96.077796936
1675,CYBL,medium_airport,Campbell River Airport,Campbell River,CA,YBL,CYBL,49.950802,-125.271004
1677,CYBQ,small_airport,Tadoule Lake Airport,Tadoule Lake,CA,XTL,CYBQ,58.706308,-98.511057
1678,CYBR,medium_airport,Brandon Municipal Airport,Brandon,CA,YBR,CYBR,49.91,-99.951897
1679,CYBT,small_airport,Brochet Airport,Brochet,CA,YBT,CYBT,57.8894,-101.679001
1681,CYBV,small_airport,Berens River Airport,Berens River,CA,YBV,CYBV,52.358898,-97.018303
1683,CYBX,medium_airport,Lourdes-de-Blanc-Sablon Airport,Blanc-Sablon,CA,YBX,CYBX,51.4436,-57.185299
1684,CYCA,small_airport,Cartwright Airport,Cartwright,CA,YRF,CYCA,53.682501,-57.042303
1685,CYCB,medium_airport,Cambridge Bay Airport,Cambridge Bay,CA,YCB,CYCB,69.1081008911,-105.138000488
1687,CYCD,medium_airport,Nanaimo Airport,Nanaimo,CA,YCD,CYCD,49.05497,-123.869863
1689,CYCG,medium_airport,Castlegar/West Kootenay Regional Airport,Castlegar,CA,YCG,CYCG,49.296398,-117.632004
1691,CYCL,medium_airport,Charlo Airport,Charlo,CA,YCL,CYCL,47.990799,-66.330299
1693,CYCO,small_airport,Kugluktuk Airport,Kugluktuk,CA,YCO,CYCO,67.816408,-115.14307
1696,CYCR,small_airport,Cross Lake (Charlie Sinclair Memorial) Airport,Cross Lake,CA,YCR,CYCR,54.609758,-97.762442
1697,CYCS,small_airport,Chesterfield Inlet Airport,Chesterfield Inlet,CA,YCS,CYCS,63.346901,-90.731102
1701,CYCY,small_airport,Clyde River Airport,Clyde River,CA,YCY,CYCY,70.486099,-68.516701
1703,CYDA,medium_airport,Dawson City Airport,Dawson City,CA,YDA,CYDA,64.04309844970703,-139.1280059814453
1706,CYDF,medium_airport,Deer Lake Airport,Deer Lake,CA,YDF,CYDF,49.208159,-57.396147
1708,CYDL,small_airport,Dease Lake Airport,Dease Lake,CA,YDL,CYDL,58.422199,-130.031998
1710,CYDN,medium_airport,Dauphin Barker Airport,Dauphin,CA,YDN,CYDN,51.1008,-100.052002
1712,CYDP,small_airport,Nain Airport,Nain,CA,YDP,CYDP,56.550778,-61.682224
1717,CYEG,large_airport,Edmonton International Airport,Edmonton,CA,YEG,CYEG,53.3097,-113.580002
1718,CYEK,small_airport,Arviat Airport,Arviat,CA,YEK,CYEK,61.0942,-94.070801
1722,CYER,small_airport,Fort Severn Airport,Fort Severn,CA,YER,CYER,56.018902,-87.676102
1726,CYEV,medium_airport,Inuvik Mike Zubko Airport,Inuvik,CA,YEV,CYEV,68.30419921880001,-133.483001709
1728,CYFA,small_airport,Fort Albany Airport,Fort Albany,CA,YFA,CYFA,52.203451,-81.695194
1729,CYFB,medium_airport,Iqaluit Airport,Iqaluit,CA,YFB,CYFB,63.756402,-68.555801
1730,CYFC,medium_airport,Fredericton International Airport,Fredericton,CA,YFC,CYFC,45.868697,-66.529891
1733,CYFH,small_airport,Fort Hope Airport,Fort Hope,CA,YFH,CYFH,51.561901,-87.907799
1735,CYFO,small_airport,Flin Flon Airport,Flin Flon,CA,YFO,CYFO,54.678101,-101.681999
1737,CYFS,medium_airport,Fort Simpson Airport,Fort Simpson,CA,YFS,CYFS,61.76020050048828,-121.23699951171876
1738,CYFT,small_airport,Makkovik Airport,Makkovik,CA,YMN,CYFT,55.077335,-59.187942
1742,CYGH,small_airport,Fort Good Hope Airport,Fort Good Hope,CA,YGH,CYGH,66.240658,-128.647757
1744,CYGL,medium_airport,La Grande Rivière Airport,La Grande Rivière,CA,YGL,CYGL,53.625301361083984,-77.7042007446289
1746,CYGO,small_airport,Gods Lake Narrows Airport,Gods Lake Narrows,CA,YGO,CYGO,54.55768,-94.490061
1747,CYGP,medium_airport,Michel-Pouliot Gaspé Airport,Gaspé,CA,YGP,CYGP,48.774915,-64.481893
1749,CYGR,medium_airport,Îles-de-la-Madeleine Airport,Les Îles-de-la-Madeleine,CA,YGR,CYGR,47.425242,-61.778612
1750,CYGT,small_airport,Igloolik Airport,Igloolik,CA,YGT,CYGT,69.3647,-81.816101
1751,CYGV,medium_airport,Havre-Saint-Pierre Airport,Havre-Saint-Pierre,CA,YGV,CYGV,50.281898,-63.611401
1752,CYGW,medium_airport,Kuujjuarapik Airport,Kuujjuarapik,CA,YGW,CYGW,55.28189849853516,-77.76529693603516
1753,CYGX,small_airport,Gillam Airport,Gillam,CA,YGX,CYGX,56.35712,-94.711504
1754,CYGZ,small_airport,Grise Fiord Airport,Grise Fiord,CA,YGZ,CYGZ,76.425823,-82.908583
1755,CYHA,small_airport,Quaqtaq Airport,Quaqtaq,CA,YQC,CYHA,61.046398,-69.617798
28453,CYHC,seaplane_base,Vancouver Harbour Water Aerodrome,Vancouver,CA,CXH,CYHC,49.291265,-123.11717
1760,CYHH,small_airport,Nemiscau Airport,Nemiscau,CA,YNS,CYHH,51.691101,-76.135597
1761,CYHI,small_airport,Ulukhaktok Holman Airport,Ulukhaktok,CA,YHI,CYHI,70.762802,-117.806
1762,CYHK,small_airport,Gjoa Haven Airport,Gjoa Haven,CA,YHK,CYHK,68.635597,-95.849701
1763,CYHM,medium_airport,John C. Munro Hamilton International Airport,Hamilton,CA,YHM,CYHM,43.17348,-79.931185
1765,CYHO,small_airport,Hopedale Airport,Hopedale,CA,YHO,CYHO,55.448757,-60.228124
1465,CYHP,small_airport,Poplar Hill Airport,Poplar Hill,CA,YHP,CYHP,52.1133,-94.2556
1766,CYHR,small_airport,Chevery Airport,Chevery,CA,YHR,CYHR,50.468322,-59.637823
1768,CYHU,medium_airport,Montréal / Saint-Hubert Metropolitan Airport,Montréal,CA,YHU,CYHU,45.517502,-73.416901
1769,CYHY,medium_airport,Hay River / Merlyn Carter Airport,Hay River,CA,YHY,CYHY,60.8396987915,-115.782997131
1770,CYHZ,large_airport,Halifax / Stanfield International Airport,Halifax,CA,YHZ,CYHZ,44.8807983398,-63.5085983276
1773,CYIF,medium_airport,St Augustin Airport,St-Augustin,CA,YIF,CYIF,51.2117,-58.658298
1774,CYIK,small_airport,Ivujivik Airport,Ivujivik,CA,YIK,CYIK,62.417301,-77.925301
1775,CYIO,small_airport,Pond Inlet Airport,Pond Inlet,CA,YIO,CYIO,72.689494,-77.968941
1776,CYIV,medium_airport,Island Lake Airport,Island Lake,CA,YIV,CYIV,53.857200622558594,-94.65360260009766
1783,CYJT,medium_airport,Stephenville Dymond International Airport,Stephenville,CA,YJT,CYJT,48.54339,-58.552892
1784,CYKA,medium_airport,Kamloops John Moose Fulton Field Regional Airport,Kamloops,CA,YKA,CYKA,50.703038,-120.448641
1786,CYKD,small_airport,Aklavik/Freddie Carmichael Airport,Aklavik,CA,LAK,CYKD,68.223297,-135.00599
1787,CYKF,medium_airport,Region of Waterloo International Airport,Breslau,CA,YKF,CYKF,43.4608,-80.378601
1788,CYKG,small_airport,Kangiqsujuaq (Wakeham Bay) Airport,Kangiqsujuaq,CA,YWB,CYKG,61.5886,-71.929398
1790,CYKL,medium_airport,Schefferville Airport,Schefferville,CA,YKL,CYKL,54.805301666259766,-66.8052978515625
1791,CYKO,small_airport,Akulivik Airport,Akulivik,CA,AKV,CYKO,60.8186,-78.148598
1343,CYKP,small_airport,Ogoki Post Airport,Ogoki Post,CA,YOG,CYKP,51.6585998535,-85.9017028809
1792,CYKQ,small_airport,Waskaganish Airport,Waskaganish,CA,YKQ,CYKQ,51.473301,-78.758301
1796,CYLA,small_airport,Aupaluk Airport,Aupaluk,CA,YPJ,CYLA,59.2967,-69.599701
1798,CYLC,small_airport,Kimmirut Airport,Kimmirut,CA,YLC,CYLC,62.848253,-69.877853
1800,CYLH,small_airport,Lansdowne House Airport,Lansdowne House,CA,YLH,CYLH,52.195599,-87.934196
1802,CYLK,small_airport,Lutselk'e Airport,Lutselk'e,CA,YSG,CYLK,62.417823,-110.682793
1803,CYLL,medium_airport,Lloydminster Airport,Lloydminster,CA,YLL,CYLL,53.3092,-110.072998
1293,CYLS,medium_airport,Barrie-Lake Simcoe Regional Airport,Barrie,CA,YLK,CYLS,44.485056,-79.554663
1807,CYLU,small_airport,Kangiqsualujjuaq (Georges River) Airport,Kangiqsualujjuaq,CA,XGR,CYLU,58.711399,-65.992798
1808,CYLW,large_airport,Kelowna International Airport,Kelowna,CA,YLW,CYLW,49.9561,-119.377998
1812,CYMH,small_airport,Mary's Harbour Airport,Mary's Harbour,CA,YMH,CYMH,52.302837,-55.847433
1815,CYMM,medium_airport,Fort McMurray International Airport,Fort McMurray,CA,YMM,CYMM,56.653301,-111.222
1816,CYMO,medium_airport,Moosonee Airport,Moosonee,CA,YMO,CYMO,51.29109954833984,-80.60780334472656
1817,CYMT,medium_airport,Chapais Airport,Chibougamau,CA,YMT,CYMT,49.77190017700195,-74.5280990600586
1818,CYMU,small_airport,Umiujaq Airport,Umiujaq,CA,YUD,CYMU,56.536098,-76.518303
1820,CYMX,medium_airport,Montreal Mirabel International Airport,Montréal,CA,YMX,CYMX,45.679501,-74.038696
1822,CYNA,medium_airport,Natashquan Airport,Natashquan,CA,YNA,CYNA,50.190114,-61.78898
1823,CYNC,small_airport,Wemindji Airport,Wemindji,CA,YNC,CYNC,53.010601,-78.8311
1824,CYND,medium_airport,Ottawa / Gatineau Airport,Gatineau,CA,YND,CYND,45.521702,-75.563599
1825,CYNE,small_airport,Norway House Airport,Norway House,CA,YNE,CYNE,53.958302,-97.8442
1828,CYNL,medium_airport,Points North Landing Airport,Points North Landing,CA,YNL,CYNL,58.27669906616211,-104.08200073242188
1833,CYOC,small_airport,Old Crow Airport,Old Crow,CA,YOC,CYOC,67.570602,-139.839005
1835,CYOH,small_airport,Oxford House Airport,Oxford House,CA,YOH,CYOH,54.9333,-95.2789
1836,CYOJ,medium_airport,High Level Airport,High Level,CA,YOJ,CYOJ,58.62139892578125,-117.16500091552734
1840,CYOW,large_airport,Ottawa Macdonald-Cartier International Airport,Ottawa,CA,YOW,CYOW,45.322498,-75.669197
1842,CYPA,medium_airport,Prince Albert Glass Field,Prince Albert,CA,YPA,CYPA,53.2141990662,-105.672996521
1843,CYPC,small_airport,Paulatuk (Nora Aliqatchialuk Ruben) Airport,Paulatuk,CA,YPC,CYPC,69.360838,-124.07547
1845,CYPE,medium_airport,Peace River Airport,Peace River,CA,YPE,CYPE,56.226898,-117.446999
1847,CYPH,small_airport,Inukjuak Airport,Inukjuak,CA,YPH,CYPH,58.471901,-78.076897
1848,CYPK,medium_airport,Pitt Meadows Regional Airport,Pitt Meadows,CA,,CYPK,49.21488,-122.709294
1849,CYPL,medium_airport,Pickle Lake Airport,Pickle Lake,CA,YPL,CYPL,51.4463996887207,-90.21420288085938
1850,CYPM,small_airport,Pikangikum Airport,Pikangikum,CA,YPM,CYPM,51.819698,-93.973297
1851,CYPN,medium_airport,Port-Menier Airport,Port-Menier,CA,YPN,CYPN,49.836399,-64.288597
1852,CYPO,small_airport,Peawanuck Airport,Peawanuck,CA,YPO,CYPO,54.987932,-85.442648
1854,CYPQ,medium_airport,Peterborough Regional Airport,Peterborough,CA,YPQ,CYPQ,44.232251,-78.362053
1855,CYPR,medium_airport,Prince Rupert Airport,Prince Rupert,CA,YPR,CYPR,54.2860984802,-130.445007324
1859,CYPW,medium_airport,Powell River Airport,Powell River,CA,YPW,CYPW,49.83420181274414,-124.5
1860,CYPX,medium_airport,Puvirnituq Airport,Puvirnituq,CA,YPX,CYPX,60.050598,-77.286903
1861,CYPY,medium_airport,Fort Chipewyan Airport,Fort Chipewyan,CA,YPY,CYPY,58.7672004699707,-111.11699676513672
1862,CYPZ,medium_airport,Burns Lake Airport,Burns Lake,CA,YPZ,CYPZ,54.3764,-125.950996
1863,CYQA,medium_airport,Muskoka Airport,Gravenhurst,CA,YQA,CYQA,44.975376,-79.306546
1864,CYQB,large_airport,Quebec Jean Lesage International Airport,Quebec,CA,YQB,CYQB,46.7911,-71.393303
1865,CYQD,medium_airport,The Pas Airport,The Pas,CA,YQD,CYQD,53.97140121459961,-101.09100341796876
1867,CYQG,medium_airport,Windsor International Airport,Windsor,CA,YQG,CYQG,42.2756,-82.955597
1868,CYQH,medium_airport,Watson Lake Airport,Watson Lake,CA,YQH,CYQH,60.116839,-128.821993
1870,CYQK,medium_airport,Kenora Airport,Kenora,CA,YQK,CYQK,49.78829956054688,-94.36309814453124
1871,CYQL,medium_airport,Lethbridge County Airport,Lethbridge,CA,YQL,CYQL,49.6302986145,-112.800003052
1872,CYQM,medium_airport,Greater Moncton Roméo LeBlanc International Airport,Moncton,CA,YQM,CYQM,46.113189,-64.67719
1873,CYQN,medium_airport,Nakina Airport,Nakina,CA,YQN,CYQN,50.18280029296875,-86.69640350341797
1874,CYQQ,medium_airport,Comox Valley International Airport / CFB Comox,Comox,CA,YQQ,CYQQ,49.7108,-124.887001
1875,CYQR,medium_airport,Regina International Airport,Regina,CA,YQR,CYQR,50.431938,-104.660906
1877,CYQT,medium_airport,Thunder Bay International Airport,Thunder Bay,CA,YQT,CYQT,48.371899,-89.323898
1878,CYQU,medium_airport,Grande Prairie Airport,Grande Prairie,CA,YQU,CYQU,55.1796989441,-118.885002136
1881,CYQX,medium_airport,Gander International Airport,Gander,CA,YQX,CYQX,48.936258,-54.567719
1882,CYQY,medium_airport,Sydney / J.A. Douglas McCurdy Airport,Sydney,CA,YQY,CYQY,46.161072,-60.049759
1883,CYQZ,medium_airport,Quesnel Airport,Quesnel,CA,YQZ,CYQZ,53.026100158691406,-122.51000213623048
1884,CYRA,small_airport,Rae Lakes Airport,Gamètì,CA,YRA,CYRA,64.116096,-117.309998
1885,CYRB,medium_airport,Resolute Bay Airport,Resolute Bay,CA,YRB,CYRB,74.7169036865,-94.9693984985
1888,CYRJ,medium_airport,Roberval Airport,Roberval,CA,YRJ,CYRJ,48.519665,-72.265735
1889,CYRL,medium_airport,Red Lake Airport,Red Lake,CA,YRL,CYRL,51.06689834594727,-93.79309844970705
1891,CYRO,medium_airport,Ottawa / Rockcliffe Airport,Ottawa,CA,YRO,CYRO,45.460496,-75.644001
1894,CYRS,small_airport,Red Sucker Lake Airport,Red Sucker Lake,CA,YRS,CYRS,54.167198,-93.557198
1895,CYRT,medium_airport,Rankin Inlet Airport,Rankin Inlet,CA,YRT,CYRT,62.8114013672,-92.1157989502
1897,CYSB,medium_airport,Sudbury Airport,Sudbury,CA,YSB,CYSB,46.625,-80.79889678955078
1901,CYSF,medium_airport,Stony Rapids Airport,Stony Rapids,CA,YSF,CYSF,59.250301361083984,-105.84100341796876
1904,CYSJ,medium_airport,Saint John Airport,Saint John,CA,YSJ,CYSJ,45.31610107421875,-65.89029693603516
1905,CYSK,small_airport,Sanikiluaq Airport,Sanikiluaq,CA,YSK,CYSK,56.536891,-79.250221
1906,CYSL,medium_airport,Saint-Léonard Airport,Saint-Léonard,CA,YSL,CYSL,47.157097,-67.836242
1907,CYSM,medium_airport,Fort Smith Airport,Fort Smith,CA,YSM,CYSM,60.020302,-111.961998
1908,CYSN,medium_airport,Niagara District Airport,Niagara-on-the-Lake,CA,YCM,CYSN,43.191598,-79.171686
1912,CYST,small_airport,St. Theresa Point Airport,St. Theresa Point,CA,YST,CYST,53.845261,-94.851966
1915,CYSY,small_airport,Sachs Harbour (David Nasogaluak Jr. Saaryuaq) Airport,Sachs Harbour,CA,YSY,CYSY,71.993896,-125.242996
1918,CYTE,small_airport,Cape Dorset Airport,Kinngait,CA,YTE,CYTE,64.230003,-76.526703
1920,CYTH,medium_airport,Thompson Airport,Thompson,CA,YTH,CYTH,55.80110168457031,-97.86419677734376
1921,CYTL,small_airport,Big Trout Lake Airport,Big Trout Lake,CA,YTL,CYTL,53.817799,-89.896896
1923,CYTQ,small_airport,Tasiujaq Airport,Tasiujaq,CA,YTQ,CYTQ,58.667801,-69.955803
1925,CYTS,medium_airport,Timmins/Victor M. Power,Timmins,CA,YTS,CYTS,48.5696983337,-81.376701355
1926,CYTZ,medium_airport,Billy Bishop Toronto City Airport,Toronto,CA,YTZ,CYTZ,43.627852,-79.39553
1928,CYUL,large_airport,Montreal / Pierre Elliott Trudeau International Airport,Montréal,CA,YUL,CYUL,45.467837,-73.742294
1929,CYUT,small_airport,Naujaat Airport,Repulse Bay,CA,YUT,CYUT,66.521024,-86.225166
1930,CYUX,medium_airport,Hall Beach Airport,Sanirajak,CA,YUX,CYUX,68.7761,-81.2425
1931,CYUY,medium_airport,Rouyn Noranda Airport,Rouyn-Noranda,CA,YUY,CYUY,48.20610046386719,-78.83560180664062
1932,CYVB,medium_airport,Bonaventure Airport,Bonaventure,CA,YVB,CYVB,48.071098,-65.460297
1933,CYVC,medium_airport,La Ronge Airport,La Ronge,CA,YVC,CYVC,55.1514015198,-105.262001038
314953,CYVL,small_airport,Tommy Kochon Airport,Colville Lake,CA,YCK,CYVL,67.02015,-126.128364
1937,CYVM,small_airport,Qikiqtarjuaq Airport,Qikiqtarjuaq,CA,YVM,CYVM,67.54656,-64.03141
1938,CYVO,medium_airport,Val-d'Or Airport,Val-d'Or,CA,YVO,CYVO,48.0532989502,-77.7827987671
1939,CYVP,medium_airport,Kuujjuaq Airport,Kuujjuaq,CA,YVP,CYVP,58.096099853515625,-68.4269027709961
1940,CYVQ,medium_airport,Norman Wells Airport,Norman Wells,CA,YVQ,CYVQ,65.28160095214844,-126.7979965209961
1941,CYVR,large_airport,Vancouver International Airport,Vancouver,CA,YVR,CYVR,49.193901,-123.183998
1943,CYVV,medium_airport,Wiarton Airport,Wiarton,CA,YVV,CYVV,44.7458,-81.107201
1944,CYVZ,small_airport,Deer Lake Airport,Deer Lake,CA,YVZ,CYVZ,52.655613,-94.061208
954,CYWE,small_airport,Wekweètì Airport,Wekweètì,CA,YFJ,CYWE,64.190804,-114.077002
1946,CYWG,large_airport,Winnipeg / James Armstrong Richardson International Airport,Winnipeg,CA,YWG,CYWG,49.9099998474,-97.2398986816
1947,CYWH,seaplane_base,Victoria Harbour Seaplane Base,Victoria,CA,YWH,CYWH,48.423782,-123.37198
1948,CYWJ,small_airport,Déline Airport,Déline,CA,YWJ,CYWJ,65.211098,-123.435997
1949,CYWK,medium_airport,Wabush Airport,Wabush,CA,YWK,CYWK,52.92190170288086,-66.8644027709961
1950,CYWL,medium_airport,Williams Lake Airport,Williams Lake,CA,YWL,CYWL,52.1831016541,-122.054000854
1952,CYWP,small_airport,Webequie Airport,Webequie,CA,YWP,CYWP,52.959393,-87.374868
1955,CYXC,medium_airport,Cranbrook/Canadian Rockies International Airport,Cranbrook,CA,YXC,CYXC,49.610802,-115.781998
1957,CYXE,large_airport,Saskatoon John G. Diefenbaker International Airport,Saskatoon,CA,YXE,CYXE,52.170723,-106.700793
1958,CYXH,medium_airport,Medicine Hat Regional Airport,Medicine Hat,CA,YXH,CYXH,50.018902,-110.721001
1959,CYXJ,medium_airport,Fort St John / North Peace Regional Airport,Fort Saint John,CA,YXJ,CYXJ,56.238098,-120.739998
1960,CYXK,medium_airport,Rimouski Airport,Rimouski,CA,YXK,CYXK,48.477644,-68.496323
1961,CYXL,medium_airport,Sioux Lookout Airport,Sioux Lookout,CA,YXL,CYXL,50.11389923095703,-91.9052963256836
1962,CYXN,small_airport,Whale Cove Airport,Whale Cove,CA,YXN,CYXN,62.240002,-92.598099
1963,CYXP,small_airport,Pangnirtung Airport,Pangnirtung,CA,YXP,CYXP,66.144878,-65.713606
1966,CYXS,medium_airport,Prince George (International) Airport,Prince George,CA,YXS,CYXS,53.884311,-122.666554
1967,CYXT,medium_airport,Northwest Regional Airport Terrace-Kitimat,Terrace,CA,YXT,CYXT,54.468498,-128.576009
1968,CYXU,medium_airport,London International Airport,London,CA,YXU,CYXU,43.032845,-81.149003
1969,CYXX,medium_airport,Abbotsford International Airport,Abbotsford,CA,YXX,CYXX,49.025299,-122.361
1970,CYXY,medium_airport,Whitehorse / Erik Nielsen International Airport,Whitehorse,CA,YXY,CYXY,60.708533,-135.065705
1972,CYYB,medium_airport,North Bay Jack Garland Airport,North Bay,CA,YYB,CYYB,46.363602,-79.422798
1973,CYYC,large_airport,Calgary International Airport,Calgary,CA,YYC,CYYC,51.118822,-114.009933
1974,CYYD,medium_airport,Smithers Airport,Smithers,CA,YYD,CYYD,54.82469940185547,-127.18299865722656
1975,CYYE,medium_airport,Fort Nelson Airport,Fort Nelson,CA,YYE,CYYE,58.8363990784,-122.597000122
1976,CYYF,medium_airport,Penticton Airport,Penticton,CA,YYF,CYYF,49.46310043334961,-119.60199737548828
1977,CYYG,medium_airport,Charlottetown Airport,Charlottetown,CA,YYG,CYYG,46.288911,-63.125174
1978,CYYH,small_airport,Taloyoak Airport,Taloyoak,CA,YYH,CYYH,69.5467,-93.576698
1979,CYYJ,large_airport,Victoria International Airport,Victoria,CA,YYJ,CYYJ,48.647201,-123.427792
1980,CYYL,medium_airport,Lynn Lake Airport,Lynn Lake,CA,YYL,CYYL,56.86389923095703,-101.07599639892578
1984,CYYQ,medium_airport,Churchill Airport,Churchill,CA,YYQ,CYYQ,58.739200592041016,-94.06500244140624
1985,CYYR,medium_airport,Goose Bay Airport,Goose Bay,CA,YYR,CYYR,53.3191986084,-60.4258003235
1986,CYYT,large_airport,St. John's International Airport,St. John's,CA,YYT,CYYT,47.618599,-52.7519
1989,CYYY,medium_airport,Mont Joli Airport,Mont-Joli,CA,YYY,CYYY,48.60860061645508,-68.20809936523438
1990,CYYZ,large_airport,Toronto Pearson International Airport,Toronto,CA,YYZ,CYYZ,43.675935,-79.629421
1993,CYZF,medium_airport,Yellowknife International Airport,Yellowknife,CA,YZF,CYZF,62.462799,-114.440002
1994,CYZG,small_airport,Salluit Airport,Salluit,CA,YZG,CYZG,62.179401,-75.667198
1996,CYZP,medium_airport,Sandspit Airport,Sandspit,CA,YZP,CYZP,53.25429916379999,-131.813995361
1998,CYZS,medium_airport,Coral Harbour Airport,Coral Harbour,CA,YZS,CYZS,64.1932983398,-83.3593978882
1999,CYZT,medium_airport,Port Hardy Airport,Port Hardy,CA,YZT,CYZT,50.68059921264648,-127.36699676513672
2000,CYZU,medium_airport,Whitecourt Airport,Whitecourt,CA,YZU,CYZU,54.143902,-115.787003
2001,CYZV,medium_airport,Sept-Îles Airport,Sept-Îles,CA,YZV,CYZV,50.22330093383789,-66.2656021118164
2009,CZBD,small_airport,Ilford Airport,Ilford,CA,ILF,CZBD,56.051622,-95.61882
2010,CZBF,medium_airport,Bathurst Airport,South Tetagouche,CA,ZBF,CZBF,47.6297,-65.738899
2013,CZEM,small_airport,Eastmain River Airport,Eastmain River,CA,ZEM,CZEM,52.226398,-78.522499
2015,CZFD,small_airport,Fond-du-Lac Airport,Fond-du-Lac,CA,ZFD,CZFD,59.3344,-107.181999
2016,CZFG,small_airport,Pukatawagan Airport,Pukatawagan,CA,XPK,CZFG,55.749199,-101.265999
2017,CZFM,small_airport,Fort Mcpherson Airport,Fort Mcpherson,CA,ZFM,CZFM,67.406993,-134.860182
2018,CZFN,small_airport,Tulita Airport,Tulita,CA,ZFN,CZFN,64.909496,-125.570297
2020,CZGI,small_airport,Gods River Airport,Gods River,CA,ZGI,CZGI,54.839699,-94.078598
2025,CZKE,small_airport,Kashechewan Airport,Kashechewan,CA,ZKE,CZKE,52.282501,-81.677803
2027,CZMD,small_airport,Muskrat Dam Airport,Muskrat Dam,CA,MSA,CZMD,53.441399,-91.762802
2030,CZMT,medium_airport,Masset Airport,Masset,CA,ZMT,CZMT,54.0275,-132.125
2033,CZPB,small_airport,Sachigo Lake Airport,Sachigo Lake,CA,ZPB,CZPB,53.890885,-92.195935
2036,CZRJ,small_airport,Round Lake (Weagamow Lake) Airport,Round Lake,CA,ZRJ,CZRJ,52.9436,-91.312798
2037,CZSJ,medium_airport,Sandy Lake Airport,Sandy Lake,CA,ZSJ,CZSJ,53.06420135498047,-93.34439849853516
2038,CZSN,small_airport,South Indian Lake Airport,South Indian Lake,CA,XSI,CZSN,56.792801,-98.907204
2040,CZTA,small_airport,Bloodvein River Airport,Bloodvein River,CA,YDV,CZTA,51.784568,-96.692305
2041,CZTM,small_airport,Shamattawa Airport,Shamattawa,CA,ZTM,CZTM,55.86356,-92.081137
2043,CZUM,small_airport,Churchill Falls Airport,Churchill Falls,CA,ZUM,CZUM,53.5619010925293,-64.10639953613281
2045,CZWH,small_airport,Lac Brochet Airport,Lac Brochet,CA,XLB,CZWH,58.614279,-101.468954
2046,CZWL,small_airport,Wollaston Lake Airport,Wollaston Lake,CA,ZWL,CZWL,58.106899,-103.171997
2049,DAAE,large_airport,Soummam–Abane Ramdane Airport,Béjaïa,DZ,BJA,DAAE,36.712547,5.069909
2050,DAAG,large_airport,Houari Boumediene Airport,Algiers,DZ,ALG,DAAG,36.693886,3.214531
2051,DAAJ,large_airport,Tiska Djanet Airport,Djanet,DZ,DJG,DAAJ,24.285448,9.463652
2054,DAAP,medium_airport,Illizi Takhamalt Airport,Illizi,DZ,VVZ,DAAP,26.723499,8.62265
32193,DAAS,medium_airport,Ain Arnat Airport,Sétif,DZ,QSF,DAAS,36.178488,5.329909
2056,DAAT,large_airport,Aguenar – Hadj Bey Akhamok Airport,Tamanrasset,DZ,TMR,DAAT,22.810992,5.450832
2057,DAAV,large_airport,Jijel Ferhat Abbas Airport,Tahir,DZ,GJL,DAAV,36.794125,5.873652
2060,DABB,large_airport,Annaba Rabah Bitat Airport,Annaba,DZ,AAE,DABB,36.826781,7.81334
2061,DABC,large_airport,Mohamed Boudiaf International Airport,Constantine,DZ,CZL,DABC,36.276001,6.62039
2062,DABS,medium_airport,Cheikh Larbi Tébessi Airport,Tébessi,DZ,TEE,DABS,35.4315986633,8.12071990967
2063,DABT,large_airport,Batna Mostefa Ben Boulaid Airport,Batna,DZ,BLJ,DABT,35.752102,6.30859
2067,DAOF,medium_airport,Tindouf Airport,Tindouf,DZ,TIN,DAOF,27.7003993988,-8.167099952700001
2068,DAOI,large_airport,Chlef Aboubakr Belkaid International Airport,Chlef,DZ,CFK,DAOI,36.216614,1.341114
2070,DAON,large_airport,Zenata – Messali El Hadj Airport,Zenata,DZ,TLM,DAON,35.012732,-1.457117
2071,DAOO,large_airport,Oran Es-Sénia (Ahmed Ben Bella) International Airport,Es-Sénia,DZ,ORN,DAOO,35.620648,-0.622486
2072,DAOR,medium_airport,Béchar Boudghene Ben Ali Lotfi Airport,Béchar,DZ,CBH,DAOR,31.645700454711918,-2.269860029220581
30777,DATM,medium_airport,Bordj Badji Mokhtar Airport,Bordj Badji Mokhtar,DZ,BMW,DATM,21.3778,0.92698
2075,DAUA,medium_airport,Touat-Cheikh Sidi Mohamed Belkebir Airport,Adrar,DZ,AZR,DAUA,27.837601,-0.186414
2076,DAUB,large_airport,Biskra - Mohamed Khider Airport,Biskra,DZ,BSK,DAUB,34.79318,5.738899
2077,DAUE,medium_airport,El Golea Airport,El Menia,DZ,ELG,DAUE,30.580732,2.861595
2078,DAUG,medium_airport,Noumérat - Moufdi Zakaria Airport,El Atteuf,DZ,GHA,DAUG,32.384102,3.79411
2079,DAUH,medium_airport,Hassi Messaoud-Oued Irara Krim Belkacem Airport,Hassi Messaoud,DZ,HME,DAUH,31.673,6.14044
2080,DAUI,medium_airport,In Salah Airport,In Salah,DZ,INZ,DAUI,27.250999,2.51202
2081,DAUK,medium_airport,Touggourt Sidi Madhi Airport,Touggourt,DZ,TGR,DAUK,33.067799,6.08867
2083,DAUO,medium_airport,Guemar Airport - مطار قمار بالوادي,Guemar,DZ,ELU,DAUO,33.511398,6.77679
2084,DAUT,medium_airport,Timimoun Airport,Timimoun,DZ,TMX,DAUT,29.237101,0.276033
2085,DAUU,medium_airport,Ain Beida Airport,Ouargla,DZ,OGX,DAUU,31.9172,5.41278
2086,DAUZ,medium_airport,Zarzaitine - In Aménas Airport,In Aménas,DZ,IAM,DAUZ,28.0515,9.64291
2087,DBBB,large_airport,Cotonou Cadjehoun International Airport,Cotonou,BJ,COO,DBBB,6.35723,2.38435
315622,DEX,small_airport,Nop Goliat Dekai Airport,Dekai,ID,DEX,WAVD,-4.8557,139.482006
2088,DFFD,large_airport,Ouagadougou Thomas Sankara International Airport,Ouagadougou,BF,OUA,DFFD,12.3532,-1.51242
2089,DFOO,large_airport,Bobo Dioulasso Airport,Bobo Dioulasso,BF,BOY,DFOO,11.1601,-4.33097
2090,DGAA,large_airport,Kotoka International Airport,Accra,GH,ACC,DGAA,5.605189800262451,-0.1667860001325607
354173,DGAH,medium_airport,Ho Airport,Ho,GH,,DGAH,6.579691,0.532547
2091,DGLE,large_airport,Yakubu Tali International Airport,Tamale,GH,TML,DGLE,9.553909,-0.86606
2093,DGSI,large_airport,Prempeh I International Airport,Kumasi,GH,KMS,DGSI,6.71456,-1.59082
2094,DGSN,medium_airport,Sunyani Airport,Sunyani,GH,NYI,DGSN,7.36183,-2.32876
2095,DGTK,medium_airport,Takoradi Airport,Sekondi-Takoradi,GH,TKD,DGTK,4.896059989929199,-1.7747600078582764
2096,DIAP,large_airport,Félix-Houphouët-Boigny International Airport,Abidjan,CI,ABJ,DIAP,5.26139,-3.92629
2097,DIBK,medium_airport,Bouaké Airport,Bouaké,CI,BYK,DIBK,7.7388,-5.07367
2099,DIKO,medium_airport,Korhogo Airport,Korhogo,CI,HGO,DIKO,9.38718,-5.55666
2101,DISP,medium_airport,San Pedro Airport,,CI,SPY,DISP,4.74672,-6.66082
4971,DN57,medium_airport,Umaru Musa Yar'adua Airport,Katsina,NG,DKA,DNKT,13.0078,7.66045
2104,DNAA,large_airport,Nnamdi Azikiwe International Airport,Abuja,NG,ABV,DNAA,9.00679,7.26317
309668,DNAI,medium_airport,Akwa Ibom International Airport,Uyo,NG,QUO,DNAI,4.8725,8.093
2105,DNAK,medium_airport,Akure Airport,Akure,NG,AKR,DNAK,7.246739864349365,5.3010101318359375
525037,DNAN,small_airport,Chinua Achebe International Airport,Umuleri,NG,,DNAN,6.267167,6.871333
300781,DNAS,large_airport,Asaba International Airport,Asaba,NG,ABB,DNAS,6.204167,6.665278
323056,DNBC,large_airport,Sir Abubakar Tafawa Balewa Bauchi State International Airport,Bauchi,NG,BCU,DNBC,10.482833,9.744
2106,DNBE,medium_airport,Benin Airport,Benin,NG,BNI,DNBE,6.316979885101318,5.599500179290772
2107,DNCA,medium_airport,Margaret Ekpo International Airport,Calabar,NG,CBQ,DNCA,4.976019859313965,8.347200393676758
2108,DNEN,large_airport,Akanu Ibiam International Airport,Enegu,NG,ENU,DNEN,6.473718,7.560463
44578,DNGO,medium_airport,Gombe Lawanti International Airport,Gombe,NG,GMO,DNGO,10.298889,10.9
2110,DNIB,medium_airport,Ibadan Airport,Ibadan,NG,IBA,DNIB,7.362460136413574,3.97832989692688
2111,DNIL,large_airport,General Tunde Idiagbon International Airport,Ilorin/Ogbomosho,NG,ILR,DNIL,8.44021,4.49392
2112,DNIM,medium_airport,Sam Mbakwe International Cargo Airport,Owerri,NG,QOW,DNIM,5.42706,7.20603
2113,DNJO,medium_airport,Yakubu Gowon Airport,Jos,NG,JOS,DNJO,9.639829635620115,8.869050025939941
2114,DNKA,large_airport,Kaduna International Airport,Kaduna,NG,KAD,DNKA,10.696,7.32011
2115,DNKN,large_airport,Mallam Aminu Kano International Airport,Kano,NG,KAN,DNKN,12.045613,8.523566
2116,DNMA,large_airport,Maiduguri International Airport,Maiduguri,NG,MIU,DNMA,11.854163,13.080702
2117,DNMK,medium_airport,Makurdi Airport,Makurdi,NG,MDI,DNMK,7.70388,8.61394
2118,DNMM,large_airport,Murtala Muhammed International Airport,Lagos,NG,LOS,DNMM,6.57737,3.32116
2120,DNPO,large_airport,Port Harcourt International Airport,Port Harcourt,NG,PHC,DNPO,5.01549,6.94959
2121,DNSO,large_airport,Sadiq Abubakar III International Airport,Sokoto,NG,SKO,DNSO,12.915729,5.207547
32192,DNSU,medium_airport,Warri Airport,Okpe,NG,QRW,DNSU,5.59821,5.8187
2122,DNYO,medium_airport,Yola Airport,Yola,NG,YOL,DNYO,9.257550239562988,12.430399894714355
2125,DRRN,large_airport,Diori Hamani International Airport,Niamey,NE,NIM,DRRN,13.4815,2.18361
2130,DRZR,medium_airport,Zinder Airport,Zinder,NE,ZND,DRZR,13.779000282287598,8.983759880065918
2131,DTKA,medium_airport,Tabarka-Aïn Draham International Airport,Tabarka,TN,TBJ,DTKA,36.98,8.87694
2132,DTMB,medium_airport,Monastir Habib Bourguiba International Airport,Monastir,TN,MIR,DTMB,35.75809860229492,10.75469970703125
44483,DTNH,medium_airport,Enfidha - Hammamet International Airport,Enfidha,TN,NBE,DTNH,36.075833,10.438611
2133,DTTA,large_airport,Tunis Carthage International Airport,Tunis,TN,TUN,DTTA,36.851002,10.2272
2136,DTTF,medium_airport,Gafsa Ksar International Airport,Gafsa,TN,GAF,DTTF,34.422000885009766,8.822500228881836
2137,DTTG,medium_airport,Gabès Matmata International Airport,Gabès,TN,GAE,DTTG,33.733691,9.91941
2139,DTTJ,large_airport,Djerba Zarzis International Airport,Mellita,TN,DJE,DTTJ,33.873719,10.7773
2141,DTTX,medium_airport,Sfax Thyna International Airport,Sfax,TN,SFA,DTTX,34.717999,10.691
2142,DTTZ,medium_airport,Tozeur Nefta International Airport,Tozeur,TN,TOE,DTTZ,33.939701080322266,8.110560417175293
2144,DXXX,large_airport,Lomé–Tokoin International Airport,Lomé,TG,LFW,DXXX,6.16561,1.25451
2152,EBAW,medium_airport,Antwerp International Airport (Deurne),Antwerp,BE,ANR,EBAW,51.190667,4.463153
2155,EBBR,large_airport,Brussels Airport,Zaventem,BE,BRU,EBBR,50.901402,4.48444
2157,EBCI,large_airport,Brussels South Charleroi Airport,Charleroi,BE,CRL,EBCI,50.461963,4.459562
2162,EBLG,medium_airport,Liège Airport,Grâce-Hollogne,BE,LGG,EBLG,50.638574,5.443897
2163,EBOS,large_airport,Ostend-Bruges International Airport,Oostende,BE,OST,EBOS,51.1998,2.874673
2187,EDAH,medium_airport,Heringsdorf Airport,Zirchow,DE,HDF,EDAH,53.8787,14.1523
301881,EDDB,large_airport,Berlin Brandenburg Airport,Berlin,DE,BER,EDDB,52.361738,13.502341
2210,EDDC,large_airport,Dresden Airport,Dresden,DE,DRS,EDDC,51.134123,13.767831
2211,EDDE,large_airport,Erfurt-Weimar Airport,Erfurt,DE,ERF,EDDE,50.978281,10.960713
2212,EDDF,large_airport,Frankfurt Main Airport,Frankfurt am Main,DE,FRA,EDDF,50.026706,8.55835
2213,EDDG,large_airport,Münster Osnabrück Airport,Greven,DE,FMO,EDDG,52.133816,7.688482
2214,EDDH,large_airport,Hamburg Helmut Schmidt Airport,Hamburg,DE,HAM,EDDH,53.630402,9.98823
2216,EDDK,large_airport,Cologne Bonn Airport,Köln (Cologne),DE,CGN,EDDK,50.865898,7.14274
2217,EDDL,large_airport,Düsseldorf Airport,Düsseldorf,DE,DUS,EDDL,51.289501,6.76678
2218,EDDM,large_airport,Munich Airport,Munich,DE,MUC,EDDM,48.353802,11.7861
2219,EDDN,large_airport,Nuremberg Airport,Nuremberg,DE,NUE,EDDN,49.498699,11.078056
2220,EDDP,large_airport,Leipzig/Halle Airport,Schkeuditz,DE,LEJ,EDDP,51.420657,12.232705
2221,EDDR,medium_airport,Saarbrücken Airport,Saarbrücken,DE,SCN,EDDR,49.214545,7.109735
2222,EDDS,large_airport,Stuttgart Airport,Stuttgart,DE,STR,EDDS,48.689899,9.22196
2224,EDDV,large_airport,Hannover Airport,Hannover,DE,HAJ,EDDV,52.461102,9.68508
2225,EDDW,large_airport,Bremen Airport,Bremen,DE,BRE,EDDW,53.046786,8.78932
2227,EDFH,large_airport,Frankfurt-Hahn Airport,Frankfurt am Main (Lautzenhausen),DE,HHN,EDFH,49.946353,7.261734
2228,EDFM,medium_airport,Mannheim-City Airport,Mannheim,DE,MHG,EDFM,49.473057,8.514167
28742,EDHE,small_airport,Uetersen-Heist Airfield,Heist,DE,,EDHE,53.645477,9.703503
2236,EDHL,medium_airport,Lübeck Blankensee Airport,Lübeck,DE,LBC,EDHL,53.805401,10.7192
2237,EDJA,large_airport,Memmingen Allgau Airport,Memmingen,DE,FMM,EDJA,47.988092,10.238248
2244,EDLP,large_airport,Paderborn Lippstadt Airport,Büren,DE,PAD,EDLP,51.612527,8.617459
2246,EDLV,large_airport,Weeze (Niederrhein) Airport,Weeze,DE,NRN,EDLV,51.601362,6.141228
2247,EDLW,large_airport,Dortmund Airport,Dortmund,DE,DTM,EDLW,51.518299,7.61224
2256,EDNY,large_airport,Bodensee Airport Friedrichshafen,Friedrichshafen,DE,FDH,EDNY,47.671299,9.51149
2270,EDSB,large_airport,Karlsruhe Baden-Baden Airport,Rheinmünster,DE,FKB,EDSB,48.7794,8.0805
2285,EDVK,large_airport,Kassel Airport,Calden,DE,KSF,EDVK,51.418395,9.391638
2288,EDWE,small_airport,Emden Airport,Emden,DE,EME,EDWE,53.391109,7.2275
28751,EDWG,small_airport,Wangerooge Airport,Wangerooge,DE,AGE,EDWG,53.782544,7.919584
28614,EDWJ,small_airport,Juist Airport,Juist,DE,JUI,EDWJ,53.681421,7.056398
2291,EDWR,small_airport,Borkum Airport,Borkum,DE,BMK,EDWR,53.59639,6.709167
28668,EDWS,small_airport,Norden-Norddeich Airport,Norddeich,DE,NOD,EDWS,53.633057,7.190278
2292,EDWY,small_airport,Norderney Airport,Norderney,DE,NRD,EDWY,53.706944,7.23
28520,EDWZ,small_airport,Baltrum Airport,Baltrum,DE,BMR,EDWZ,53.72485,7.373257
28590,EDXB,small_airport,Heide-Büsum Airport,Oesterdeichstrich,DE,HEI,EDXB,54.153332,8.901667
28591,EDXH,small_airport,Helgoland-Düne Airport,Helgoland,DE,HGL,EDXH,54.18528,7.915833
28588,EDXP,small_airport,Harlesiel Airfield,Harlesiel,DE,,EDXP,53.706669,7.820278
2296,EDXW,medium_airport,Westerland Sylt Airport,Sylt,DE,GWT,EDXW,54.9132,8.34047
43020,EECL,heliport,Tallinn Linnahall Heliport,Tallinn,EE,CHE,EECL,59.448015,24.753313
2298,EEKA,medium_airport,Kärdla Airport,Kärdla,EE,KDL,EEKA,58.99079895019531,22.830699920654297
2299,EEKE,medium_airport,Kuressaare Airport,Kuressaare,EE,URE,EEKE,58.22990036010742,22.50950050354004
2300,EEPU,medium_airport,Pärnu Airport,Pärnu,EE,EPU,EEPU,58.41899871826172,24.47279930114746
30355,EERU,small_airport,Ruhnu Airfield,Ringsu,EE,,EERU,57.78559,23.262377
2301,EETN,large_airport,Lennart Meri Tallinn Airport,Tallinn,EE,TLL,EETN,59.413246,24.83264
2302,EETU,medium_airport,Tartu Airport,Tartu,EE,TAY,EETU,58.307438,26.686473
2303,EFET,medium_airport,Enontekio Airport,Enontekio,FI,ENF,EFET,68.362602233887,23.424299240112
2307,EFHK,large_airport,Helsinki Vantaa Airport,Helsinki (Vantaa),FI,HEL,EFHK,60.318363,24.963341
2314,EFIV,large_airport,Ivalo Airport,Ivalo,FI,IVL,EFIV,68.6073,27.4053
2315,EFJO,medium_airport,Joensuu Airport,Joensuu,FI,JOE,EFJO,62.658815,29.619398
2316,EFJY,medium_airport,Jyväskylä Airport,Jyväskylän Maalaiskunta,FI,JYV,EFJY,62.399502,25.678301
2318,EFKE,medium_airport,Kemi-Tornio Airport,Kemi / Tornio,FI,KEM,EFKE,65.778701782227,24.582099914551
2319,EFKI,medium_airport,Kajaani Airport,Kajaani,FI,KAJ,EFKI,64.2855,27.6924
2321,EFKK,medium_airport,Kokkola-Pietarsaari Airport,Kokkola / Kruunupyy,FI,KOK,EFKK,63.721199,23.143101
2324,EFKS,medium_airport,Kuusamo Airport,Kuusamo,FI,KAO,EFKS,65.987602,29.239401
2325,EFKT,large_airport,Kittilä International Airport,Kittilä,FI,KTT,EFKT,67.700996,24.8468
2326,EFKU,large_airport,Kuopio Airport,Kuopio / Siilinjärvi,FI,KUO,EFKU,63.007099,27.7978
2329,EFLP,large_airport,Lappeenranta Airport,Lappeenranta,FI,LPP,EFLP,61.044601,28.144743
2330,EFMA,large_airport,Mariehamn Airport,Mariehamn,FI,MHQ,EFMA,60.1222,19.898199
2334,EFOU,large_airport,Oulu Airport,Oulu / Oulunsalo,FI,OUL,EFOU,64.930099,25.354601
2336,EFPO,medium_airport,Pori Airport,Pori,FI,POR,EFPO,61.4617,21.799999
2341,EFRO,large_airport,Rovaniemi Airport,Rovaniemi,FI,RVN,EFRO,66.563327,25.829751
2343,EFSA,medium_airport,Savonlinna Airport,Savonlinna,FI,SVL,EFSA,61.9431,28.945101
2347,EFTP,large_airport,Tampere-Pirkkala Airport,Tampere / Pirkkala,FI,TMP,EFTP,61.414101,23.604401
2349,EFTU,large_airport,Turku Airport,Turku,FI,TKU,EFTU,60.514099,22.2628
2351,EFVA,large_airport,Vaasa Airport,Vaasa,FI,VAA,EFVA,63.05023,21.762543
2385,EGAA,large_airport,Belfast International Airport,Belfast,GB,BFS,EGAA,54.6575012207,-6.21582984924
2387,EGAC,medium_airport,George Best Belfast City Airport,Belfast,GB,BHD,EGAC,54.618099,-5.8725
2388,EGAE,medium_airport,City of Derry Airport,"Derry, Derry and Strabane",GB,LDY,EGAE,55.042801,-7.16111
2389,EGBB,large_airport,Birmingham Airport,"Birmingham, West Midlands",GB,BHX,EGBB,52.453899,-1.74803
2398,EGCC,large_airport,Manchester Airport,"Manchester, Greater Manchester",GB,MAN,EGCC,53.349375,-2.279521
2411,EGEC,medium_airport,Campbeltown Airport,Campbeltown,GB,CAL,EGEC,55.437199,-5.68639
29126,EGED,medium_airport,Eday Airport,Eday,GB,EOI,EGED,59.19060134887695,-2.7722198963165283
29127,EGEF,small_airport,Fair Isle Airport,Fair Isle,GB,FIE,EGEF,59.534721,-1.628509
29129,EGEN,small_airport,North Ronaldsay Airport,North Ronaldsay,GB,NRL,EGEN,59.3675003052,-2.43443989754
2412,EGEO,small_airport,Oban Airport,North Connel,GB,OBN,EGEO,56.463501,-5.39967
29130,EGEP,small_airport,Papa Westray Airport,"Papa Westray, Orkney Islands",GB,PPW,EGEP,59.351012,-2.900353
29131,EGER,small_airport,Stronsay Airport,Stronsay,GB,SOY,EGER,59.1553,-2.64139
29132,EGES,small_airport,Sanday Airport,Sanday,GB,NDY,EGES,59.250301,-2.57667
29133,EGET,small_airport,Lerwick / Tingwall Airport,"Lerwick, Shetland Islands",GB,LWK,EGET,60.1922,-1.24361
29134,EGEW,small_airport,Westray Airport,"Westray, Orkney Islands",GB,WRY,EGEW,59.350475,-2.950062
2415,EGFF,large_airport,Cardiff International Airport,Cardiff,GB,CWL,EGFF,51.396702,-3.34333
2417,EGGD,large_airport,Bristol Airport,Bristol,GB,BRS,EGGD,51.382326,-2.716453
2418,EGGP,large_airport,Liverpool John Lennon Airport,Liverpool,GB,LPL,EGGP,53.334863,-2.849637
2419,EGGW,large_airport,London Luton Airport,"Luton, Luton",GB,LTN,EGGW,51.874699,-0.368333
29139,EGHC,small_airport,Land's End Airport,"Land's End, Cornwall",GB,LEQ,EGHC,50.102798,-5.67056
29140,EGHE,small_airport,St. Mary's Airport,"St. Mary's, Isles of Scilly",GB,ISC,EGHE,49.913375,-6.291894
2421,EGHH,medium_airport,Bournemouth Airport,Bournemouth,GB,BOH,EGHH,50.780483,-1.839576
2422,EGHI,medium_airport,Southampton Airport,Southampton,GB,SOU,EGHI,50.950298,-1.3568
2404,EGHQ,medium_airport,Cornwall Airport Newquay,Newquay,GB,NQY,EGHQ,50.440601,-4.99541
2424,EGJA,medium_airport,Alderney Airport,Saint Anne,GG,ACI,EGJA,49.706104,-2.21472
2425,EGJB,medium_airport,Guernsey Airport,Saint Peter Port,GG,GCI,EGJB,49.435001,-2.60197
2426,EGJJ,medium_airport,Jersey Airport,St. Peter,JE,JER,EGJJ,49.207901,-2.19551
2429,EGKK,large_airport,London Gatwick Airport,London,GB,LGW,EGKK,51.148744,-0.185739
2430,EGLC,medium_airport,London City Airport,London,GB,LCY,EGLC,51.505299,0.055278
2434,EGLL,large_airport,London Heathrow Airport,London,GB,LHR,EGLL,51.470748,-0.459909
2435,EGMC,medium_airport,London Southend Airport,"Southend-on-Sea, Essex",GB,SEN,EGMC,51.570562,0.693627
2442,EGNJ,medium_airport,Humberside Airport,"Grimsby, Lincolnshire",GB,HUY,EGNJ,53.576152,-0.34954
2444,EGNM,large_airport,Leeds Bradford Airport,"Leeds, West Yorkshire",GB,LBA,EGNM,53.865898,-1.66057
2447,EGNS,large_airport,Isle of Man Airport,Castletown,IM,IOM,EGNS,54.083081,-4.623871
2448,EGNT,large_airport,Newcastle International Airport,"Newcastle upon Tyne, Tyne and Wear",GB,NCL,EGNT,55.037958,-1.689577
2449,EGNV,medium_airport,Teesside International Airport,"Darlington, Durham",GB,MME,EGNV,54.509201,-1.42941
2450,EGNX,large_airport,East Midlands Airport,"Nottingham, Leicestershire",GB,EMA,EGNX,52.8311,-1.32806
2456,EGPA,medium_airport,Kirkwall Airport,"Kirkwall, Orkney Islands",GB,KOI,EGPA,58.957903,-2.905077
2457,EGPB,medium_airport,Sumburgh Airport,"Lerwick, Shetland",GB,LSI,EGPB,59.878899,-1.29556
2458,EGPC,medium_airport,Wick John O'Groats Airport,Wick,GB,WIC,EGPC,58.4589,-3.09306
2459,EGPD,large_airport,Aberdeen International Airport,Aberdeen,GB,ABZ,EGPD,57.2019,-2.19778
2460,EGPE,medium_airport,Inverness Airport,Inverness,GB,INV,EGPE,57.5425,-4.0475
2461,EGPF,large_airport,Glasgow Airport,Glasgow,GB,GLA,EGPF,55.871899,-4.43306
2462,EGPH,large_airport,Edinburgh Airport,Edinburgh,GB,EDI,EGPH,55.950145,-3.372288
2463,EGPI,medium_airport,Islay Airport,"Isle of Islay, Argyll and Bute",GB,ILY,EGPI,55.682708,-6.257525
2464,EGPK,large_airport,Glasgow Prestwick Airport,"Prestwick, South Ayrshire",GB,PIK,EGPK,55.501499,-4.577182
2465,EGPL,medium_airport,Benbecula Airport,Balivanich,GB,BEB,EGPL,57.481098,-7.36278
2467,EGPN,medium_airport,Dundee Airport,Dundee,GB,DND,EGPN,56.452499,-3.02583
2468,EGPO,medium_airport,Stornoway Airport,"Stornoway, Western Isles",GB,SYY,EGPO,58.215599,-6.33111
29173,EGPR,medium_airport,Barra Airport,Eoligarry,GB,BRR,EGPR,57.0228,-7.44306
2469,EGPU,medium_airport,Tiree Airport,"Balemartine, Argyll and Bute",GB,TRE,EGPU,56.499199,-6.86917
2475,EGSH,medium_airport,Norwich Airport,"Norwich, Norfolk",GB,NWI,EGSH,52.6758,1.28278
2476,EGSS,large_airport,London Stansted Airport,"London, Essex",GB,STN,EGSS,51.884998,0.235
2481,EGTE,medium_airport,Exeter International Airport,"Exeter, Devon",GB,EXT,EGTE,50.734261,-3.413984
2512,EGYP,large_airport,Mount Pleasant Airport / RAF Mount Pleasant,Mount Pleasant,FK,MPN,EGYP,-51.822642,-58.445777
2513,EHAM,large_airport,Amsterdam Airport Schiphol,Amsterdam,NL,AMS,EHAM,52.308601,4.76389
2515,EHBK,large_airport,Maastricht Aachen Airport,Maastricht,NL,MST,EHBK,50.911087,5.769401
2518,EHEH,large_airport,Eindhoven Airport,Eindhoven,NL,EIN,EHEH,51.4500999451,5.37452983856
2519,EHGG,large_airport,Groningen Airport Eelde,Groningen,NL,GRQ,EHGG,53.119107,6.577652
2524,EHRD,large_airport,Rotterdam The Hague Airport,Rotterdam,NL,RTM,EHRD,51.956902,4.43722
27309,EICA,small_airport,Connemara Regional Airport,Inverin,IE,NNR,EICA,53.23030090332031,-9.467780113220217
2530,EICK,large_airport,Cork International Airport,Cork,IE,ORK,EICK,51.841301,-8.49111
2532,EIDL,medium_airport,Donegal Airport,Donegal,IE,CFN,EIDL,55.0442008972168,-8.340999603271484
2533,EIDW,large_airport,Dublin Airport,Dublin,IE,DUB,EIDW,53.428713,-6.262121
29221,EIIM,small_airport,Inishmore Aerodrome,Inis Mór,IE,IOR,EIIM,53.1067008972168,-9.653610229492188
29222,EIIR,small_airport,Inisheer Aerodrome,Inis Oírr,IE,INQ,EIIR,53.064701,-9.5109
2534,EIKN,large_airport,Ireland West Airport Knock,Charlestown,IE,NOC,EIKN,53.910439,-8.817002
2535,EIKY,medium_airport,Kerry Airport,Farranfore,IE,KIR,EIKY,52.180901,-9.52378
29226,EIMN,small_airport,Inishmaan Aerodrome,Inis Meáin,IE,IIA,EIMN,53.092999,-9.56806
2537,EINN,large_airport,Shannon Airport,Shannon,IE,SNN,EINN,52.702,-8.92482
29647,EKAE,small_airport,Ærø Airfield,Marstal,DK,,EKAE,54.852798,10.4564
2540,EKAH,large_airport,Aarhus Airport,Aarhus,DK,AAR,EKAH,56.303331,10.618286
29234,EKAT,small_airport,Anholt Airfield,Anholt,DK,,EKAT,56.698347,11.555718
2541,EKBI,large_airport,Billund Airport,Billund,DK,BLL,EKBI,55.740335,9.157019
2542,EKCH,large_airport,Copenhagen Kastrup Airport,Copenhagen,DK,CPH,EKCH,55.617900848389,12.656000137329
2543,EKEB,medium_airport,Esbjerg Airport,Esbjerg,DK,EBJ,EKEB,55.525902,8.5534
2546,EKKA,medium_airport,Midtjyllands Airport / Air Base Karup,Karup,DK,KRP,EKKA,56.297139,9.104311
2547,EKLS,small_airport,Læsø Airport,Læsø,DK,BYR,EKLS,57.277199,11.0001
2549,EKOD,large_airport,Odense Hans Christian Andersen Airport,Odense,DK,ODE,EKOD,55.475307,10.327206
2551,EKRK,medium_airport,Copenhagen Roskilde Airport,Roskilde,DK,RKE,EKRK,55.585602,12.1314
2552,EKRN,medium_airport,Bornholm Airport,Rønne,DK,RNN,EKRN,55.063301,14.7596
2553,EKSB,medium_airport,Sønderborg Airport,Sønderborg,DK,SGD,EKSB,54.96440124511719,9.791729927062988
2559,EKVG,large_airport,Vágar Airport,Vágar,FO,FAE,EKVG,62.063256,-7.275782
2562,EKYT,large_airport,Aalborg Airport,Aalborg,DK,AAL,EKYT,57.094763,9.84993
2563,ELLX,large_airport,Luxembourg-Findel International Airport,Luxembourg,LU,LUX,ELLX,49.626845,6.212134
2564,ENAL,large_airport,Ålesund Airport,Ålesund,NO,AES,ENAL,62.560443,6.110845
2565,ENAN,medium_airport,"Andøya Airport, Andenes",Andenes,NO,ANX,ENAN,69.295193,16.139379
2566,ENAT,medium_airport,Alta Airport,Alta,NO,ALF,ENAT,69.976097,23.3717
29254,ENBL,small_airport,"Førde Airport, Bringeland",Førde,NO,FDE,ENBL,61.391102,5.75694
2568,ENBN,medium_airport,"Brønnøysund Airport, Brønnøy",Brønnøy,NO,BNN,ENBN,65.461098,12.2175
2569,ENBO,large_airport,Bodø Airport,Bodø,NO,BOO,ENBO,67.269203,14.3653
2570,ENBR,large_airport,"Bergen Airport, Flesland",Bergen,NO,BGO,ENBR,60.2934,5.21814
2571,ENBS,medium_airport,Båtsfjord Airport,Båtsfjord,NO,BJF,ENBS,70.60025,29.692612
29255,ENBV,medium_airport,Berlevåg Airport,Berlevåg,NO,BVG,ENBV,70.871517,29.034097
2572,ENCN,large_airport,Kristiansand Airport,Kristiansand(Kjevik),NO,KRS,ENCN,58.204201,8.08537
2574,ENDU,medium_airport,Bardufoss Airport,Målselv,NO,BDU,ENDU,69.055801,18.5404
2575,ENEV,large_airport,Harstad/Narvik Airport,Evenes,NO,EVE,ENEV,68.491302,16.678101
2577,ENFL,medium_airport,Florø Airport,Florø,NO,FRO,ENFL,61.583599090576,5.0247201919556
2578,ENGM,large_airport,Oslo-Gardermoen International Airport,Oslo (Gardermoen),NO,OSL,ENGM,60.193901,11.1004
2579,ENHD,medium_airport,"Haugesund Airport, Karmøy",Karmøy,NO,HAU,ENHD,59.345299,5.20836
28115,ENHF,medium_airport,Hammerfest Airport,Hammerfest,NO,HFT,ENHF,70.679703,23.6686
2580,ENHK,small_airport,Hasvik Airport,Hasvik,NO,HAA,ENHK,70.486702,22.1397
29261,ENHV,medium_airport,"Honningsvåg Airport, Valan",Honningsvåg,NO,HVG,ENHV,71.009697,25.983601
2581,ENKB,medium_airport,"Kristiansund Airport, Kvernberget",Kvernberget,NO,KSU,ENKB,63.111801,7.82452
2583,ENKR,medium_airport,"Kirkenes Airport, Høybuktmoen",Kirkenes,NO,KKN,ENKR,69.7258,29.8913
29264,ENLK,medium_airport,Leknes Airport,Leknes,NO,LKN,ENLK,68.152496337891,13.609399795532
29265,ENMH,medium_airport,Mehamn Airport,Mehamn,NO,MEH,ENMH,71.029701,27.8267
2585,ENML,medium_airport,"Molde Airport, Årø",Årø,NO,MOL,ENML,62.744701,7.2625
2586,ENMS,medium_airport,"Mosjøen Airport, Kjærstad",Mosjøen,NO,MJF,ENMS,65.783997,13.2149
2587,ENNA,medium_airport,"Lakselv Airport, Banak",Lakselv,NO,LKL,ENNA,70.068802,24.973499
29267,ENNM,small_airport,Namsos Airport,Namsos,NO,OSY,ENNM,64.472198,11.5786
2589,ENOL,medium_airport,Ørland Airport,Ørland,NO,OLA,ENOL,63.69889831542969,9.604000091552734
28114,ENOV,medium_airport,"Ørsta-Volda Airport, Hovden",Ørsta,NO,HOV,ENOV,62.180000305176,6.0741000175476
29277,ENRA,medium_airport,"Mo i Rana Airport, Røssvoll",Mo i Rana,NO,MQN,ENRA,66.363899230957,14.301400184631
29278,ENRM,medium_airport,"Rørvik Airport, Ryum",Rørvik,NO,RVK,ENRM,64.838302612305,11.14610004425
2591,ENRO,medium_airport,Røros Airport,Røros,NO,RRS,ENRO,62.578399658203,11.342300415039
29279,ENRS,small_airport,Røst Airport,Røst,NO,RET,ENRS,67.526482,12.101575
2593,ENSB,medium_airport,"Svalbard Airport, Longyear",Longyearbyen,NO,LYR,ENSB,78.246101,15.4656
29280,ENSD,small_airport,"Sandane Airport, Anda",Sandane,NO,SDN,ENSD,61.830002,6.10583
28116,ENSG,small_airport,"Sogndal Airport, Haukåsen",Sogndal,NO,SOG,ENSG,61.156101,7.13778
29281,ENSH,medium_airport,"Svolvær Airport, Helle",Svolvær,NO,SVJ,ENSH,68.243301,14.6692
29282,ENSK,medium_airport,"Stokmarknes Airport, Skagen",Hadsel,NO,SKN,ENSK,68.578827,15.033417
2595,ENSO,medium_airport,"Stord Airport, Sørstokken",Leirvik,NO,SRP,ENSO,59.791901,5.34085
2596,ENSR,medium_airport,Sørkjosen Airport,Sørkjosen,NO,SOJ,ENSR,69.786797,20.9594
2597,ENSS,medium_airport,"Vardø Airport, Svartnes",Vardø,NO,VAW,ENSS,70.3554,31.044901
2598,ENST,medium_airport,"Sandnessjøen Airport, Stokka",Alstahaug,NO,SSJ,ENST,65.956802,12.4689
2599,ENTC,large_airport,Tromsø Airport,Tromsø,NO,TOS,ENTC,69.683296,18.9189
2600,ENTO,large_airport,"Sandefjord Airport, Torp",Sandefjord(Torp),NO,TRF,ENTO,59.186699,10.2586
2601,ENVA,large_airport,"Trondheim Airport, Værnes",Trondheim,NO,TRD,ENVA,63.457802,10.924
29284,ENVD,medium_airport,Vadsø Airport,Vadsø,NO,VDS,ENVD,70.0653,29.8447
2602,ENZV,large_airport,"Stavanger Airport, Sola",Stavanger,NO,SVG,ENZV,58.876701,5.63778
2604,EPBY,medium_airport,Ignacy Jan Paderewski Bydgoszcz Airport,Bydgoszcz,PL,BZG,EPBY,53.096802,17.977699
2608,EPGD,large_airport,Gdańsk Lech Wałęsa Airport,Gdańsk,PL,GDN,EPGD,54.377602,18.4662
2609,EPKK,large_airport,Kraków John Paul II International Airport,Balice,PL,KRK,EPKK,50.077702,19.7848
2613,EPKT,large_airport,Katowice Wojciech Korfanty International Airport,Katowice,PL,KTW,EPKT,50.476015,19.080705
309484,EPLB,large_airport,Lublin Airport,Lublin,PL,LUZ,EPLB,51.240157,22.713461
2616,EPLL,large_airport,Łódź Władysław Reymont Airport,Łódź,PL,LCJ,EPLL,51.721901,19.3981
2622,EPMO,large_airport,Warsaw Modlin Airport,Nowy Dwór Mazowiecki,PL,WMI,EPMO,52.451099,20.6518
2625,EPPO,large_airport,Poznań-Ławica Airport,Poznań,PL,POZ,EPPO,52.421598,16.823359
2628,EPRA,medium_airport,Warsaw Radom Airport,Radom,PL,RDO,EPRA,51.38937,21.214742
2629,EPRZ,large_airport,Rzeszów-Jasionka Airport,Jasionka,PL,RZE,EPRZ,50.109791,22.024155
2630,EPSC,large_airport,Solidarity Szczecin–Goleniów Airport,Szczecin(Glewice),PL,SZZ,EPSC,53.584702,14.9022
2635,EPSY,medium_airport,Olsztyn-Mazury Airport,Szymany,PL,SZY,EPSY,53.481899,20.9377
2637,EPWA,large_airport,Warsaw Chopin Airport,Warsaw,PL,WAW,EPWA,52.165699,20.9671
2638,EPWR,large_airport,Copernicus Wrocław Airport,Wrocław,PL,WRO,EPWR,51.103719,16.882096
2639,EPZG,medium_airport,Zielona Góra-Babimost Airport,Nowe Kramsko,PL,IEG,EPZG,52.1385,15.7986
2646,ESDF,medium_airport,Ronneby Airport,Ronneby,SE,RNB,ESDF,56.266701,15.265
2648,ESGG,large_airport,Göteborg Landvetter Airport,Göteborg,SE,GOT,ESGG,57.6628,12.2798
2649,ESGJ,medium_airport,Jönköping Airport,Jönköping,SE,JKG,ESGJ,57.757598876953125,14.068699836730955
2654,ESGT,medium_airport,Trollhättan-Vänersborg Airport,Trollhättan,SE,THN,ESGT,58.31809997558594,12.345000267028809
2659,ESKM,medium_airport,Mora Airport,Mora,SE,MXX,ESKM,60.957901,14.5114
2660,ESKN,large_airport,Stockholm Skavsta Airport,Nyköping,SE,NYO,ESKN,58.789656,16.911479
2668,ESMQ,medium_airport,Kalmar Airport,Kalmar,SE,KLR,ESMQ,56.685501,16.2876
2669,ESMS,large_airport,Malmö Sturup Airport,Malmö,SE,MMX,ESMS,55.535564,13.376327
2670,ESMT,medium_airport,Halmstad Airport,Halmstad,SE,HAD,ESMT,56.69110107421875,12.820199966430664
2672,ESMX,medium_airport,Växjö Kronoberg Airport,Växjö,SE,VXO,ESMX,56.92910003662109,14.727999687194824
2675,ESND,small_airport,Sveg Airport,Sveg,SE,EVG,ESND,62.047798,14.4229
2676,ESNG,medium_airport,Gällivare Airport,Gällivare,SE,GEV,ESNG,67.13240051269531,20.814599990844727
2679,ESNK,medium_airport,Kramfors-Sollefteå Höga Kusten Airport,Nyland,SE,KRF,ESNK,63.048599,17.7689
2680,ESNL,medium_airport,Lycksele Airport,Lycksele,SE,LYC,ESNL,64.548302,18.7162
2682,ESNN,medium_airport,Sundsvall-Härnösand Airport,Sundsvall/ Härnösand,SE,SDL,ESNN,62.528099060058594,17.443899154663086
2683,ESNO,medium_airport,Örnsköldsvik Airport,Örnsköldsvik,SE,OER,ESNO,63.40829849243164,18.989999771118164
2685,ESNQ,large_airport,Kiruna Airport,Kiruna,SE,KRN,ESNQ,67.821999,20.3368
2687,ESNS,medium_airport,Skellefteå Airport,Skellefteå,SE,SFT,ESNS,64.62480163574219,21.07690048217773
2689,ESNU,large_airport,Umeå Airport,Umeå,SE,UME,ESNU,63.791801,20.282801
2690,ESNV,medium_airport,Vilhelmina South Lapland Airport,Vilhelmina,SE,VHM,ESNV,64.579102,16.833599
2691,ESNX,medium_airport,Arvidsjaur Airport,Arvidsjaur,SE,AJR,ESNX,65.59030151367188,19.28190040588379
29358,ESNZ,medium_airport,Åre Östersund Airport,Östersund,SE,OSD,ESNZ,63.193546,14.504168
2693,ESOE,medium_airport,Örebro Airport,Örebro,SE,ORB,ESOE,59.22370147705078,15.038000106811523
2694,ESOH,small_airport,Hagfors Airport,Råda,SE,HFS,ESOH,60.0201,13.5789
2695,ESOK,medium_airport,Karlstad Airport,Karlstad,SE,KSD,ESOK,59.444698,13.3374
2696,ESOW,large_airport,Stockholm Västerås Airport,Stockholm / Västerås,SE,VST,ESOW,59.589401,16.6336
2697,ESPA,large_airport,Luleå Airport,Luleå,SE,LLA,ESPA,65.5438,22.122
2701,ESSA,large_airport,Stockholm-Arlanda Airport,Stockholm,SE,ARN,ESSA,59.64849,17.928829
2702,ESSB,medium_airport,Stockholm-Bromma Airport,Stockholm,SE,BMA,ESSB,59.354401,17.9417
2703,ESSD,medium_airport,Dala Airport,Borlange,SE,BLE,ESSD,60.422001,15.5152
2706,ESSL,large_airport,Linköping City Airport,Linköping,SE,LPI,ESSL,58.404909,15.684499
2707,ESSP,medium_airport,Norrköping Airport,Norrköping,SE,NRK,ESSP,58.58629989624024,16.250600814819336
2708,ESST,medium_airport,Torsby Airport,Torsby,SE,TYF,ESST,60.1576,12.9913
2710,ESSV,large_airport,Visby Airport,Visby,SE,VBY,ESSV,57.6628,18.346201
2711,ESTA,medium_airport,Ängelholm-Helsingborg Airport,Ängelholm,SE,AGH,ESTA,56.29610061645508,12.847100257873535
2715,ESUP,small_airport,Pajala Airport,Pajala,SE,PJA,ESUP,67.244569,23.074894
2716,ESUT,small_airport,Hemavan Airport,Hemavan,SE,HMV,ESUT,65.806099,15.0828
2734,ETMN,medium_airport,Sea-Airport Cuxhaven/Nordholz / Nordholz Naval Airbase,Wurster Nordseeküste,DE,FCN,ETMN,53.767689,8.659201
2739,ETNL,medium_airport,Rostock-Laage Airport,Laage,DE,RLG,ETNL,53.918201,12.2783
2758,EVRA,large_airport,Riga International Airport,Riga,LV,RIX,EVRA,56.920752,23.970711
2760,EYKA,large_airport,Kaunas International Airport,Kaunas,LT,KUN,EYKA,54.963965,24.08582
2762,EYPA,large_airport,Palanga International Airport,Palanga,LT,PLQ,EYPA,55.973202,21.093901
2766,EYVI,large_airport,Vilnius International Airport,Vilnius,LT,VNO,EYVI,54.634102,25.285801
2772,FABL,large_airport,Bram Fischer International Airport,Bloemfontein,ZA,BFN,FABL,-29.092699,26.302401
2775,FACT,large_airport,Cape Town International Airport,Cape Town,ZA,CPT,FACT,-33.97403,18.604333
2779,FAEL,large_airport,King Phalo Airport,East London,ZA,ELS,FAEL,-33.035599,27.825899
2783,FAGG,large_airport,George Airport,George,ZA,GRJ,FAGG,-34.0056,22.378902
29953,FAHT,medium_airport,Eastgate Airport / Air Force Base Hoedspruit,Hoedspruit,ZA,HDS,FAHS,-24.361864,31.052921
2794,FAKM,large_airport,Kimberley Airport,Kimberley,ZA,KIM,FAKM,-28.805401,24.764872
2795,FAKN,large_airport,Kruger Mpumalanga International Airport,Mbombela,ZA,MQP,FAKN,-25.383327,31.105325
2800,FALA,large_airport,Lanseria International Airport,Johannesburg,ZA,HLA,FALA,-25.938964,27.926642
300795,FALE,large_airport,King Shaka International Airport,Durban,ZA,DUR,FALE,-29.6144444444,31.1197222222
2809,FAMG,medium_airport,Margate Airport,Margate,ZA,MGH,FAMG,-30.8574008942,30.343000412
2812,FAMM,medium_airport,Mmabatho International Airport,Mafeking,ZA,MBD,FAMM,-25.798400878900004,25.5480003357
2815,FAMU,medium_airport,Mkuze Airport,Mkuze,ZA,MZQ,FAMU,-27.626101,32.0443
31055,FAOR,large_airport,O.R. Tambo International Airport,Johannesburg,ZA,JNB,FAOR,-26.140081,28.246801
2820,FAPE,large_airport,Chief Dawid Stuurman International Airport,Gqeberha (Port Elizabeth),ZA,PLZ,FAPE,-33.989715,25.617353
2822,FAPH,medium_airport,Hendrik Van Eck Airport,Phalaborwa,ZA,PHW,FAPH,-23.9372005463,31.1553993225
2823,FAPI,medium_airport,Pietersburg Municipal Airport,Polokwane,ZA,,FAPI,-23.9261,29.4844
2825,FAPM,medium_airport,Pietermaritzburg Airport,Pietermaritzburg,ZA,PZB,FAPM,-29.6490001678,30.3987007141
2827,FAPP,large_airport,Polokwane International Airport,Polokwane,ZA,PTG,FAPP,-23.845269,29.458615
2831,FARB,medium_airport,Richards Bay Airport,Richards Bay,ZA,RCB,FARB,-28.740999221800003,32.0920982361
2839,FASS,medium_airport,Sishen Airport,Sishen,ZA,SIS,FASS,-27.6486,22.9993
2841,FASZ,medium_airport,Skukuza Airport,Skukuza,ZA,SZK,FASZ,-24.96085,31.588587
2847,FAUP,medium_airport,Upington Airport,Upington,ZA,UTN,FAUP,-28.400246,21.263592
2848,FAUT,medium_airport,K. D. Matanzima Airport,Mthatha,ZA,UTT,FAUT,-31.5463631849,28.6733551025
2860,FBFT,large_airport,Phillip Gaonwe Matante International Airport,Francistown,BW,FRW,FBPM,-21.159183,27.468826
2862,FBKE,large_airport,Kasane International Airport,Kasane,BW,BBK,FBKE,-17.831653,25.166195
2863,FBMN,large_airport,Maun International Airport,Maun,BW,MUB,FBMN,-19.970491,23.431409
2864,FBSK,large_airport,Sir Seretse Khama International Airport,Gaborone,BW,GBE,FBSK,-24.555201,25.9182
30411,FBSW,small_airport,Shakawe Airport,Shakawe,BW,SWX,FBSW,-18.373899459838867,21.832599639892575
2868,FCBB,large_airport,Maya-Maya International Airport,Brazzaville,CG,BZV,FCBB,-4.2517,15.253
2871,FCPP,large_airport,Antonio Agostinho-Neto International Airport,Pointe Noire,CG,PNR,FCPP,-4.81603,11.8866
308033,FDSK,large_airport,King Mswati III International Airport,Mpaka,SZ,SHO,FDSK,-26.358611,31.716944
2873,FEFF,large_airport,Bangui M'Poko International Airport,Bangui,CF,BGF,FEFF,4.39848,18.518801
2875,FGBT,large_airport,Bata International Airport,Bata,GQ,BSG,FGBT,1.90547,9.80568
318497,FGMY,medium_airport,President Obiang Nguema International Airport,Mengomeyén,GQ,GEM,FGMY,1.676437,11.024904
2876,FGSL,large_airport,Malabo International Airport,Malabo,GQ,SSG,FGSL,3.75527,8.70872
2877,FHAW,medium_airport,RAF Ascension Island,Cat Hill,SH,ASI,FHAW,-7.970179,-14.392744
318444,FHSH,medium_airport,Saint Helena International Airport,Jamestown,SH,HLE,FHSH,-15.958898,-5.646066
2878,FIMP,large_airport,Sir Seewoosagur Ramgoolam International Airport,Plaine Magnien,MU,MRU,FIMP,-20.430201,57.683601
2879,FIMR,medium_airport,Sir Charles Gaetan Duval Airport,Port Mathurin,MU,RRG,FIMR,-19.756696,63.359326
2882,FKKD,large_airport,Douala International Airport,Douala,CM,DLA,FKKD,4.00608,9.71948
2883,FKKL,medium_airport,Salak Airport,Maroua,CM,MVR,FKKL,10.45139980316162,14.257399559020996
2885,FKKN,medium_airport,N'Gaoundéré Airport,N'Gaoundéré,CM,NGE,FKKN,7.357009887695312,13.559200286865234
2886,FKKR,large_airport,Garoua International Airport,Garoua,CM,GOU,FKKR,9.334785,13.372129
2890,FKYS,large_airport,Yaoundé Nsimalen International Airport,Yaoundé,CM,NSI,FKYS,3.72256,11.5533
30012,FLKS,small_airport,Kasama Airport,Kasama,ZM,KAA,FLKS,-10.210169,31.123045
2893,FLLI,large_airport,Harry Mwanga Nkumbula International Airport,Livingstone,ZM,LVI,FLHN,-17.821524,25.819642
2894,FLLS,large_airport,Kenneth Kaunda International Airport,Lusaka,ZM,LUN,FLKK,-15.330833,28.452722
2895,FLMF,large_airport,Mfuwe International Airport,Mfuwe,ZM,MFU,FLMF,-13.2589,31.9366
2897,FLND,medium_airport,Peter Zuze Air Force Base,Ndola,ZM,,FLND,-12.997222,28.663889
525659,FLSK,large_airport,Simon Mwansa Kapwepwe International Airport,Ndola,ZM,NLA,FLSK,-12.96513,28.515624
30427,FLSW,small_airport,Solwesi Airport,Solwesi,ZM,SLI,FLSW,-12.173700332641602,26.365100860595703
2901,FMCH,large_airport,Prince Said Ibrahim International Airport,Moroni,KM,HAH,FMCH,-11.5337,43.2719
2903,FMCV,medium_airport,Ouani Airport,Ouani,KM,AJN,FMCV,-12.131047,44.430044
2904,FMCZ,large_airport,Dzaoudzi Pamandzi International Airport,Dzaoudzi,YT,DZA,FMCZ,-12.809319,45.281815
2905,FMEE,large_airport,Roland Garros Airport,Sainte-Marie,RE,RUN,FMEE,-20.890087,55.518894
2906,FMEP,large_airport,Saint-Pierre Pierrefonds Airport,Saint-Pierre,RE,ZSE,FMEP,-21.319362,55.422506
2908,FMMI,large_airport,Ivato International Airport,Antananarivo,MG,TNR,FMMI,-18.7969,47.478802
2910,FMMS,medium_airport,Sainte Marie Airport,Vohilava,MG,SMS,FMMS,-17.093901,49.8158
2911,FMMT,large_airport,Toamasina Ambalamanasy Airport,Toamasina,MG,TMM,FMMT,-18.113537,49.392262
32678,FMMU,small_airport,Tambohorano Airport,Tambohorano,MG,WTA,FMMU,-17.476101,43.972801
2912,FMMV,medium_airport,Morondava Airport,Morondava,MG,MOQ,FMMV,-20.2847,44.3176
2913,FMNA,medium_airport,Arrachart Airport,Antisiranana,MG,DIE,FMNA,-12.3494,49.291698
2919,FMNM,large_airport,Amborovy Airport,Mahajanga,MG,MJN,FMNM,-15.666842,46.351233
2920,FMNN,large_airport,Nosy Be International Airport,Nosy Be,MG,NOS,FMNN,-13.3121,48.3148
30951,FMNO,small_airport,Soalala Airport,Soalala,MG,DWB,FMNO,-16.10169,45.358837
2921,FMNQ,medium_airport,Besalampy Airport,Besalampy,MG,BPY,FMNQ,-16.74453,44.482484
2922,FMNR,medium_airport,Maroantsetra Airport,Maroantsetra,MG,WMN,FMNR,-15.437742,49.689081
2923,FMNS,medium_airport,Sambava Airport,Sambava,MG,SVB,FMNS,-14.2786,50.174702
32481,FMNT,small_airport,Tsaratanana Airport,Tsaratanana,MG,TTS,FMNT,-16.751064,47.619016
2927,FMSD,medium_airport,Tôlanaro Airport,Tôlanaro,MG,FTU,FMSD,-25.038099,46.9561
2931,FMSM,medium_airport,Mananjary Airport,Mananjary,MG,MNJ,FMSM,-21.201799,48.358299
2933,FMST,medium_airport,Toliara Airport,Toliara,MG,TLE,FMST,-23.3834,43.7285
2934,FNBC,medium_airport,Mbanza Congo Airport,Mbanza Congo,AO,SSY,FNBC,-6.269899845123291,14.246999740600586
312665,FNBJ,large_airport,Dr. Antonio Agostinho Neto International Airport,Luanda (Ícolo e Bengo),AO,NBJ,FNBJ,-9.050734,13.499078
2936,FNCA,medium_airport,Cabinda Airport,Cabinda,AO,CAB,FNCA,-5.59839,12.188145
30813,FNCT,medium_airport,Catumbela Airport,Catumbela,AO,CBT,FNCT,-12.4792,13.4869
2937,FNDU,medium_airport,Dundo Airport,Chitato,AO,DUE,FNDU,-7.400889873504639,20.818500518798828
2938,FNGI,medium_airport,Ngjiva Pereira Airport,Ngiva,AO,VPE,FNGI,-17.0435009003,15.683799743700002
2939,FNHU,medium_airport,Albano Machado Airport,Huambo,AO,NOV,FNHU,-12.8089,15.7605
2942,FNLU,large_airport,Quatro de Fevereiro International Airport,Luanda,AO,LAD,FNLU,-8.85837,13.2312
2944,FNMA,medium_airport,Malanje Airport,Malanje,AO,MEG,FNMA,-9.525090217590332,16.312400817871094
2945,FNME,medium_airport,Menongue Airport,Menongue,AO,SPP,FNME,-14.657600402832031,17.71980094909668
2946,FNMO,medium_airport,Welwitschia Mirabilis International Airport,Moçâmedes,AO,MSZ,FNMO,-15.2612,12.1468
2947,FNNG,medium_airport,Negage Airport,Negage,AO,GXG,FNNG,-7.754509925842285,15.287699699401855
2950,FNSO,medium_airport,Soyo Airport,Soyo,AO,SZA,FNSO,-6.141089916229248,12.371800422668455
2952,FNUB,medium_airport,Lubango Mukanka International Airport,Lubango,AO,SDD,FNUB,-14.924839,13.576653
2959,FOGO,medium_airport,Oyem Airport,Oyem,GA,OYE,FOGO,1.5431100130081177,11.58139991760254
2963,FOOG,large_airport,Port Gentil International Airport,Port Gentil,GA,POG,FOOG,-0.711739,8.75438
2965,FOOK,medium_airport,Makokou Airport,Makokou,GA,MKU,FOOK,0.5792109966278076,12.890899658203123
2966,FOOL,large_airport,Libreville Leon M'ba International Airport,Libreville,GA,LBV,FOOL,0.458951,9.41214
2967,FOON,large_airport,M'Vengue El Hadj Omar Bongo Ondimba International Airport,Franceville,GA,MVB,FOON,-1.65616,13.438
2968,FPPR,medium_airport,Principe Airport,São Tomé & Príncipe,ST,PCP,FPPR,1.661155,7.411081
2969,FPST,large_airport,São Tomé International Airport,São Tomé,ST,TMS,FPST,0.378175,6.71215
2970,FQBR,large_airport,Beira International Airport,Beira,MZ,BEW,FQBR,-19.7964,34.9076
2971,FQCH,medium_airport,Chimoio Airport,Chimoio,MZ,VPY,FQCH,-19.15130043029785,33.42900085449219
2972,FQIN,medium_airport,Inhambane Airport,Inhambane,MZ,INH,FQIN,-23.8764,35.408501
2973,FQLC,medium_airport,Lichinga Airport,Lichinga,MZ,VXC,FQLC,-13.274,35.2663
2975,FQMA,large_airport,Maputo Airport,Maputo,MZ,MPM,FQMA,-25.920799,32.572601
2979,FQNC,medium_airport,Nacala International Airport,Nacala,MZ,MNC,FQNC,-14.4882,40.7122
2980,FQNP,large_airport,Nampula Airport,Nampula,MZ,APL,FQNP,-15.1056,39.281799
2981,FQPB,medium_airport,Pemba Airport,Pemba,MZ,POL,FQPB,-12.993302,40.524867
2982,FQQL,medium_airport,Quelimane Airport,Quelimane,MZ,UEL,FQQL,-17.855499267578125,36.86909866333008
2984,FQTT,large_airport,Tete Airport,Tete,MZ,TET,FQTT,-16.104799,33.640202
2986,FQVL,medium_airport,Vilankulo Airport,Vilanculo,MZ,VNX,FQVL,-22.018400192260746,35.31330108642578
32579,FQXA,small_airport,Xai-Xai Chongoene Airport,Xai-Xai,MZ,VJB,FQXA,-24.892909,33.753024
2990,FSAL,small_airport,Alphonse Airport,Alphonse Island,SC,,FSAL,-7.00478,52.7262
2993,FSIA,large_airport,Seychelles International Airport,Victoria,SC,SEZ,FSIA,-4.67434,55.521801
2994,FSPP,medium_airport,Praslin Island Airport,Praslin Island,SC,PRI,FSPP,-4.319256,55.691561
2996,FTTC,medium_airport,Abeche Airport,Abeche,TD,AEH,FTTC,13.847,20.844299
2998,FTTJ,large_airport,N'Djamena International Airport,N'Djamena,TD,NDJ,FTTJ,12.1337,15.034
3000,FVBU,large_airport,Joshua Mqabuko Nkomo International Airport,Bulawayo,ZW,BUQ,FVJN,-20.016284,28.622897
3004,FVFA,large_airport,Victoria Falls International Airport,Victoria Falls,ZW,VFA,FVFA,-18.097437,25.836867
3006,FVKB,medium_airport,Kariba Airport,Kariba,ZW,KAB,FVKB,-16.5198,28.885
3015,FWCL,large_airport,Chileka International Airport,Blantyre,MW,BLZ,FWCL,-15.677189,34.972319
3018,FWKI,large_airport,Kamuzu International Airport,Lumbadzi,MW,LLW,FWKI,-13.7894,33.780998
3022,FXMM,large_airport,Moshoeshoe I International Airport,Maseru(Mazenod),LS,MSU,FXMM,-29.456277,27.554456
312717,FYHI,small_airport,Halali Airport,Halali,,HAL,FYHI,-19.0285,16.4585
3027,FYKM,medium_airport,Katima Mulilo Airport,Mpacha,,MPA,FYKM,-17.634258,24.176688
3029,FYLZ,medium_airport,Luderitz Airport,Luderitz,,LUD,FYLZ,-26.687400817871094,15.242899894714355
326993,FYNG,small_airport,Ongava Lodge Airstrip,Ombika,,,FYNG,-19.328533,15.915003
3031,FYOA,medium_airport,Ondangwa Airport,Ondangwa,,OND,FYOA,-17.878201,15.9526
3032,FYOG,medium_airport,Oranjemund Airport,Oranjemund,,OMD,FYOG,-28.585318,16.44638
3035,FYRU,medium_airport,Rundu Airport,Rundu,,NDU,FYRU,-17.956499,19.7194
595415,FYTF,medium_airport,Twyfelfontein Airport,Twyfelfontein,,,FYTF,-20.54424,14.35879
3037,FYWB,large_airport,Walvis Bay International Airport,Walvis Bay(Rooikop),,WVB,FYWB,-22.979332,14.647102
3038,FYWE,medium_airport,Eros Airport,Windhoek,,ERS,FYWE,-22.60492,17.079002
3039,FYWH,large_airport,Hosea Kutako International Airport,Windhoek,,WDH,FYWH,-22.4799,17.4709
3040,FZAA,large_airport,Ndjili International Airport,Kinshasa,CD,FIH,FZAA,-4.38575,15.4446
31679,FZBA,small_airport,Inongo Airport,Inongo,CD,INO,FZBA,-1.94722,18.285801
3044,FZBO,medium_airport,Bandundu Airport,Bandundu,CD,FDU,FZBO,-3.31132,17.381701
3045,FZCA,medium_airport,Kikwit Airport,Kikwit,CD,KKW,FZCA,-5.03577,18.785601
3046,FZEA,medium_airport,Mbandaka Airport,Mbandaka,CD,MDK,FZEA,0.0226000007242,18.2887001038
3047,FZFD,medium_airport,Gbadolite Airport,Gbadolite,CD,BDT,FZFD,4.252745,20.975271
3048,FZFK,medium_airport,Gemena Airport,Gemena,CD,GMA,FZFK,3.23537,19.771299
30779,FZGN,small_airport,Boende Airport,Boende,CD,BNB,FZGN,-0.286652,20.883551
3052,FZIC,large_airport,Bangoka International Airport,Kisangani,CD,FKI,FZIC,0.481639,25.337999
3053,FZJH,medium_airport,Matari Airport,Isiro,CD,IRP,FZJH,2.82761,27.588301
3054,FZKA,medium_airport,Bunia Airport,Bunia,CD,BUX,FZKA,1.565743,30.220685
3057,FZNA,large_airport,Goma International Airport,Goma,CD,GOM,FZNA,-1.666758,29.238037
3058,FZOA,medium_airport,Kindu Airport,Kindu,CD,KND,FZOA,-2.91917991638,25.9153995514
3059,FZQA,large_airport,Lubumbashi International Airport,Lubumbashi,CD,FBM,FZQA,-11.591494,27.530753
3060,FZQM,medium_airport,Kolwezi Airport,Kolwezi,CD,KWZ,FZQM,-10.7659,25.505699
3061,FZRF,medium_airport,Kalemie Airport,Kalemie,CD,FMI,FZRF,-5.87556,29.25
31455,FZSB,small_airport,Kamina City Airport,Kamina,CD,KMN,FZSB,-8.728878,24.991407
3063,FZUA,medium_airport,Kananga Airport,Kananga,CD,KGA,FZUA,-5.90005,22.4692
31484,FZVJ,small_airport,Tshumbe Airport,Tshumbe,CD,,FZVJ,-4.039285,24.365616
32156,FZVS,small_airport,Ilebo Airport,Ilebo,CD,PFR,FZVS,-4.329919,20.590124
3064,FZWA,medium_airport,Mbuji Mayi Airport,Mbuji Mayi,CD,MJM,FZWA,-6.121240139010001,23.5690002441
35322,GA-GAX,small_airport,Gamba Airport,Gamba,GA,GAX,FOGX,-2.785278,10.047222
3066,GABS,large_airport,Modibo Keita International Airport,Bamako,ML,BKO,GABS,12.5335,-7.94994
3067,GAGO,medium_airport,Gao International Airport,Gao,ML,GAQ,GAGO,16.248466,-0.005389
3068,GAKY,medium_airport,Kayes Dag Dag Airport,Kayes,ML,KYS,GAKD,14.482521,-11.399335
3069,GAMB,medium_airport,Mopti Airport,Sévaré,ML,MZI,GAMB,14.5128,-4.07956
3071,GATB,large_airport,Tombouktou Airport,Timbuktu,ML,TOM,GATB,16.730499,-3.00758
595235,GB-1327,heliport,Penzance Heliport,"Penzance, Cornwall",GB,PZE,EGHK,50.130376,-5.513946
3076,GBYD,large_airport,Banjul International Airport,Banjul (Yundum),GM,BJL,GBYD,13.338,-16.652201
3077,GCFV,large_airport,Fuerteventura Airport,El Matorral,ES,FUE,GCFV,28.4527,-13.8638
3078,GCGM,small_airport,La Gomera Airport,"Alajero, La Gomera Island",ES,GMZ,GCGM,28.0296,-17.2146
3079,GCHI,medium_airport,El Hierro Airport,El Hierro Island,ES,VDE,GCHI,27.8148,-17.8871
3080,GCLA,medium_airport,La Palma Airport,"Sta Cruz de la Palma, La Palma Island",ES,SPC,GCLA,28.626499,-17.7556
3081,GCLP,large_airport,Gran Canaria Airport,Gran Canaria Island,ES,LPA,GCLP,27.9319,-15.3866
3082,GCRR,large_airport,César Manrique-Lanzarote Airport,San Bartolomé,ES,ACE,GCRR,28.945499,-13.6052
3083,GCTS,large_airport,Tenerife Sur Airport,Tenerife,ES,TFS,GCTS,28.0445,-16.5725
3084,GCXO,large_airport,Tenerife Norte-Ciudad de La Laguna Airport,Tenerife,ES,TFN,GCXO,28.482752,-16.341707
35151,GECE,heliport,Ceuta Heliport,Ceuta,ES,JCU,GECE,35.892657,-5.306321
3093,GEML,medium_airport,Melilla Airport,Melilla,ES,MLN,GEML,35.2798,-2.95626
3095,GFLL,large_airport,Lungi International Airport,Freetown (Lungi-Town),SL,FNA,GFLL,8.61644,-13.1955
3097,GGOV,large_airport,Osvaldo Vieira International Airport,Bissau,GW,OXB,GGOV,11.894262,-15.653596
429724,GL-0012,medium_airport,Qaqortoq Airport,Qaqortoq,GL,JJU,BGQO,60.76383,-46.065001
3098,GLMR,medium_airport,Spriggs Payne Airport,Monrovia,LR,MLW,GLMR,6.28906,-10.7587
3099,GLRB,large_airport,Roberts International Airport,Monrovia,LR,ROB,GLRB,6.23379,-10.3623
3101,GMAD,large_airport,Al Massira Airport,Agadir (Temsia),MA,AGA,GMAD,30.322478,-9.412003
3102,GMAT,medium_airport,Tan Tan Airport,Tan Tan,MA,TTA,GMAT,28.447563,-11.161749
429847,GMAZ,large_airport,Zagora Airport,Zagora,MA,OZG,GMAZ,30.265788,-5.860808
3103,GMFF,large_airport,Fes Saïss International Airport,Saïss,MA,FEZ,GMFF,33.927299,-4.97796
3105,GMFK,medium_airport,Moulay Ali Cherif Airport,Errachidia,MA,ERH,GMFK,31.9475002289,-4.39833021164
3107,GMFO,large_airport,Oujda Angads Airport,Ahl Angad,MA,OUD,GMFO,34.789558,-1.926041
3108,GMMA,medium_airport,Smara Airport,Smara,EH,SMW,GMMA,26.731987,-11.683655
29694,GMMD,large_airport,Beni Mellal Airport,Oulad Yaich,MA,BEM,GMMD,32.401895,-6.315905
3109,GMME,large_airport,Rabat-Salé Airport,Rabat,MA,RBA,GMME,34.051498,-6.75152
3110,GMMH,large_airport,Dakhla Airport,Dakhla,EH,VIL,GMMH,23.7183,-15.932
3111,GMMI,medium_airport,Essaouira-Mogador Airport,Essaouira,MA,ESU,GMMI,31.397499,-9.68167
3112,GMML,large_airport,Laayoune Hassan I International Airport,El Aaiún,EH,EUN,GMML,27.142467,-13.224947
3113,GMMN,large_airport,Mohammed V International Airport,Casablanca,MA,CMN,GMMN,33.3675,-7.58997
3114,GMMW,large_airport,Nador Al Aaroui International Airport,Al Aaroui,MA,NDR,GMMW,34.9888,-3.02821
3115,GMMX,large_airport,Marrakesh Menara Airport,Marrakesh,MA,RAK,GMMX,31.604807,-8.035788
3117,GMMZ,large_airport,Ouarzazate International Airport,Ouarzazate,MA,OZZ,GMMZ,30.9391,-6.90943
3120,GMTN,large_airport,Sania Ramel Airport,Tétouan,MA,TTU,GMTN,35.594299,-5.32002
3121,GMTT,large_airport,Tangier Ibn Battuta Airport,Tangier,MA,TNG,GMTT,35.731741,-5.921459
325736,GOBD,large_airport,Blaise Diagne International Airport,Dakar,SN,DSS,GOBD,14.670878,-17.072829
3122,GOGG,medium_airport,Ziguinchor Airport,Ziguinchor,SN,ZIG,GOGG,12.55559,-16.283298
3123,GOGS,medium_airport,Cap Skirring Airport,Cap Skirring,SN,CSK,GOGS,12.39533,-16.748
3125,GOOY,large_airport,Léopold Sédar Senghor International Airport,Dakar,SN,DKR,GOOY,14.742337,-17.479222
323315,GQNO,large_airport,Nouakchott–Oumtounsy International Airport,Nouakchott,MR,NKC,GQNO,18.31,-15.969722
3138,GQPP,large_airport,Nouadhibou International Airport,Nouadhibou,MR,NDB,GQPP,20.932404,-17.030199
32135,GQPZ,medium_airport,Tazadit Airport,Zouérate,MR,OUZ,GQPZ,22.757345,-12.482228
3146,GUCY,large_airport,Ahmed Sékou Touré International Airport,Conakry,GN,CKY,GUCY,9.57689,-13.612
3150,GVAC,large_airport,Amílcar Cabral International Airport,Espargos,CV,SID,GVAC,16.7414,-22.9494
3151,GVBA,large_airport,Aristides Pereira International Airport,Rabil,CV,BVC,GVBA,16.136499,-22.888901
3152,GVMA,medium_airport,Maio Airport,Vila do Maio,CV,MMO,GVMA,15.15590000152588,-23.213699340820312
3153,GVNP,large_airport,Nelson Mandela International Airport,Praia,CV,RAI,GVNP,14.941126,-23.484728
32287,GVSF,small_airport,São Filipe Airport,São Filipe,CV,SFL,GVSF,14.8850002289,-24.4799995422
3154,GVSN,medium_airport,Preguiça Airport,Preguiça,CV,SNE,GVSN,16.588852,-24.284132
3155,GVSV,large_airport,Cesaria Evora International Airport,São Pedro,CV,VXE,GVSV,16.833363,-25.055308
3157,HAAB,large_airport,Addis Ababa Bole International Airport,Addis Ababa,ET,ADD,HAAB,8.97789,38.799301
3159,HAAM,medium_airport,Arba Minch Airport,Arba Minch,ET,AMH,HAAM,6.03939,37.5905
3160,HAAX,medium_airport,Axum Airport,Axum,ET,AXU,HAAX,14.1468,38.7728
3161,HABD,medium_airport,Bahir Dar Airport,Bahir Dar,ET,BJR,HABD,11.6081,37.321602
507651,HADC,small_airport,Kombolcha Airport,Dessie,ET,DSE,HADC,11.10975,39.725911
30885,HADD,small_airport,Dembidollo Airport,Dembidollo,ET,DEM,HADD,8.554,34.858002
3162,HADR,large_airport,Aba Tenna Dejazmach Yilma International Airport,Dire Dawa,ET,DIR,HADR,9.623549,41.855027
3163,HAGM,medium_airport,Gambela Airport,Gambela,ET,GMB,HAGM,8.12876,34.563099
3164,HAGN,medium_airport,Gondar Airport,Azezo,ET,GDQ,HAGN,12.5199,37.433998
3165,HAGO,medium_airport,Gode Airport,Gode,ET,GDE,HAGO,5.93513011932,43.5786018372
313314,HAJJ,large_airport,Gerad Wilwal International Airport,Jijiga,ET,JIJ,HAJJ,9.331907,42.911811
525781,HAJK,medium_airport,Jinka Airport,Jinka,ET,BCO,HABC,5.749655,36.560165
3166,HAJM,medium_airport,Jimma Airport,Jimma,ET,JIM,HAJM,7.66609001159668,36.81660079956055
30612,HAKD,medium_airport,Kebri Dahar Airport,Kebri Dahar,ET,ABK,HAKD,6.732577,44.241339
30664,HALA,large_airport,Hawassa International Airport,Hawassa,ET,AWA,HALA,7.100611,38.396455
3168,HAMK,medium_airport,Mekele Alula Aba Nega Airport,Mekele,ET,MQX,HAMK,13.4674,39.533501
31960,HAMT,small_airport,Mizan Teferi Airport,Mizan Teferi,ET,MTF,HAMT,6.9571,35.5547
28145,HASL,small_airport,Shilavo Airport,Shilavo,ET,HIL,HASL,6.077545,44.763736
314658,HASM,small_airport,Semera Airport,Semera,ET,SZE,HASM,11.7875,40.9915
3169,HASO,medium_airport,Asosa Airport,Asosa,ET,ASO,HASO,10.018500328063965,34.586299896240234
32448,HATP,small_airport,Tippi Airport,Tippi,ET,TIE,HATP,7.2024,35.415
3170,HBBA,large_airport,Bujumbura Melchior Ndadaye International Airport,Bujumbura,BI,BJM,HBBA,-3.32402,29.318501
31529,HBBE,medium_airport,Gitega Airport,Gitega,BI,GID,HBBE,-3.417209,29.911308
307094,HBBO,small_airport,Kirundo Airport,Kirundo,BI,KRE,HBBO,-2.544772,30.094575
30792,HCMF,large_airport,Bender Qassim International Airport,Bosaso,SO,BSA,HCMF,11.275235,49.139231
3171,HCMH,large_airport,Egal International Airport,Hargeisa,SO,HGA,HCMH,9.514082,44.083469
3172,HCMI,medium_airport,Berbera Airport,Berbera,SO,BBO,HCMI,10.385035,44.936723
31899,HCMM,large_airport,Aden Adde International Airport,Mogadishu,SO,MGQ,HCMM,2.01444,45.304699
31572,HCMN,small_airport,Beledweyne Airport,Beledweyne,SO,BLW,HCMN,4.766976,45.2388
31536,HCMR,small_airport,Galcaio Airport,Galcaio,SO,GLK,HCMR,6.78082990646,47.45470047
3174,HDAM,large_airport,Djibouti-Ambouli Airport,Djibouti City,DJ,JIB,HDAM,11.5473,43.1595
3175,HEAL,large_airport,El Alamein International Airport,El Alamein,EG,DBB,HEAL,30.924324,28.46161
3176,HEAR,large_airport,El Arish International Airport,El Arish,EG,AAC,HEAR,31.055324,33.827964
3177,HEAT,large_airport,Asyut International Airport,Asyut,EG,ATZ,HEAT,27.045962,31.01276
3180,HEBA,large_airport,Alexandria International Airport,Alexandria,EG,HBE,HEAX,30.93249,29.696437
3181,HEBL,medium_airport,Abu Simbel Airport,Abu Simbel,EG,ABS,HEBL,22.375924,31.611734
3183,HECA,large_airport,Cairo International Airport,Cairo,EG,CAI,HECA,30.111534,31.396694
2356,HECP,medium_airport,Capital International Airport,New Cairo,EG,CCE,HECP,30.06465,31.839974
3186,HEGN,large_airport,Hurghada International Airport,Hurghada,EG,HRG,HEGN,27.176776,33.796692
3191,HELX,large_airport,Luxor International Airport,Luxor,EG,LXR,HELX,25.671018,32.706446
3192,HEMA,large_airport,Marsa Alam International Airport,Marsa Alam,EG,RMF,HEMA,25.555548,34.59245
3193,HEMM,large_airport,Mersa Matruh International Airport,Marsa Matruh,EG,MUH,HEMM,31.324313,27.22227
3196,HEPS,large_airport,Port Said International Airport,Port Said,EG,PSD,HEPS,31.279285,32.240582
300893,HESG,large_airport,Sohag International Airport,Suhaj,EG,HMB,HESG,26.342515,31.743017
3198,HESH,large_airport,Sharm El Sheikh International Airport,Sharm El Sheikh,EG,SSH,HESH,27.977272,34.394717
3199,HESN,large_airport,Aswan International Airport,Aswan,EG,ASW,HESN,23.961075,32.820382
335334,HESX,large_airport,Sphinx International Airport,Al Jiza,EG,SPX,HESX,30.108179,30.895728
3200,HETB,medium_airport,Taba International Airport,Taba,EG,TCP,HETB,29.594496,34.775752
3202,HHAS,medium_airport,Asmara International Airport,Asmara,ER,ASM,HHAS,15.2919,38.910702
3247,HJJJ,large_airport,Juba International Airport,Juba,SS,JUB,HJJJ,4.87201,31.601101
28481,HKAM,medium_airport,Amboseli Airport,Ol Tukai,KE,ASV,HKAM,-2.644786,37.252922
3205,HKEL,large_airport,Eldoret International Airport,Eldoret,KE,EDL,HKEL,0.404458,35.238899
3206,HKJK,large_airport,Jomo Kenyatta International Airport,Nairobi,KE,NBO,HKJK,-1.318886,36.928233
3208,HKKI,large_airport,Kisumu International Airport,Kisumu,KE,KIS,HKKI,-0.086139,34.728901
3212,HKLU,medium_airport,Manda Airport,Lamu,KE,LAU,HKLU,-2.252431,40.912892
42703,HKMK,small_airport,Mulika Lodge Airport,Meru-Kinna,KE,JJM,HKMK,0.165083,38.195141
31988,HKML,medium_airport,Malindi International Airport,Malindi,KE,MYD,HKML,-3.22931,40.1017
3213,HKMO,large_airport,Moi International Airport,Mombasa,KE,MBA,HKMO,-4.03483,39.5942
31594,HKMS,medium_airport,Mara Serena Lodge Airstrip,Serena,KE,MRE,HKMS,-1.404588,35.008349
32066,HKNL,medium_airport,Nanyuki Civil Airport,Gathiuru,KE,NYK,HKNL,-0.062352,37.041296
3215,HKNW,medium_airport,Nairobi Wilson Airport,Nairobi,KE,WIL,HKNW,-1.32172,36.8148
3217,HKWJ,medium_airport,Wajir Airport,Wajir,KE,WJR,HKWJ,1.73324,40.091599
3221,HLGT,medium_airport,Ghat Airport,Ghat,LY,GHT,HLGT,25.1455993652,10.1426000595
3222,HLKF,medium_airport,Kufra Airport,Kufra,LY,AKF,HLKF,24.178699493408203,23.31399917602539
3223,HLLB,large_airport,Benina International Airport,Benina,LY,BEN,HLLB,32.096802,20.269501
3224,HLLM,large_airport,Mitiga International Airport,Tripoli,LY,MJI,HLLM,32.89177,13.287878
3225,HLLQ,large_airport,Al Abraq International Airport,Al Albraq,LY,LAQ,HLLQ,32.789036,21.954864
3226,HLLS,medium_airport,Sabha Airport,Sabha,LY,SEB,HLLS,26.992452,14.466162
31944,HLMS,small_airport,Misrata International Airport,Misrata,LY,MRA,HLMS,32.325001,15.061
3232,HLTD,medium_airport,Ghadames Airport,Ghadames,LY,LTD,HLTD,30.145484,9.702095
3237,HRYR,large_airport,Kigali International Airport,Kigali,RW,KGL,HRYR,-1.96863,30.1395
3238,HRZA,medium_airport,Kamembe Airport,Kamembe,RW,KME,HRZA,-2.462239980697632,28.907899856567383
3239,HSDN,medium_airport,Dongola Airport,Dongola,SD,DOG,HSDN,19.153666,30.430069
3241,HSFS,medium_airport,El Fasher Airport,El Fasher,SD,ELF,HSFS,13.61489963531494,25.32460021972656
3242,HSKA,medium_airport,Kassala Airport,Kassala,SD,KSL,HSKA,15.387499809265137,36.328800201416016
3244,HSNN,medium_airport,Nyala Airport,Nyala,SD,UYL,HSNN,12.0535,24.9562
3245,HSOB,medium_airport,El-Obeid Airport,El-Obeid,SD,EBD,HSOB,13.1532,30.2327
3246,HSPN,large_airport,Port Sudan New International Airport,Port Sudan,SD,PZU,HSPN,19.434558,37.234125
3249,HSSK,large_airport,Khartoum International Airport,Khartoum,SD,KRT,HSSK,15.5895,32.5532
3248,HSSM,medium_airport,Malakal International Airport,Malakal,SS,MAK,HSSM,9.558739,31.651937
3250,HTAR,medium_airport,Arusha Airport,Arusha,TZ,ARK,HTAR,-3.3677899837493896,36.63330078125
30767,HTBU,small_airport,Bukoba Airport,Bukoba,TZ,BKZ,HTBU,-1.332,31.8212
3251,HTDA,large_airport,Julius Nyerere International Airport,Dar es Salaam,TZ,DAR,HTDA,-6.873499,39.207288
3252,HTDO,medium_airport,Dodoma Airport,Dodoma,TZ,DOD,HTDO,-6.170559,35.756036
318875,HTGW,medium_airport,Songwe Airport,Mbeya,TZ,MBI,HTGW,-8.919942,33.273981
32454,HTKA,small_airport,Kigoma Airport,Kigoma,TZ,TKQ,HTKA,-4.8862,29.6709
3254,HTKJ,large_airport,Kilimanjaro International Airport,Arusha,TZ,JRO,HTKJ,-3.427049,37.07353
31893,HTMA,small_airport,Mafia Airport,Kilindoni,TZ,MFA,HTMA,-7.917478,39.668502
3256,HTMT,medium_airport,Mtwara Airport,Mtwara,TZ,MYW,HTMT,-10.336204,40.181997
31972,HTMU,small_airport,Musoma Airport,Musoma,TZ,MUZ,HTMU,-1.503,33.8021
3257,HTMW,large_airport,Mwanza International Airport,Mwanza,TZ,MWZ,HTMW,-2.446563,32.936049
32283,HTSN,small_airport,Seronera Airport,Seronera,TZ,SEU,HTSN,-2.45806,34.822498
32297,HTSY,small_airport,Shinyanga Airport,Shinyanga,TZ,SHY,HTSY,-3.6093,33.5035
32426,HTTB,small_airport,Tabora Airport,Tabora,TZ,TBO,HTTB,-5.07639,32.833302
3259,HTTG,medium_airport,Tanga Airport,Tanga,TZ,TGT,HTTG,-5.09236,39.071201
3260,HTZA,large_airport,Abeid Amani Karume International Airport,Zanzibar,TZ,ZNZ,HTZA,-6.22202,39.224899
32234,HUAR,medium_airport,Arua Airport,Arua,UG,RUA,HUAR,3.049152,30.911714
3263,HUEN,large_airport,Entebbe International Airport,Entebbe,UG,EBB,HUEN,0.042386,32.443501
3264,HUGU,medium_airport,Gulu Airport,Gulu,UG,ULU,HUGU,2.805560111999512,32.27180099487305
3265,HUSO,medium_airport,Soroti Airport,Soroti,UG,SRT,HUSO,1.7276899814605713,33.622798919677734
301955,ID-0012,small_airport,Lasondre Airport,Pulau-Pulau Batu,ID,,WIMO,-0.01924,98.30097
310416,ID-0070,small_airport,Iwur Airstrip,Iwur,ID,,WAJV,-5.139139,140.717638
310513,ID-0094,small_airport,Long Rungan Airport,Long Rungan,ID,,WAQH,3.598904,115.840817
310841,ID-0111,small_airport,Okyap Airstrip,Okyap,ID,,WAJW,-4.743448,140.848267
311154,ID-0139,small_airport,Syekh Hamzah Fansyuri Airport,Singkil,ID,FSH,WIMI,2.269614,97.967863
507227,ID-0277,medium_airport,Dhoho International Airport,Kediri,ID,DHX,WARD,-7.749527,111.946831
46512,IN-0025,medium_airport,Maharshi Valmiki International Airport,Faizabad,IN,AYJ,VEAY,26.747736,82.163664
331218,IN-0107,medium_airport,Sindhudurg Airport,Chipi,IN,SDW,VOSR,16.002552,73.529846
342093,IN-0276,large_airport,Navi Mumbai International Airport,Navi Mumbai,IN,NMI,VANM,18.984597,73.065253
598586,IN-0393,medium_airport,Maa Mahamaya Airport,Ambikapur,IN,AHA,VEAP,22.98753,83.19612
31698,IN-JGB,small_airport,Jagdalpur Airport,Jagdalpur,IN,JGB,VEJR,19.074301,82.036797
35275,IT-TQR,heliport,San Domino Island Heliport,Tremiti Islands,IT,TQR,LINI,42.117775,15.490655
319816,JIO,small_airport,Jos Orno Imsula Airport,Tiakur,ID,JIO,WAPM,-8.140683,127.909669
308641,JUH,small_airport,Chizhou Jiuhuashan Airport,Chizhou,CN,JUH,ZSJH,30.7403,117.6856
3356,KABE,medium_airport,Lehigh Valley International Airport,Allentown/Bethlehem,US,ABE,KABE,40.651773,-75.442797
3357,KABI,medium_airport,Abilene Regional Airport,Abilene,US,ABI,KABI,32.4113006592,-99.6819000244
16091,KABQ,large_airport,Albuquerque International Sunport,Albuquerque,US,ABQ,KABQ,35.039976,-106.608925
3358,KABR,medium_airport,Aberdeen Regional Airport,Aberdeen,US,ABR,KABR,45.449100494384766,-98.42179870605467
3359,KABY,medium_airport,Southwest Georgia Regional Airport,Albany,US,ABY,KABY,31.532946,-84.196215
3360,KACK,medium_airport,Nantucket Memorial Airport,Nantucket,US,ACK,KACK,41.25310135,-70.06020355
3361,KACT,medium_airport,Waco Regional Airport,Waco,US,ACT,KACT,31.611299514770508,-97.23049926757812
3362,KACV,medium_airport,California Redwood Coast-Humboldt County Airport,Arcata/Eureka,US,ACV,KACV,40.978101,-124.109
3363,KACY,medium_airport,Atlantic City International Airport,Atlantic City,US,ACY,KACY,39.456201,-74.577511
3365,KAEX,medium_airport,Alexandria International Airport,Alexandria,US,AEX,KAEX,31.325828,-92.546702
3368,KAGS,medium_airport,Augusta Regional At Bush Field,Augusta,US,AGS,KAGS,33.3699,-81.9645
19257,KAIA,medium_airport,Alliance Municipal Airport,Alliance,US,AIA,KAIA,42.052543,-102.803965
3371,KALB,large_airport,Albany International Airport,Albany,US,ALB,KALB,42.748299,-73.801697
3375,KALO,medium_airport,Waterloo Regional Airport,Waterloo,US,ALO,KALO,42.55709838867188,-92.40029907226562
19275,KALS,medium_airport,San Luis Valley Regional Airport/Bergman Field,Alamosa,US,ALS,KALS,37.434898,-105.866997
3376,KALW,medium_airport,Walla Walla Regional Airport,Walla Walla,US,ALW,KALW,46.09489822,-118.288002
3377,KAMA,medium_airport,Rick Husband Amarillo International Airport,Amarillo,US,AMA,KAMA,35.217857,-101.706444
3380,KAOO,medium_airport,Altoona Blair County Airport,Altoona,US,AOO,KAOO,40.296398,-78.32
3382,KAPN,medium_airport,Alpena County Regional Airport,Alpena,US,APN,KAPN,45.0780983,-83.56030273
3383,KART,medium_airport,Watertown International Airport,Watertown,US,ART,KART,43.991901,-76.021698
19308,KASE,medium_airport,Aspen-Pitkin County Airport (Sardy Field),Aspen,US,ASE,KASE,39.223202,-106.869003
3384,KATL,large_airport,Hartsfield Jackson Atlanta International Airport,Atlanta,US,ATL,KATL,33.6367,-84.428101
19320,KATW,medium_airport,Appleton International Airport,Appleton,US,ATW,KATW,44.258515,-88.519
3385,KATY,medium_airport,Watertown Regional Airport,Watertown,US,ATY,KATY,44.91400146,-97.15470123
19321,KAUG,medium_airport,Augusta State Airport,Augusta,US,AUG,KAUG,44.3205986023,-69.7973022461
3386,KAUS,large_airport,Austin Bergstrom International Airport,Austin,US,AUS,KAUS,30.197535,-97.662015
3387,KAVL,medium_airport,Asheville Regional Airport,Asheville,US,AVL,KAVL,35.435488,-82.541853
3388,KAVP,medium_airport,Wilkes-Barre/Scranton International Airport,Wilkes-Barre/Scranton,US,AVP,KAVP,41.337064,-75.724232
3390,KAZO,medium_airport,Kalamazoo/Battle Creek International Airport,Kalamazoo,US,AZO,KAZO,42.232105,-85.549637
45961,KBBG,medium_airport,Branson Airport,Branson,US,BKG,KBBG,36.532082,-93.200544
3396,KBDL,large_airport,Bradley International Airport,Hartford,US,BDL,KBDL,41.938555,-72.688016
3398,KBED,medium_airport,Laurence G Hanscom Field,Bedford,US,BED,KBED,42.470001,-71.289001
3399,KBFD,medium_airport,Bradford Regional Airport,Bradford,US,BFD,KBFD,41.8031005859375,-78.64009857177734
3400,KBFF,medium_airport,Western Neb. Rgnl/William B. Heilig Airport,Scottsbluff,US,BFF,KBFF,41.87400055,-103.5960007
3401,KBFI,medium_airport,King County International Airport - Boeing Field,Seattle,US,BFI,KBFI,47.527042,-122.29995
3402,KBFL,medium_airport,Meadows Field,Bakersfield,US,BFL,KBFL,35.433601,-119.056999
3404,KBGM,medium_airport,Greater Binghamton/Edwin A Link field,Binghamton,US,BGM,KBGM,42.20869827,-75.97979736
3405,KBGR,medium_airport,Bangor International Airport,Bangor,US,BGR,KBGR,44.806364,-68.826668
19373,KBHB,medium_airport,Hancock County-Bar Harbor Airport,Bar Harbor,US,BHB,KBHB,44.45000076,-68.3615036
3406,KBHM,large_airport,Birmingham-Shuttlesworth International Airport,Birmingham,US,BHM,KBHM,33.562877,-86.750712
16500,KBID,small_airport,Block Island State Airport,Block Island,US,BID,KBID,41.168446,-71.578631
19377,KBIH,medium_airport,Eastern Sierra Regional Airport,Bishop,US,BIH,KBIH,37.3731,-118.363998
3408,KBIL,medium_airport,Billings Logan International Airport,Billings,US,BIL,KBIL,45.808932,-108.541242
3409,KBIS,medium_airport,Bismarck Municipal Airport,Bismarck,US,BIS,KBIS,46.772734,-100.746874
3411,KBJC,medium_airport,Rocky Mountain Metropolitan Airport,Denver,US,BJC,KBJC,39.908798,-105.116997
3415,KBKW,medium_airport,Raleigh County Memorial Airport,Beaver,US,BKW,KBKW,37.7873,-81.124199
3416,KBLI,medium_airport,Bellingham International Airport,Bellingham,US,BLI,KBLI,48.79280090332031,-122.53800201416016
3417,KBLV,medium_airport,Scott AFB/Midamerica Airport,Belleville,US,BLV,KBLV,38.5452,-89.835197
3419,KBMI,medium_airport,Central Illinois Regional Airport at Bloomington-Normal,Bloomington/Normal,US,BMI,KBMI,40.4771,-88.915901
3420,KBNA,large_airport,Nashville International Airport,Nashville,US,BNA,KBNA,36.1245,-86.6782
3421,KBOI,large_airport,Boise Air Terminal/Gowen Field,Boise,US,BOI,KBOI,43.5644,-116.223
3422,KBOS,large_airport,Boston Logan International Airport,Boston,US,BOS,KBOS,42.36197,-71.0079
3423,KBPT,medium_airport,Jack Brooks Regional Airport,Beaumont/Port Arthur,US,BPT,KBPT,29.9508,-94.020699
3424,KBQK,medium_airport,Brunswick Golden Isles Airport,Brunswick,US,BQK,KBQK,31.258801,-81.466499
19406,KBRD,medium_airport,Brainerd Lakes Regional Airport,Brainerd,US,BRD,KBRD,46.402861,-94.129727
3425,KBRL,medium_airport,Southeast Iowa Regional Airport,Burlington,US,BRL,KBRL,40.783199310302734,-91.12550354003906
3426,KBRO,medium_airport,Brownsville South Padre Island International Airport,Brownsville,US,BRO,KBRO,25.907238,-97.425235
3428,KBTM,medium_airport,Bert Mooney Airport,Butte,US,BTM,KBTM,45.95479965209961,-112.49700164794922
3429,KBTR,medium_airport,Baton Rouge Metropolitan Airport,Baton Rouge,US,BTR,KBTR,30.533199,-91.149597
3430,KBTV,medium_airport,Patrick Leahy Burlington International Airport,Burlington,US,BTV,KBTV,44.471901,-73.153297
3431,KBUF,large_airport,Buffalo Niagara International Airport,Buffalo,US,BUF,KBUF,42.940498,-78.732201
3432,KBUR,large_airport,Hollywood Burbank/Bob Hope Airport,Burbank,US,BUR,KBUR,34.202834,-118.35805
3435,KBWI,large_airport,Baltimore/Washington International Thurgood Marshall Airport,Baltimore,US,BWI,KBWI,39.1754,-76.668297
3437,KBZN,medium_airport,Bozeman Yellowstone International Airport,Bozeman,US,BZN,KBZN,45.778853,-111.153711
3438,KCAE,medium_airport,Columbia Metropolitan Airport,Columbia,US,CAE,KCAE,33.938172,-81.123022
3439,KCAK,medium_airport,Akron Canton Regional Airport,Akron,US,CAK,KCAK,40.91609954833984,-81.44219970703125
19466,KCC,seaplane_base,Coffman Cove Seaplane Base,Coffman Cove,US,KCC,PAKC,56.012586,-132.835093
19469,KCCR,medium_airport,Buchanan Field,Concord,US,CCR,KCCR,37.9897,-122.056999
3442,KCDC,medium_airport,Cedar City Regional Airport,Cedar City,US,CDC,KCDC,37.70100021362305,-113.0989990234375
19474,KCDR,medium_airport,Chadron Municipal Airport,Chadron,US,CDR,KCDR,42.837601,-103.095001
3443,KCEC,medium_airport,Jack Mc Namara Field Airport,Crescent City,US,CEC,KCEC,41.778929,-124.236403
19482,KCEZ,medium_airport,Cortez Municipal Airport,Cortez,US,CEZ,KCEZ,37.303001,-108.627998
3447,KCGI,medium_airport,Cape Girardeau Regional Airport,Cape Girardeau,US,CGI,KCGI,37.2253,-89.570801
3448,KCHA,medium_airport,Chattanooga Metropolitan Airport (Lovell Field),Chattanooga,US,CHA,KCHA,35.035301,-85.203796
3449,KCHO,medium_airport,Charlottesville Albemarle Airport,Charlottesville,US,CHO,KCHO,38.13859939575195,-78.4529037475586
3450,KCHS,large_airport,Charleston International Airport,Charleston,US,CHS,KCHS,32.896159,-80.038151
3451,KCID,medium_airport,The Eastern Iowa Airport,Cedar Rapids,US,CID,KCID,41.884701,-91.7108
3452,KCIU,medium_airport,Chippewa County International Airport,Kincheloe,US,CIU,KCIU,46.242038,-84.462082
3453,KCKB,medium_airport,North Central West Virginia Airport,Bridgeport,US,CKB,KCKB,39.2966,-80.228104
3454,KCLE,large_airport,Cleveland Hopkins International Airport,Cleveland,US,CLE,KCLE,41.411701,-81.8498
3455,KCLL,medium_airport,Easterwood Field,College Station,US,CLL,KCLL,30.5886,-96.3638
3457,KCLT,large_airport,Charlotte Douglas International Airport,Charlotte,US,CLT,KCLT,35.2140007019043,-80.94309997558594
3458,KCMH,large_airport,John Glenn Columbus International Airport,Columbus,US,CMH,KCMH,39.998001,-82.891899
3459,KCMI,medium_airport,University of Illinois Willard Airport,Savoy,US,CMI,KCMI,40.039819,-88.276249
3460,KCMX,medium_airport,Houghton County Memorial Airport,Hancock,US,CMX,KCMX,47.168399810791016,-88.48909759521484
3461,KCNM,medium_airport,Cavern City Air Terminal,Carlsbad,US,CNM,KCNM,32.337501525878906,-104.26300048828124
19529,KCNY,medium_airport,Canyonlands Regional Airport,Moab,US,CNY,KCNY,38.755001,-109.754997
19530,KCOD,medium_airport,Yellowstone Regional Airport,Cody,US,COD,KCOD,44.520199,-109.024002
3463,KCOS,large_airport,City of Colorado Springs Municipal Airport,Colorado Springs,US,COS,KCOS,38.805801,-104.700996
3464,KCOU,medium_airport,Columbia Regional Airport,Columbia,US,COU,KCOU,38.8181,-92.219597
3465,KCPR,medium_airport,Casper-Natrona County International Airport,Casper,US,CPR,KCPR,42.907381,-106.461609
3466,KCRP,medium_airport,Corpus Christi International Airport,Corpus Christi,US,CRP,KCRP,27.770399,-97.501198
19552,KCRQ,medium_airport,McClellan-Palomar Airport,Carlsbad,US,CLD,KCRQ,33.1283,-117.279999
3467,KCRW,medium_airport,Yeager Airport,Charleston,US,CRW,KCRW,38.3731,-81.593201
3468,KCSG,medium_airport,Columbus Airport,Columbus,US,CSG,KCSG,32.516415,-84.939602
3471,KCVG,large_airport,Cincinnati Northern Kentucky International Airport,Cincinnati / Covington,US,CVG,KCVG,39.048801,-84.667801
19569,KCVN,medium_airport,Clovis Municipal Airport,Clovis,US,CVN,KCVN,34.426594,-103.078794
19571,KCWA,medium_airport,Central Wisconsin Airport,Mosinee,US,CWA,KCWA,44.777448,-89.670238
3476,KCYS,medium_airport,Cheyenne Regional Jerry Olson Field,Cheyenne,US,CYS,KCYS,41.155701,-104.811997
3478,KDAB,medium_airport,Daytona Beach International Airport,Daytona Beach,US,DAB,KDAB,29.18255,-81.059464
3479,KDAL,large_airport,Dallas Love Field,Dallas,US,DAL,KDAL,32.844776,-96.847653
3481,KDAY,medium_airport,James M. Cox Dayton International Airport,Dayton,US,DAY,KDAY,39.902401,-84.219398
3482,KDBQ,medium_airport,Dubuque Regional Airport,Dubuque,US,DBQ,KDBQ,42.402,-90.709503
3483,KDCA,large_airport,Ronald Reagan Washington National Airport,Washington,US,DCA,KDCA,38.8521,-77.037697
3484,KDDC,medium_airport,Dodge City Regional Airport,Dodge City,US,DDC,KDDC,37.76340103149414,-99.9655990600586
3485,KDEC,medium_airport,Decatur Airport,Decatur,US,DEC,KDEC,39.834598541259766,-88.8656997680664
3486,KDEN,large_airport,Denver International Airport,Denver,US,DEN,KDEN,39.860027,-104.673792
3488,KDFW,large_airport,Dallas Fort Worth International Airport,Dallas-Fort Worth,US,DFW,KDFW,32.896801,-97.038002
3489,KDHN,medium_airport,Dothan Regional Airport,Dothan,US,DHN,KDHN,31.3213005065918,-85.44960021972656
19630,KDIK,medium_airport,Dickinson Theodore Roosevelt Regional Airport,Dickinson,US,DIK,KDIK,46.797533,-102.801905
3491,KDLH,medium_airport,Duluth International Airport,Duluth,US,DLH,KDLH,46.841873,-92.198746
3494,KDOV,medium_airport,Dover Civil Air Terminal/Dover Air Force Base,Dover,US,DOV,KDOV,39.129501,-75.466003
19654,KDRO,medium_airport,Durango La Plata County Airport,Durango,US,DRO,KDRO,37.151501,-107.753998
3496,KDSM,large_airport,Des Moines International Airport,Des Moines,US,DSM,KDSM,41.534027,-93.656719
19661,KDTS,medium_airport,Destin Executive Airport,Destin,US,DSI,KDTS,30.400101,-86.471497
3497,KDTW,large_airport,Detroit Metropolitan Wayne County Airport,Detroit,US,DTW,KDTW,42.21377,-83.353786
3498,KDUJ,medium_airport,DuBois Regional Airport,Dubois,US,DUJ,KDUJ,41.17829895,-78.8986969
19668,KDVL,medium_airport,Devils Lake Regional Airport,Devils Lake,US,DVL,KDVL,48.115454,-98.908796
19716,KEAR,medium_airport,Kearney Regional Airport,Kearney,US,EAR,KEAR,40.727001,-99.006798
19717,KEAT,medium_airport,Pangborn Memorial Airport,Wenatchee,US,EAT,KEAT,47.398899,-120.207001
3501,KEAU,medium_airport,Chippewa Valley Regional Airport,Eau Claire,US,EAU,KEAU,44.86579895019531,-91.48429870605467
46530,KECP,medium_airport,Northwest Florida Beaches International Airport,Panama City Beach,US,ECP,KECP,30.357106,-85.795414
3505,KEGE,medium_airport,Eagle County Regional Airport,Eagle,US,EGE,KEGE,39.64260101,-106.9179993
3508,KEKO,medium_airport,Elko Regional Airport,Elko,US,EKO,KEKO,40.82490158081055,-115.79199981689452
3509,KELD,medium_airport,South Arkansas Regional Airport at Goodwin Field,El Dorado,US,ELD,KELD,33.221001,-92.813301
3510,KELM,medium_airport,Elmira Corning Regional Airport,Elmira/Corning,US,ELM,KELM,42.1599006652832,-76.8916015625
3512,KELP,large_airport,El Paso International Airport,El Paso,US,ELP,KELP,31.809908,-106.375607
3515,KERI,medium_airport,Erie International Tom Ridge Field,Erie,US,ERI,KERI,42.083127,-80.173867
19770,KESC,medium_airport,Delta County Airport,Escanaba,US,ESC,KESC,45.723199,-87.088623
3517,KEUG,medium_airport,Eugene Airport,Eugene,US,EUG,KEUG,44.124599,-123.211998
3518,KEVV,medium_airport,Evansville Regional Airport,Evansville,US,EVV,KEVV,38.0369987488,-87.5324020386
3519,KEWB,medium_airport,New Bedford Regional Airport,New Bedford,US,EWB,KEWB,41.67610168457031,-70.95690155029297
3520,KEWN,medium_airport,Coastal Carolina Regional Airport,New Bern,US,EWN,KEWN,35.0730018616,-77.04290008539999
3521,KEWR,large_airport,Newark Liberty International Airport,Newark,US,EWR,KEWR,40.6894,-74.170545
3522,KEYW,medium_airport,Key West International Airport,Key West,US,EYW,KEYW,24.556119,-81.759579
3523,KFAR,medium_airport,Hector International Airport,Fargo,US,FAR,KFAR,46.9207,-96.815804
3524,KFAT,large_airport,Fresno Yosemite International Airport,Fresno,US,FAT,KFAT,36.775767,-119.718018
3525,KFAY,medium_airport,Fayetteville Regional Airport - Grannis Field,Fayetteville,US,FAY,KFAY,34.991199,-78.880302
19868,KFHR,medium_airport,Friday Harbor Airport,Friday Harbor,US,FRD,KFHR,48.523654,-123.024645
3530,KFLG,medium_airport,Flagstaff Pulliam Airport,Flagstaff,US,FLG,KFLG,35.139757,-111.669826
3531,KFLL,large_airport,Fort Lauderdale Hollywood International Airport,Fort Lauderdale,US,FLL,KFLL,26.072599,-80.152702
3532,KFLO,medium_airport,Florence Regional Airport,Florence,US,FLO,KFLO,34.18539810180664,-79.7238998413086
3535,KFNT,medium_airport,Bishop International Airport,Flint,US,FNT,KFNT,42.969294,-83.743355
3536,KFOD,medium_airport,Fort Dodge Regional Airport,Fort Dodge,US,FOD,KFOD,42.552624,-94.191237
3541,KFSD,medium_airport,Sioux Falls Regional Airport,Sioux Falls,US,FSD,KFSD,43.585463,-96.741152
3543,KFSM,medium_airport,Fort Smith Regional Airport,Fort Smith,US,FSM,KFSM,35.336601,-94.367401
3545,KFTW,medium_airport,Fort Worth Meacham International Airport,Fort Worth,US,FTW,KFTW,32.819919,-97.360818
3547,KFWA,medium_airport,Fort Wayne International Airport,Fort Wayne,US,FWA,KFWA,40.978896,-85.194465
41534,KG-0001,medium_airport,Jalal-Abad Airport,Jalal-Abad,KG,,UCFD,40.944401,72.977798
19929,KGCC,medium_airport,Northeast Wyoming Regional Airport,Gillette,US,GCC,KGCC,44.3489,-105.539001
3550,KGCK,medium_airport,Garden City Regional Airport,Garden City,US,GCK,KGCK,37.9275016785,-100.723999023
3551,KGCN,medium_airport,Grand Canyon National Park Airport,Grand Canyon - Tusayan,US,GCN,KGCN,35.9524,-112.147003
19936,KGDV,medium_airport,Dawson Community Airport,Glendive,US,GDV,KGDV,47.137658,-104.80691
3552,KGEG,large_airport,Spokane International Airport,Spokane,US,GEG,KGEG,47.6199,-117.533997
3553,KGFK,medium_airport,Grand Forks International Airport,Grand Forks,US,GFK,KGFK,47.949299,-97.176102
3555,KGGG,medium_airport,East Texas Regional Airport,Longview,US,GGG,KGGG,32.38399887084961,-94.71150207519533
3556,KGGW,medium_airport,Glasgow Valley County Airport Wokal Field,Glasgow,US,GGW,KGGW,48.212502,-106.614998
3557,KGJT,medium_airport,Grand Junction Regional Airport,Grand Junction,US,GJT,KGJT,39.126663,-108.529387
19958,KGLH,medium_airport,Mid Delta Regional Airport,Greenville,US,GLH,KGLH,33.482899,-90.985603
3559,KGNV,medium_airport,Gainesville Regional Airport,Gainesville,US,GNV,KGNV,29.6900997162,-82.2717971802
3527,KGPI,medium_airport,Glacier Park International Airport,Kalispell,US,FCA,KGPI,48.310501,-114.255997
3561,KGPT,medium_airport,Gulfport Biloxi International Airport,Gulfport,US,GPT,KGPT,30.405582,-89.069836
3562,KGRB,medium_airport,Austin Straubel International Airport,Green Bay,US,GRB,KGRB,44.483459,-88.130805
3564,KGRI,medium_airport,Central Nebraska Regional Airport,Grand Island,US,GRI,KGRI,40.96749877929688,-98.30960083007812
3565,KGRK,medium_airport,Killeen Regional Airport / Robert Gray Army Airfield,Fort Cavazos,US,GRK,KGRK,31.0672,-97.828903
3566,KGRR,large_airport,Gerald R. Ford International Airport,Grand Rapids,US,GRR,KGRR,42.880798,-85.522797
3568,KGSO,large_airport,Piedmont Triad International Airport,Greensboro,US,GSO,KGSO,36.09937,-79.937262
3569,KGSP,medium_airport,Greenville-Spartanburg International Airport,Greenville/Greer/Spartanburg,US,GSP,KGSP,34.895699,-82.218903
3571,KGTF,medium_airport,Great Falls International Airport,Great Falls,US,GTF,KGTF,47.481998,-111.371002
19982,KGTR,medium_airport,Golden Triangle Regional Airport,Columbus/W Point/Starkville,US,GTR,KGTR,33.450298,-88.5914
19984,KGUC,medium_airport,Gunnison Crested Butte Regional Airport,Gunnison,US,GUC,KGUC,38.534672,-106.934566
3572,KGUP,medium_airport,Gallup Municipal Airport,Gallup,US,GUP,KGUP,35.511653,-108.788166
342098,KH-0002,large_airport,Techo International Airport,Phnom Penh (Boeng Khyang),KH,KTI,VDTI,11.359987,104.921272
20038,KHDN,medium_airport,Yampa Valley Airport,Hayden,US,HDN,KHDN,40.481201,-107.218002
3577,KHGR,medium_airport,Hagerstown Regional Richard A Henson Field,Hagerstown,US,HGR,KHGR,39.708771,-77.728014
3578,KHHR,medium_airport,Jack Northrop Field Hawthorne Municipal Airport,Hawthorne,US,HHR,KHHR,33.922798,-118.334999
3579,KHIB,medium_airport,Range Regional Airport,Hibbing,US,HIB,KHIB,47.384831,-92.836905
20053,KHII,medium_airport,Lake Havasu City Airport,Lake Havasu City,US,HII,KHII,34.570506,-114.357745
3582,KHLN,medium_airport,Helena Regional Airport,Helena,US,HLN,KHLN,46.6068,-111.983002
20071,KHOB,medium_airport,Lea County Regional Airport,Hobbs,US,HOB,KHOB,32.6875,-103.217003
3587,KHOT,medium_airport,Memorial Field Airport,Hot Springs,US,HOT,KHOT,34.4788,-93.096262
3588,KHOU,large_airport,William P. Hobby Airport,Houston,US,HOU,KHOU,29.645336,-95.276812
3589,KHPN,medium_airport,Westchester County Airport,White Plains,US,HPN,KHPN,41.06700134277344,-73.70760345458984
3591,KHRL,medium_airport,Valley International Airport,Harlingen,US,HRL,KHRL,26.228500366210938,-97.65440368652344
3592,KHRO,medium_airport,Boone County Airport,Harrison,US,HRO,KHRO,36.26150131225586,-93.15470123291016
3594,KHSV,medium_airport,Huntsville International Airport,Huntsville,US,HSV,KHSV,34.636244,-86.774378
3595,KHTS,medium_airport,Tri-State Airport / Milton J. Ferguson Field,Huntington,US,HTS,KHTS,38.366699,-82.557999
3599,KHVN,medium_airport,Tweed New Haven Airport,New Haven,US,HVN,KHVN,41.262869,-72.887694
20099,KHVR,medium_airport,Havre City County Airport,Havre,US,HVR,KHVR,48.541387,-109.762859
20105,KHXD,medium_airport,Hilton Head Airport,Hilton Head Island,US,HHH,KHXD,32.2244,-80.697502
3600,KHYA,medium_airport,Cape Cod Gateway Airport,Hyannis,US,HYA,KHYA,41.6693,-70.280403
20109,KHYS,medium_airport,Hays Regional Airport,Hays,US,HYS,KHYS,38.844521,-99.273148
3602,KIAD,large_airport,Washington Dulles International Airport,Dulles,US,IAD,KIAD,38.9445,-77.455803
3603,KIAG,medium_airport,Niagara Falls International Airport,Niagara Falls,US,IAG,KIAG,43.1073,-78.946198
3604,KIAH,large_airport,George Bush Intercontinental Airport,Houston,US,IAH,KIAH,29.9844,-95.3414
3605,KICT,medium_airport,Wichita Dwight D. Eisenhower National Airport,Wichita,US,ICT,KICT,37.650314,-97.428583
3606,KIDA,medium_airport,Idaho Falls Regional Airport,Idaho Falls,US,IDA,KIDA,43.514599,-112.070999
3608,KILG,medium_airport,Wilmington Airport,Wilmington,US,ILG,KILG,39.678699,-75.606499
3609,KILM,medium_airport,Wilmington International Airport,Wilmington,US,ILM,KILM,34.272345,-77.905117
20177,KIMT,medium_airport,Ford Airport,Kingsford,US,IMT,KIMT,45.81911,-88.114557
3610,KIND,large_airport,Indianapolis International Airport,Indianapolis,US,IND,KIND,39.7173,-86.294403
3612,KINL,medium_airport,Falls International Airport,International Falls,US,INL,KINL,48.566200256347656,-93.4030990600586
20184,KIPL,medium_airport,Imperial County Airport,Imperial,US,IPL,KIPL,32.83539,-115.574026
3614,KIPT,medium_airport,Williamsport Regional Airport,Williamsport,US,IPT,KIPT,41.242126,-76.92245
3615,KIRK,medium_airport,Kirksville Regional Airport,Kirksville,US,IRK,KIRK,40.09349822998047,-92.5448989868164
3616,KISP,medium_airport,Long Island MacArthur Airport,Islip,US,ISP,KISP,40.796324,-73.101703
20193,KITH,medium_airport,Ithaca Tompkins Regional Airport,Ithaca,US,ITH,KITH,42.49100112915039,-76.4583969116211
3617,KIWA,medium_airport,Mesa Gateway Airport,Mesa,US,AZA,KIWA,33.3078,-111.654999
20195,KIWD,small_airport,Gogebic Iron County Airport,Ironwood,US,IWD,KIWD,46.525298,-90.131578
3618,KJAC,medium_airport,Jackson Hole Airport,Jackson,US,JAC,KJAC,43.6073,-110.737999
3619,KJAN,medium_airport,Jackson-Medgar Wiley Evers International Airport,Jackson,US,JAN,KJAN,32.311199,-90.075897
3620,KJAX,large_airport,Jacksonville International Airport,Jacksonville,US,JAX,KJAX,30.492469,-81.687813
3621,KJBR,medium_airport,Jonesboro Municipal Airport,Jonesboro,US,JBR,KJBR,35.83169937133789,-90.64640045166016
3622,KJFK,large_airport,John F. Kennedy International Airport,New York,US,JFK,KJFK,40.639447,-73.779317
3623,KJLN,medium_airport,Joplin Regional Airport,Joplin,US,JLN,KJLN,37.151798,-94.498299
3624,KJMS,medium_airport,Jamestown Regional Airport,Jamestown,US,JMS,KJMS,46.92969894,-98.67819977
20220,KJQF,medium_airport,Concord-Padgett Regional Airport,Concord,US,USA,KJQF,35.387798,-80.709099
3625,KJST,medium_airport,John Murtha Johnstown Cambria County Airport,Johnstown,US,JST,KJST,40.31610107421875,-78.83390045166016
3627,KLAF,medium_airport,Purdue University Airport,West Lafayette,US,LAF,KLAF,40.412875,-86.939363
3628,KLAL,medium_airport,Lakeland Linder International Airport,Lakeland,US,LAL,KLAL,27.989267,-82.020715
3629,KLAN,medium_airport,Capital Region International Airport,Lansing,US,LAN,KLAN,42.777582,-84.585721
3630,KLAR,medium_airport,Laramie Regional Airport,Laramie,US,LAR,KLAR,41.31209945678711,-105.6750030517578
3631,KLAS,large_airport,Harry Reid International Airport,Las Vegas,US,LAS,KLAS,36.083361,-115.151817
20319,KLAW,medium_airport,Lawton Fort Sill Regional Airport,Lawton,US,LAW,KLAW,34.567699,-98.416603
3632,KLAX,large_airport,Los Angeles International Airport,Los Angeles,US,LAX,KLAX,33.942501,-118.407997
3633,KLBB,medium_airport,Lubbock Preston Smith International Airport,Lubbock,US,LBB,KLBB,33.663601,-101.822998
3634,KLBE,medium_airport,Arnold Palmer Regional Airport,Latrobe,US,LBE,KLBE,40.275902,-79.4048
3635,KLBF,medium_airport,North Platte Regional Airport Lee Bird Field,North Platte,US,LBF,KLBF,41.12620163,-100.6839981
3636,KLBL,medium_airport,Liberal Mid-America Regional Airport,Liberal,US,LBL,KLBL,37.0442009,-100.9599991
3637,KLCH,medium_airport,Lake Charles Regional Airport,Lake Charles,US,LCH,KLCH,30.126100540161133,-93.22329711914062
3638,KLCK,medium_airport,Rickenbacker International Airport,Columbus,US,LCK,KLCK,39.813801,-82.927803
3639,KLEB,medium_airport,Lebanon Municipal Airport,Lebanon,US,LEB,KLEB,43.6260986328,-72.30419921880001
3640,KLEX,medium_airport,Blue Grass Airport,Lexington,US,LEX,KLEX,38.035066,-84.606738
3642,KLFT,medium_airport,Lafayette Regional Airport,Lafayette,US,LFT,KLFT,30.205299,-91.987602
3643,KLGA,large_airport,LaGuardia Airport,New York,US,LGA,KLGA,40.777199,-73.872597
3644,KLGB,large_airport,Long Beach International Airport,Long Beach,US,LGB,KLGB,33.816523,-118.149891
3645,KLIT,medium_airport,Bill & Hillary Clinton National Airport/Adams Field,Little Rock,US,LIT,KLIT,34.729222,-92.223591
3647,KLNK,medium_airport,Lincoln Airport,Lincoln,US,LNK,KLNK,40.844882,-96.76178
3648,KLNS,medium_airport,Lancaster Airport,Lancaster,US,LNS,KLNS,40.121700286865234,-76.29609680175781
3651,KLRD,medium_airport,Laredo International Airport,Laredo,US,LRD,KLRD,27.5438,-99.461601
3653,KLRU,medium_airport,Las Cruces International Airport,Las Cruces,US,LRU,KLRU,32.289398,-106.921997
3654,KLSE,medium_airport,La Crosse Regional Airport,La Crosse,US,LSE,KLSE,43.879002,-91.256699
3659,KLUK,medium_airport,Cincinnati Municipal Airport Lunken Field,Cincinnati,US,LUK,KLUK,39.102357,-84.418945
20390,KLWB,medium_airport,Greenbrier Valley Airport,Lewisburg,US,LWB,KLWB,37.857914,-80.400438
20393,KLWS,medium_airport,Lewiston Nez Perce County Airport,Lewiston,US,LWS,KLWS,46.3745002746582,-117.01499938964844
3662,KLYH,medium_airport,Lynchburg Regional Airport - Preston Glenn Field,Lynchburg,US,LYH,KLYH,37.326698,-79.200401
3663,KMAF,medium_airport,Midland International Air and Space Port,Midland,US,MAF,KMAF,31.942499,-102.202003
20475,KMBL,small_airport,Manistee County Blacker Airport,Manistee,US,MBL,KMBL,44.272707,-86.246495
3664,KMBS,medium_airport,MBS International Airport,Freeland,US,MBS,KMBS,43.533181,-84.083104
20480,KMCE,medium_airport,Merced Regional Macready Field,Merced,US,MCE,KMCE,37.284698,-120.514
3668,KMCI,large_airport,Kansas City International Airport,Kansas City,US,MCI,KMCI,39.301699,-94.713893
20481,KMCK,medium_airport,McCook Ben Nelson Regional Airport,McCook,US,MCK,KMCK,40.207787,-100.592794
3669,KMCN,medium_airport,Middle Georgia Regional Airport,Macon,US,MCN,KMCN,32.69279861450195,-83.64920043945312
3670,KMCO,large_airport,Orlando International Airport,Orlando,US,MCO,KMCO,28.429399490356445,-81.30899810791016
20482,KMCW,medium_airport,Mason City Municipal Airport,Mason City,US,MCW,KMCW,43.159801,-93.329716
3672,KMDT,medium_airport,Harrisburg International Airport,Harrisburg,US,MDT,KMDT,40.192838,-76.762333
3673,KMDW,large_airport,Chicago Midway International Airport,Chicago,US,MDW,KMDW,41.785999,-87.752403
3674,KMEI,medium_airport,Key Field / Meridian Regional Airport,Meridian,US,MEI,KMEI,32.3326,-88.7519
3675,KMEM,large_airport,Memphis International Airport,Memphis,US,MEM,KMEM,35.043845,-89.97634
3678,KMFE,medium_airport,McAllen Miller International Airport,McAllen,US,MFE,KMFE,26.176141,-98.237965
3679,KMFR,medium_airport,Rogue Valley International-Medford Airport,Medford,US,MFR,KMFR,42.374199,-122.873001
20498,KMGC,medium_airport,Michigan City Municipal Airport,Michigan City,US,MGC,KMGC,41.7033,-86.821198
3681,KMGM,medium_airport,Montgomery Regional (Dannelly Field) Airport,Montgomery,US,MGM,KMGM,32.300598,-86.393997
3682,KMGW,medium_airport,Morgantown Municipal Airport Walter L. (Bill) Hart Field,Morgantown,US,MGW,KMGW,39.643305,-79.917598
3683,KMHK,medium_airport,Manhattan Regional Airport,Manhattan,US,MHK,KMHK,39.14099884033203,-96.6707992553711
3684,KMHT,medium_airport,Manchester-Boston Regional Airport,Manchester,US,MHT,KMHT,42.932598,-71.435699
3685,KMIA,large_airport,Miami International Airport,Miami,US,MIA,KMIA,25.796011,-80.289751
3690,KMKE,large_airport,General Mitchell International Airport,Milwaukee,US,MKE,KMKE,42.947201,-87.896599
3691,KMKG,medium_airport,Muskegon County Airport,Muskegon,US,MKG,KMKG,43.169498,-86.238197
3692,KMKL,medium_airport,McKellar-Sipes Regional Airport,Jackson,US,MKL,KMKL,35.599899,-88.915604
3693,KMLB,medium_airport,Melbourne Orlando International Airport,Melbourne,US,MLB,KMLB,28.102009,-80.641088
3695,KMLI,medium_airport,Quad City International Airport,Moline,US,MLI,KMLI,41.448502,-90.5075
3697,KMLU,medium_airport,Monroe Regional Airport,Monroe,US,MLU,KMLU,32.510899,-92.037697
20527,KMMH,medium_airport,Mammoth Yosemite Airport,Mammoth Lakes,US,MMH,KMMH,37.625381,-118.84306
3700,KMOB,medium_airport,Mobile Regional Airport,Mobile,US,MOB,KMOB,30.6912,-88.242798
3702,KMOT,medium_airport,Minot International Airport,Minot,US,MOT,KMOT,48.25801,-101.279123
3705,KMRY,medium_airport,Monterey Regional Airport,Monterey,US,MRY,KMRY,36.586777,-121.844183
3706,KMSL,medium_airport,Northwest Alabama Regional Airport,Muscle Shoals,US,MSL,KMSL,34.745123,-87.612981
3707,KMSN,medium_airport,Dane County Regional Truax Field,Madison,US,MSN,KMSN,43.1399,-89.337502
3708,KMSO,medium_airport,Missoula Montana Airport,Missoula,US,MSO,KMSO,46.915816,-114.091107
3709,KMSP,large_airport,Minneapolis–Saint Paul International Airport / Wold–Chamberlain Field,Minneapolis,US,MSP,KMSP,44.880081,-93.221741
3710,KMSS,medium_airport,Massena International Airport Richards Field,Massena,US,MSS,KMSS,44.936157,-74.844304
3711,KMSY,large_airport,Louis Armstrong New Orleans International Airport,New Orleans,US,MSY,KMSY,29.993401,-90.264673
20565,KMTJ,medium_airport,Montrose Regional Airport,Montrose,US,MTJ,KMTJ,38.5098,-107.893997
20567,KMTP,small_airport,Montauk Airport,Montauk,US,MTP,KMTP,41.0765,-71.920797
20578,KMVY,small_airport,Martha's Vineyard Airport,Martha's Vineyard,US,MVY,KMVY,41.3931007385,-70.6143035889
20579,KMWA,medium_airport,Veterans Airport of Southern Illinois,Marion,US,MWA,KMWA,37.751208,-89.016568
20583,KMWL,medium_airport,Mineral Wells Regional Airport,Mineral Wells,US,MWL,KMWL,32.781601,-98.060204
20591,KMYL,medium_airport,McCall Municipal Airport,McCall,US,MYL,KMYL,44.888837,-116.101112
3717,KMYR,large_airport,Myrtle Beach International Airport,Myrtle Beach,US,MYR,KMYR,33.679699,-78.928299
3961,KNYL,medium_airport,Yuma International Airport / Marine Corps Air Station Yuma,Yuma,US,YUM,KNYL,32.650938,-114.609375
20709,KOAJ,medium_airport,Albert J Ellis Airport,Richlands,US,OAJ,KOAJ,34.829201,-77.612099
3744,KOAK,large_airport,San Francisco Bay Oakland International Airport,Oakland,US,OAK,KOAK,37.720085,-122.221184
3746,KOGD,medium_airport,Ogden Hinckley Airport,Ogden,US,OGD,KOGD,41.195899963379,-112.0120010376
20727,KOGS,medium_airport,Ogdensburg International Airport,Ogdensburg,US,OGS,KOGS,44.6819,-75.4655
3747,KOKC,large_airport,OKC Will Rogers World Airport,Oklahoma City,US,OKC,KOKC,35.393388,-97.598248
20739,KOLF,medium_airport,L M Clayton Airport,Wolf Point,US,OLF,KOLF,48.094501,-105.574997
3749,KOLM,medium_airport,Olympia Regional Airport,Olympia,US,OLM,KOLM,46.969399,-122.903
3751,KOMA,large_airport,Eppley Airfield,Omaha,US,OMA,KOMA,41.3032,-95.894096
3752,KONT,large_airport,Ontario International Airport,Ontario,US,ONT,KONT,34.056,-117.600998
20757,KOPF,medium_airport,Miami-Opa Locka Executive Airport,Miami,US,OPF,KOPF,25.907,-80.278397
3754,KORD,large_airport,Chicago O'Hare International Airport,Chicago,US,ORD,KORD,41.9786,-87.9048
3755,KORF,large_airport,Norfolk International Airport,Norfolk,US,ORF,KORF,36.895341,-76.201
3756,KORH,medium_airport,Worcester Regional Airport,Worcester,US,ORH,KORH,42.2673,-71.875702
23952,KORS,medium_airport,Orcas Island Airport,Eastsound,US,ESD,KORS,48.708199,-122.910004
3759,KOTH,medium_airport,Southwest Oregon Regional Airport,North Bend,US,OTH,KOTH,43.41709899902344,-124.24600219726562
3761,KOWB,medium_airport,Owensboro Daviess County Airport,Owensboro,US,OWB,KOWB,37.74010086,-87.16680145
20781,KOXB,medium_airport,Ocean City Municipal Airport,Ocean City,US,OCE,KOXB,38.310398,-75.124001
3763,KPAE,medium_airport,Seattle Paine Field International Airport,Everett,US,PAE,KPAE,47.9063,-122.281998
3764,KPAH,medium_airport,Barkley Regional Airport,Paducah,US,PAH,KPAH,37.06079864501953,-88.7738037109375
20808,KPBG,medium_airport,Plattsburgh International Airport,Plattsburgh,US,PBG,KPBG,44.650902,-73.468102
3766,KPBI,large_airport,Palm Beach International Airport,West Palm Beach,US,PBI,KPBI,26.683201,-80.095596
3767,KPDK,medium_airport,DeKalb Peachtree Airport,Atlanta,US,PDK,KPDK,33.87633,-84.30213
20815,KPDT,medium_airport,Eastern Oregon Regional Airport at Pendleton,Pendleton,US,PDT,KPDT,45.695099,-118.841003
3768,KPDX,large_airport,Portland International Airport,Portland,US,PDX,KPDX,45.588699,-122.598
20821,KPGA,medium_airport,Page Municipal Airport,Page,US,PGA,KPGA,36.924234,-111.447716
20822,KPGD,medium_airport,Punta Gorda Airport,Punta Gorda,US,PGD,KPGD,26.9202,-81.990501
20824,KPGV,medium_airport,Pitt-Greenville Airport,Greenville,US,PGV,KPGV,35.635535,-77.384262
3770,KPHF,medium_airport,Newport News Williamsburg International Airport,Newport News,US,PHF,KPHF,37.131901,-76.492996
3771,KPHL,large_airport,Philadelphia International Airport,Philadelphia,US,PHL,KPHL,39.871899,-75.241096
3772,KPHX,large_airport,Phoenix Sky Harbor International Airport,Phoenix,US,PHX,KPHX,33.435302,-112.005905
3773,KPIA,medium_airport,General Wayne A. Downing Peoria International Airport,Peoria,US,PIA,KPIA,40.663841,-89.692631
3774,KPIB,medium_airport,Hattiesburg Laurel Regional Airport,Moselle,US,PIB,KPIB,31.4671,-89.337097
3775,KPIE,large_airport,St. Petersburg Clearwater International Airport,Pinellas Park,US,PIE,KPIE,27.9102,-82.687401
3776,KPIH,medium_airport,Pocatello Regional Airport,Pocatello,US,PIH,KPIH,42.9098014831543,-112.59600067138672
3777,KPIR,medium_airport,Pierre Regional Airport,Pierre,US,PIR,KPIR,44.38270187,-100.2860031
3778,KPIT,large_airport,Pittsburgh International Airport,Pittsburgh,US,PIT,KPIT,40.491501,-80.232903
3779,KPKB,medium_airport,Mid Ohio Valley Regional Airport,Parkersburg (Williamstown),US,PKB,KPKB,39.3451,-81.439201
3781,KPLN,medium_airport,Pellston Regional Airport of Emmet County Airport,Pellston,US,PLN,KPLN,45.57089996,-84.79669952
3783,KPNS,large_airport,Pensacola International Airport,Pensacola,US,PNS,KPNS,30.472718,-87.186639
3787,KPQI,medium_airport,Presque Isle International Airport,Presque Isle,US,PQI,KPQI,46.688999,-68.0448
3789,KPRC,medium_airport,Prescott Regional Airport - Ernest A. Love Field,Prescott,US,PRC,KPRC,34.653502,-112.419883
20870,KPSC,medium_airport,Tri Cities Airport,Pasco,US,PSC,KPSC,46.264702,-119.119003
3791,KPSM,medium_airport,Portsmouth International Airport at Pease,Portsmouth,US,PSM,KPSM,43.0779,-70.823303
3792,KPSP,large_airport,Palm Springs International Airport,Palm Springs,US,PSP,KPSP,33.8297,-116.507004
3794,KPUB,medium_airport,Pueblo Memorial Airport,Pueblo,US,PUB,KPUB,38.289101,-104.497002
20883,KPUW,medium_airport,Pullman-Moscow Regional Airport,Pullman,US,PUW,KPUW,46.741601,-117.11163
3795,KPVD,large_airport,Rhode Island T. F. Green International Airport,Providence/Warwick,US,PVD,KPVD,41.725038,-71.425668
20890,KPVU,medium_airport,Provo Municipal Airport,Provo,US,PVU,KPVU,40.218894,-111.722445
3796,KPWM,large_airport,Portland International Jetport,Portland,US,PWM,KPWM,43.646198,-70.309303
3838,KRAP,medium_airport,Rapid City Regional Airport,Rapid City,US,RAP,KRAP,44.0452995300293,-103.05699920654295
3841,KRDD,medium_airport,Redding Municipal Airport,Redding,US,RDD,KRDD,40.50899887,-122.2929993
3843,KRDM,medium_airport,Roberts Field,Redmond,US,RDM,KRDM,44.254101,-121.150002
3844,KRDU,large_airport,Raleigh-Durham International Airport,Raleigh/Durham,US,RDU,KRDU,35.878659,-78.7873
3845,KRFD,medium_airport,Chicago Rockford International Airport,Chicago/Rockford,US,RFD,KRFD,42.1954,-89.097198
3846,KRHI,medium_airport,Rhinelander Oneida County Airport,Rhinelander,US,RHI,KRHI,45.63119888305664,-89.46749877929688
3847,KRIC,large_airport,Richmond International Airport,Richmond,US,RIC,KRIC,37.505199,-77.319702
20933,KRIW,medium_airport,Central Wyoming Regional Airport,Riverton,US,RIW,KRIW,43.064201,-108.459999
20935,KRKD,medium_airport,Knox County Regional Airport,Rockland,US,RKD,KRKD,44.060101,-69.099197
3850,KRKS,medium_airport,Southwest Wyoming Regional Airport,Rock Springs,US,RKS,KRKS,41.5942,-109.065001
3853,KRNO,large_airport,Reno Tahoe International Airport,Reno,US,RNO,KRNO,39.4991,-119.767998
3854,KROA,medium_airport,Roanoke–Blacksburg Regional Airport,Roanoke,US,ROA,KROA,37.3255,-79.975403
3855,KROC,large_airport,Frederick Douglass Greater Rochester International Airport,Rochester,US,ROC,KROC,43.1189,-77.672401
3856,KROW,medium_airport,Roswell Air Center Airport,Roswell,US,ROW,KROW,33.301601,-104.530998
3857,KRST,medium_airport,Rochester International Airport,Rochester,US,RST,KRST,43.908298,-92.5
3858,KRSW,large_airport,Southwest Florida International Airport,Fort Myers,US,RSW,KRSW,26.534685,-81.752816
3859,KRUT,medium_airport,Rutland - Southern Vermont Regional Airport,Rutland,US,RUT,KRUT,43.5294,-72.9496
21033,KSAF,medium_airport,Santa Fe Municipal Airport,Santa Fe,US,SAF,KSAF,35.6171,-106.088997
3862,KSAN,large_airport,San Diego International Airport,San Diego,US,SAN,KSAN,32.733601,-117.190002
3863,KSAT,large_airport,San Antonio International Airport,San Antonio,US,SAT,KSAT,29.533701,-98.469803
3864,KSAV,large_airport,Savannah Hilton Head International Airport,Savannah,US,SAV,KSAV,32.126591,-81.19998
3865,KSAW,medium_airport,Marquette/Sawyer International Airport,Gwinn,US,MQT,KSAW,46.351498,-87.395884
3866,KSBA,medium_airport,Santa Barbara Municipal Airport,Santa Barbara,US,SBA,KSBA,34.426201,-119.839996
3867,KSBD,large_airport,San Bernardino International Airport,San Bernardino,US,SBD,KSBD,34.096717,-117.236596
3868,KSBN,medium_airport,South Bend International Airport,South Bend,US,SBN,KSBN,41.708304,-86.316922
3869,KSBP,medium_airport,San Luis County Regional Airport,San Luis Obispo,US,SBP,KSBP,35.2368011475,-120.641998291
3870,KSBY,medium_airport,Salisbury Ocean City Wicomico Regional Airport,Salisbury,US,SBY,KSBY,38.34049987792969,-75.51029968261719
3872,KSCK,medium_airport,Stockton Metropolitan Airport,Stockton,US,SCK,KSCK,37.893279,-121.238079
3873,KSDF,large_airport,Louisville Muhammad Ali International Airport,Louisville,US,SDF,KSDF,38.1706,-85.735076
21046,KSDY,medium_airport,Sidney - Richland Regional Airport,Sidney,US,SDY,KSDY,47.705141,-104.194422
3875,KSEA,large_airport,Seattle–Tacoma International Airport,Seattle,US,SEA,KSEA,47.447943,-122.310276
3876,KSFB,large_airport,Orlando Sanford International Airport,Orlando,US,SFB,KSFB,28.774277,-81.234626
3878,KSFO,large_airport,San Francisco International Airport,San Francisco,US,SFO,KSFO,37.619806,-122.374821
3879,KSGF,medium_airport,Springfield Branson National Airport,Springfield,US,SGF,KSGF,37.245047,-93.388596
21061,KSGJ,medium_airport,Northeast Florida Regional Airport,St Augustine,US,UST,KSGJ,29.9592,-81.339798
21065,KSGU,medium_airport,St George Regional Airport,St George,US,SGU,KSGU,37.036389,-113.510306
21066,KSHD,medium_airport,Shenandoah Valley Regional Airport,Weyers Cave,US,SHD,KSHD,38.263802,-78.8964
3881,KSHR,medium_airport,Sheridan County Airport,Sheridan,US,SHR,KSHR,44.76919937133789,-106.9800033569336
3882,KSHV,medium_airport,Shreveport Regional Airport,Shreveport,US,SHV,KSHV,32.446602,-93.8256
3883,KSJC,large_airport,Norman Y. Mineta San Jose International Airport,San Jose,US,SJC,KSJC,37.362452,-121.929188
3884,KSJT,medium_airport,San Angelo Regional Mathis Field,San Angelo,US,SJT,KSJT,31.35770034790039,-100.49600219726562
21076,KSKX,medium_airport,Taos Regional Airport,Taos,US,TSM,KSKX,36.452494,-105.67749
3887,KSLC,large_airport,Salt Lake City International Airport,Salt Lake City,US,SLC,KSLC,40.78886,-111.979866
3888,KSLE,medium_airport,Salem-Willamette Valley Airport/McNary Field,Salem,US,SLE,KSLE,44.9095,-123.002998
3890,KSLK,medium_airport,Adirondack Regional Airport,Saranac Lake,US,SLK,KSLK,44.38691,-74.204629
3891,KSLN,medium_airport,Salina Municipal Airport,Salina,US,SLN,KSLN,38.79100036621094,-97.6521987915039
3892,KSMF,large_airport,Sacramento International Airport,Sacramento,US,SMF,KSMF,38.6954,-121.591003
21086,KSMN,medium_airport,Lemhi County Airport,Salmon,US,SMN,KSMN,45.122233,-113.88196
3893,KSMX,medium_airport,Santa Maria Public Airport Captain G Allan Hancock Field,Santa Maria,US,SMX,KSMX,34.898899,-120.457001
3894,KSNA,large_airport,John Wayne Orange County International Airport,Santa Ana,US,SNA,KSNA,33.675063,-117.869281
21097,KSOW,medium_airport,Show Low Regional Airport,Show Low,US,SOW,KSOW,34.264062,-110.007091
3897,KSPI,medium_airport,Abraham Lincoln Capital Airport,Springfield,US,SPI,KSPI,39.844101,-89.677902
3898,KSPS,medium_airport,Wichita Falls Municipal Airport / Sheppard Air Force Base,Wichita Falls,US,SPS,KSPS,33.9888,-98.491898
21105,KSQL,medium_airport,San Carlos Airport,San Carlos,US,SQL,KSQL,37.51313,-122.250838
3899,KSRQ,large_airport,Sarasota Bradenton International Airport,Sarasota/Bradenton,US,SRQ,KSRQ,27.394631,-82.554359
3903,KSTC,medium_airport,Saint Cloud Regional Airport,Saint Cloud,US,STC,KSTC,45.5466,-94.059898
3905,KSTL,large_airport,St. Louis Lambert International Airport,St Louis,US,STL,KSTL,38.748697,-90.370003
21114,KSTS,medium_airport,Charles M. Schulz Sonoma County Airport,Santa Rosa,US,STS,KSTS,38.50899887,-122.8130035
21118,KSUN,medium_airport,Friedman Memorial Airport,Hailey,US,SUN,KSUN,43.50439835,-114.2959976
3909,KSUX,medium_airport,Sioux Gateway Airport / Brigadier General Bud Day Field,Sioux City,US,SUX,KSUX,42.397605,-96.382237
21121,KSVC,medium_airport,Grant County Airport,Silver City,US,SVC,KSVC,32.636701,-108.154736
3911,KSWF,medium_airport,New York Stewart International Airport,Newburgh,US,SWF,KSWF,41.50421,-74.108901
3912,KSWO,medium_airport,Stillwater Regional Airport,Stillwater,US,SWO,KSWO,36.162132,-97.085581
3913,KSYR,large_airport,Syracuse Hancock International Airport,Syracuse,US,SYR,KSYR,43.11119842529297,-76.1063003540039
3915,KTBN,medium_airport,Waynesville-St. Robert Regional Airport-Forney Field,Fort Leonard Wood,US,TBN,KTBN,37.7416,-92.140701
3920,KTEB,medium_airport,Teterboro Airport,Teterboro,US,TEB,KTEB,40.850101,-74.060799
21188,KTEX,medium_airport,Telluride Regional Airport,Telluride,US,TEX,KTEX,37.9538,-107.907997
3922,KTIW,medium_airport,Tacoma Narrows Airport,Tacoma,US,TIW,KTIW,47.267407,-122.577295
3924,KTLH,medium_airport,Tallahassee International Airport,Tallahassee,US,TLH,KTLH,30.401209,-84.35433
3925,KTOL,medium_airport,Eugene F. Kranz Toledo Express Airport,Toledo,US,TOL,KTOL,41.5868,-83.8078
3926,KTPA,large_airport,Tampa International Airport,Tampa,US,TPA,KTPA,27.9755,-82.533203
3928,KTRI,medium_airport,Tri-Cities Regional TN/VA Airport,Blountville,US,TRI,KTRI,36.475201,-82.407401
21220,KTRK,medium_airport,Truckee Tahoe Airport,Truckee,US,TKF,KTRK,39.318628,-120.140562
3929,KTTN,medium_airport,Trenton Mercer Airport,Ewing Township,US,TTN,KTTN,40.276699,-74.813499
3930,KTUL,large_airport,Tulsa International Airport,Tulsa,US,TUL,KTUL,36.197084,-95.886225
3931,KTUP,medium_airport,Tupelo Regional Airport,Tupelo,US,TUP,KTUP,34.26810073852539,-88.7698974609375
3932,KTUS,large_airport,Tucson International Airport,Tucson,US,TUS,KTUS,32.115004,-110.938053
3933,KTVC,medium_airport,Cherry Capital Airport,Traverse City,US,TVC,KTVC,44.741402,-85.582199
21232,KTVF,medium_airport,Thief River Falls Regional Airport,Thief River Falls,US,TVF,KTVF,48.065701,-96.184998
3935,KTWF,medium_airport,Joslin Field Magic Valley Regional Airport,Twin Falls,US,TWF,KTWF,42.4818,-114.487999
3936,KTXK,medium_airport,Texarkana Regional Airport (Webb Field),Texarkana,US,TXK,KTXK,33.453701,-93.990997
3937,KTYR,medium_airport,Tyler Pounds Regional Airport,Tyler,US,TYR,KTYR,32.35409927368164,-95.40239715576172
3938,KTYS,large_airport,McGhee Tyson Airport,Knoxville/Maryville,US,TYS,KTYS,35.811001,-83.994003
3940,KUIN,medium_airport,Quincy Regional Airport Baldwin Field,Quincy,US,UIN,KUIN,39.942699,-91.194603
21300,KUNV,medium_airport,State College Regional Airport,State College,US,SCE,KUNV,40.849374,-77.84852
21305,KUUU,medium_airport,Newport State Airport,Newport,US,NPT,KUUU,41.532207,-71.281039
3945,KVCT,medium_airport,Victoria Regional Airport,Victoria,US,VCT,KVCT,28.85260009765625,-96.9185028076172
21318,KVEL,medium_airport,Vernal Regional Airport,Vernal,US,VEL,KVEL,40.436214,-109.511661
3946,KVLD,medium_airport,Valdosta Regional Airport,Valdosta,US,VLD,KVLD,30.78249931335449,-83.27670288085938
3948,KVPS,medium_airport,Destin-Fort Walton Beach Airport,Valparaiso,US,VPS,KVPS,30.481315,-86.515839
3950,KVRB,medium_airport,Vero Beach Regional Airport,Vero Beach,US,VRB,KVRB,27.6556,-80.417901
21382,KWST,medium_airport,Westerly State Airport,Westerly,US,WST,KWST,41.349602,-71.803398
3955,KWYS,medium_airport,Yellowstone Airport,West Yellowstone,US,WYS,KWYS,44.6884,-111.117996
21410,KXNA,medium_airport,Northwest Arkansas National Airport,Fayetteville/Springdale/Rogers,US,XNA,KXNA,36.281898,-94.306801
324440,KXWA,medium_airport,Williston Basin International Airport,Williston,US,XWA,KXWA,48.260863,-103.75116
3958,KYKM,medium_airport,Yakima Air Terminal McAllister Field,Yakima,US,YKM,KYKM,46.56819916,-120.5439987
430434,LA-0006,medium_airport,Bokeo International Airport,Ton Phueng,LA,BOR,VLBK,20.323986,100.165392
3972,LATI,large_airport,Tirana International Airport Mother Teresa,Rinas,AL,TIA,LATI,41.4147,19.7206
3974,LBBG,large_airport,Burgas Airport,Burgas,BG,BOJ,LBBG,42.569917,27.515173
3976,LBPD,large_airport,Plovdiv International Airport,Plovdiv,BG,PDV,LBPD,42.067799,24.8508
3977,LBSF,large_airport,Sofia Airport,Sofia,BG,SOF,LBSF,42.696357,23.417671
3979,LBWN,large_airport,Varna Airport,Varna,BG,VAR,LBWN,43.232101,27.8251
30979,LCEN,large_airport,Ercan International Airport,Tymbou (Kirklar),CY,ECN,LCEN,35.153064,33.507352
44646,LCGK,medium_airport,Lefkoniko Airport / Geçitkale Air Base,Lefkoniko (Geçitkale),CY,GEC,LCGK,35.23591,33.720088
3980,LCLK,large_airport,Larnaca International Airport,Larnaca,CY,LCA,LCLK,34.875099,33.624901
3981,LCPH,large_airport,Paphos International Airport,Paphos,CY,PFO,LCPH,34.717999,32.485699
3984,LDDU,large_airport,Dubrovnik Ruđer Bošković Airport,Dubrovnik,HR,DBV,LDDU,42.562247,18.265543
3986,LDOS,medium_airport,Osijek Airport,Osijek(Klisa),HR,OSI,LDOS,45.462355,18.811278
3987,LDPL,large_airport,Pula Airport,Pula,HR,PUY,LDPL,44.893501,13.9222
3989,LDRI,large_airport,Rijeka Airport,Rijeka(Omišalj),HR,RJK,LDRI,45.216376,14.57085
3990,LDSB,medium_airport,Brač Airport,Gornji Humac,HR,BWK,LDSB,43.284454,16.678362
3991,LDSP,large_airport,Split Saint Jerome Airport,Split,HR,SPU,LDSP,43.538898,16.298
3993,LDZA,large_airport,Zagreb Franjo Tuđman International Airport,Velika Gorica,HR,ZAG,LDZA,45.742901,16.0688
3994,LDZD,large_airport,Zadar Airport,Zadar,HR,ZAD,LDZD,44.096986,15.353565
3997,LEAL,large_airport,Alicante-Elche Miguel Hernández Airport,Alicante,ES,ALC,LEAL,38.2822,-0.558156
3998,LEAM,medium_airport,Almería Airport,Almería,ES,LEI,LEAM,36.843899,-2.3701
3999,LEAS,large_airport,Asturias Airport,Ranón,ES,OVD,LEAS,43.563599,-6.03462
4001,LEBB,large_airport,Bilbao Airport,Bilbao,ES,BIO,LEBB,43.301102,-2.91061
4004,LEBL,large_airport,Josep Tarradellas Barcelona-El Prat Airport,Barcelona,ES,BCN,LEBL,41.2971,2.07846
4005,LEBZ,medium_airport,Badajoz Airport,Badajoz,ES,BJZ,LEBZ,38.8913,-6.82133
300859,LECH,medium_airport,Castellón-Costa Azahar Airport,Castellón de la Plana,ES,CDT,LECH,40.213889,0.073333
4007,LECO,medium_airport,A Coruña Airport,Culleredo,ES,LCG,LECO,43.302101,-8.37726
308328,LEDA,medium_airport,Lleida-Alguaire Airport,Lleida,ES,ILD,LEDA,41.728185,0.535023
4010,LEGE,large_airport,Girona-Costa Brava Airport,Girona,ES,GRO,LEGE,41.904639,2.761774
4011,LEGR,medium_airport,F.G.L. Airport Granada-Jaén Airport,Granada,ES,GRX,LEGR,37.188702,-3.77736
4013,LEIB,large_airport,Ibiza Airport,Ibiza (Eivissa),ES,IBZ,LEIB,38.872898,1.37312
4015,LEJR,medium_airport,Jerez Airport,Jerez de la Frontera,ES,XRY,LEJR,36.744598,-6.06011
4018,LELN,medium_airport,León Airport,La Virgen del Camino,ES,LEN,LELN,42.590709,-5.653406
4019,LEMD,large_airport,Adolfo Suárez Madrid–Barajas Airport,Madrid,ES,MAD,LEMD,40.493407,-3.572249
4020,LEMG,large_airport,Málaga-Costa del Sol Airport,Málaga,ES,AGP,LEMG,36.6749,-4.49911
4021,LEMH,large_airport,Menorca Airport,Mahón (Maó),ES,MAH,LEMH,39.862598,4.21865
308134,LEMI,large_airport,Region of Murcia International Airport,Corvera,ES,RMU,LEMI,37.802852,-1.124884
4035,LEPA,large_airport,Palma de Mallorca Airport,Palma de Mallorca,ES,PMI,LEPA,39.551701,2.73881
4025,LEPP,medium_airport,Pamplona Airport,Pamplona,ES,PNA,LEPP,42.77,-1.64633
4031,LERS,large_airport,Reus Airport,Reus,ES,REU,LERS,41.147509,1.168354
4033,LESA,medium_airport,Salamanca Airport,Salamanca,ES,SLM,LESA,40.952099,-5.50199
4037,LESO,medium_airport,San Sebastián Airport,Hondarribia,ES,EAS,LESO,43.356499,-1.79061
4038,LEST,large_airport,Santiago-Rosalía de Castro Airport,Santiago de Compostela,ES,SCQ,LEST,42.896301,-8.41514
4039,LESU,medium_airport,Pirineus - la Seu d'Urgel Airport,La Seu d'Urgell Pyrenees and Andorra,ES,LEU,LESU,42.3386,1.40917
4042,LEVC,large_airport,Valencia Airport,Valencia,ES,VLC,LEVC,39.489162,-0.480961
4043,LEVD,medium_airport,Valladolid Airport,Valladolid,ES,VLL,LEVD,41.7061,-4.85194
4045,LEVT,medium_airport,Vitoria Airport,Alava,ES,VIT,LEVT,42.882801,-2.72447
4046,LEVX,medium_airport,Vigo Airport,Vigo,ES,VGO,LEVX,42.2318,-8.62677
4047,LEXJ,medium_airport,Seve Ballesteros-Santander Airport,Santander,ES,SDR,LEXJ,43.427101,-3.82001
4048,LEZG,large_airport,Zaragoza Airport,Zaragoza,ES,ZAZ,LEZG,41.666199,-1.04155
4049,LEZL,large_airport,Seville Airport,Seville,ES,SVQ,LEZL,37.417999,-5.89311
4060,LFBD,large_airport,Bordeaux–Mérignac Airport,Bordeaux,FR,BOD,LFBD,44.82865,-0.715356
4061,LFBE,medium_airport,Bergerac Dordogne-Périgord airport,Bergerac,FR,EGC,LFBE,44.825298,0.518611
4064,LFBH,medium_airport,La Rochelle Île de Ré Airport,La Rochelle,FR,LRH,LFBH,46.179199,-1.19528
4065,LFBI,medium_airport,Poitiers-Biard Airport,Poitiers/Biard,FR,PIS,LFBI,46.5877,0.306666
4067,LFBL,medium_airport,Limoges Airport,Limoges/Bellegarde,FR,LIG,LFBL,45.862801,1.17944
4070,LFBO,large_airport,Toulouse-Blagnac Airport,Toulouse/Blagnac,FR,TLS,LFBO,43.629101,1.36382
4071,LFBP,medium_airport,Pau Pyrénées Airport,Pau/Pyrénées (Uzein),FR,PUF,LFBP,43.380001,-0.418611
4073,LFBT,medium_airport,Tarbes-Lourdes-Pyrénées Airport,Tarbes/Lourdes/Pyrénées,FR,LDE,LFBT,43.178699,-0.006439
4077,LFBZ,medium_airport,Biarritz Pays Basque airport,Biarritz,FR,BIQ,LFBZ,43.468372,-1.523223
4082,LFCK,medium_airport,Castres Mazamet Airport,Castres,FR,DCM,LFCK,43.556301,2.28918
4086,LFCR,medium_airport,Rodez–Aveyron Airport,Rodez/Marcillac,FR,RDZ,LFCR,44.407902,2.48267
28818,LFEA,small_airport,Aérodrome de Belle Île,Bangor,FR,BIC,LFEA,47.325256,-3.201255
28820,LFEC,small_airport,Ouessant Airport,Ushant,FR,OUI,LFEC,48.4632,-5.06358
4101,LFEY,small_airport,Île d'Yeu Airport,Île d'Yeu,FR,IDY,LFEY,46.717641,-2.392544
4107,LFGJ,medium_airport,Dole Tavaux Airport,Dole,FR,DLE,LFGJ,47.038955,5.427589
4111,LFHP,small_airport,Le Puy-Loudes Airfield,"Chaspuzac, Haute-Loire",FR,LPY,LFHP,45.0807,3.76289
4120,LFJL,medium_airport,Metz-Nancy-Lorraine Airport,Goin,FR,ETZ,LFJL,48.982101,6.25132
4123,LFKB,large_airport,Bastia-Poretta International airport,Bastia,FR,BIA,LFKB,42.5527,9.48373
4124,LFKC,medium_airport,Calvi Sainte Catherine Airport,Calvi,FR,CLY,LFKC,42.530422,8.792984
4125,LFKF,large_airport,Figari Sud-Corse Airport,Figari,FR,FSC,LFKF,41.50185,9.097092
4126,LFKJ,medium_airport,Ajaccio Napoléon Bonaparte airport,Ajaccio,FR,AJA,LFKJ,41.923599,8.80292
4131,LFLB,medium_airport,Chambéry Aix les Bains airport,Chambéry,FR,CMF,LFLB,45.6381,5.88023
4132,LFLC,large_airport,Clermont-Ferrand Auvergne airport,Clermont-Ferrand,FR,CFE,LFLC,45.786701,3.16917
4137,LFLL,large_airport,Lyon Saint-Exupéry Airport,"Colombier-Saugnieu, Rhône",FR,LYS,LFLL,45.725996,5.090139
4141,LFLP,medium_airport,Annecy Meythet airport,Annecy,FR,NCY,LFLP,45.928947,6.0987
4142,LFLS,medium_airport,Grenoble Alpes Isère Airport,Grenoble,FR,GNB,LFLS,45.3629,5.32937
4146,LFLW,medium_airport,Aurillac airport,Aurillac,FR,AUR,LFLW,44.891399,2.42194
4154,LFMK,medium_airport,Carcassonne Salvaza Airport,Carcassonne,FR,CCF,LFMK,43.216,2.30632
4155,LFML,large_airport,Marseille Provence Airport,"Marignane, Bouches-du-Rhône",FR,MRS,LFML,43.438088,5.2125
4156,LFMN,large_airport,Nice-Côte d'Azur Airport,"Nice, Alpes-Maritimes",FR,NCE,LFMN,43.658401,7.21587
4158,LFMP,medium_airport,Perpignan-Rivesaltes (Llabanère) Airport,Perpignan/Rivesaltes,FR,PGF,LFMP,42.740398,2.87067
4161,LFMT,large_airport,Montpellier-Méditerranée Airport,Montpellier/Méditerranée,FR,MPL,LFMT,43.576199,3.96301
4162,LFMU,medium_airport,Béziers Vias airport,Béziers,FR,BZR,LFMU,43.323502,3.3539
4163,LFMV,medium_airport,Avignon Caumont airport,Avignon,FR,AVN,LFMV,43.907299,4.90183
4169,LFOB,large_airport,Beauvais-Tillé airport,Beauvais,FR,BVA,LFOB,49.454399,2.11278
4176,LFOK,medium_airport,Chalons Vatry airport,Chalons en Champagne,FR,XCR,LFOK,48.77333,4.20611
4179,LFOT,medium_airport,Tours Val de Loire Airport,"Tours, Indre-et-Loire",FR,TUF,LFOT,47.432201,0.727606
4183,LFPB,large_airport,Paris-Le Bourget International Airport,Paris,FR,LBG,LFPB,48.962276,2.436539
4185,LFPG,large_airport,Charles de Gaulle International Airport,"Paris (Roissy-en-France, Val-d'Oise)",FR,CDG,LFPG,49.00896,2.554117
4189,LFPO,large_airport,Paris-Orly Airport,"Paris (Orly, Val-de-Marne)",FR,ORY,LFPO,48.729499,2.358963
4202,LFQQ,large_airport,Lille Airport,Lesquin,FR,LIL,LFQQ,50.566564,3.102429
4206,LFRB,large_airport,Brest Bretagne airport,Brest,FR,BES,LFRB,48.447899,-4.41854
4208,LFRD,medium_airport,Dinard Pleurtuit Saint-Malo airport,Dinard,FR,DNR,LFRD,48.5877,-2.07996
4211,LFRG,medium_airport,Deauville Normandie airport,Deauville,FR,DOL,LFRG,49.365237,0.154481
4212,LFRH,medium_airport,Lorient South Brittany (Bretagne Sud) Airport,Lorient/Lann/Bihoué,FR,LRT,LFRH,47.760601,-3.44
4215,LFRK,medium_airport,Caen Carpiquet airport,Caen,FR,CFR,LFRK,49.17678,-0.454883
4217,LFRM,medium_airport,Le Mans-Arnage Airport,"Le Mans, Sarthe",FR,LME,LFRM,47.948604,0.201702
4218,LFRN,medium_airport,Rennes-Saint-Jacques Airport,"Saint-Jacques-de-la-Lande, Ille-et-Vilaine",FR,RNS,LFRN,48.0695,-1.73479
4221,LFRS,medium_airport,Nantes Atlantique Airport,Nantes,FR,NTE,LFRS,47.153198,-1.61073
4225,LFRZ,medium_airport,Saint-Nazaire-Montoir Airport,Saint-Nazaire/Montoir,FR,SNR,LFRZ,47.31142,-2.152634
4226,LFSB,large_airport,EuroAirport Basel–Mulhouse–Freiburg,Bâle / Mulhouse,FR,BSL,LFSB,47.60068,7.521117
4228,LFSD,medium_airport,Dijon Longvic airport,Dijon,FR,DIJ,LFSD,47.268902,5.09
29001,LFSL,medium_airport,Brive Souillac airport,Brive,FR,BVE,LFSL,45.039722,1.485556
4238,LFST,large_airport,Strasbourg Airport,Strasbourg,FR,SXB,LFST,48.5383,7.62823
4241,LFTH,medium_airport,Toulon-Hyères Airport,"Hyères, Var",FR,TLN,LFTH,43.097301,6.14603
4242,LFTW,medium_airport,Nîmes-Arles-Camargue Airport,Nîmes/Garons,FR,FNI,LFTW,43.757401,4.41635
4243,LFTZ,small_airport,La Môle Airport,Saint-Tropez,FR,LTT,LFTZ,43.205399,6.482
4244,LFVM,small_airport,Miquelon Airport,Miquelon,PM,MQC,LFVM,47.095501,-56.380299
4245,LFVP,medium_airport,Saint-Pierre Pointe-Blanche Airport,Saint-Pierre,PM,FSP,LFVP,46.762651,-56.17499
4250,LGAL,medium_airport,Alexandroupoli Democritus Airport,Alexandroupolis,GR,AXD,LGAL,40.8559,25.956301
4251,LGAV,large_airport,Athens Eleftherios Venizelos International Airport,Spata-Artemida,GR,ATH,LGAV,37.936401,23.9445
4253,LGBL,medium_airport,Nea Anchialos National Airport,Nea Anchialos,GR,VOL,LGBL,39.219601,22.7943
4255,LGHI,medium_airport,Chios Island National Airport,Chios Island,GR,JKH,LGHI,38.34320068359375,26.140600204467773
4256,LGIK,small_airport,Ikaria Airport,Ikaria Island,GR,JIK,LGIK,37.6827011108,26.3470993042
4257,LGIO,medium_airport,Ioannina King Pyrrhus National Airport,Ioannina,GR,IOA,LGIO,39.6964,20.8225
4258,LGIR,large_airport,Heraklion International Nikos Kazantzakis Airport,Heraklion,GR,HER,LGIR,35.339699,25.1803
4259,LGKA,small_airport,Kastoria National Airport Aristotle,Argos Orestiko,GR,KSO,LGKA,40.446301,21.2822
4260,LGKC,small_airport,Kithira Airport,Kithira Island,GR,KIT,LGKC,36.273978,23.016719
4261,LGKF,medium_airport,Kefallinia Airport,Kefallinia Island,GR,EFL,LGKF,38.12009811401367,20.5004997253418
30014,LGKJ,small_airport,Kastelorizo Airport,Kastelorizo Island,GR,KZS,LGKJ,36.141701,29.576401
4262,LGKL,medium_airport,Kalamata Airport,Kalamata,GR,KLX,LGKL,37.06829833984375,22.02549934387207
4264,LGKO,large_airport,"Kos International Airport ""Ippokratis""",Kos Island,GR,KGS,LGKO,36.794523,27.09115
4265,LGKP,medium_airport,Karpathos Airport,Karpathos Island,GR,AOK,LGKP,35.421398,27.146
4266,LGKR,large_airport,Corfu Ioannis Kapodistrias International Airport,Kerkyra (Corfu),GR,CFU,LGKR,39.60145,19.912179
4267,LGKS,small_airport,Kasos Airport,Kasos Island,GR,KSJ,LGKS,35.4213981628,26.9099998474
4268,LGKV,large_airport,Kavala Alexander the Great International Airport,Kavala,GR,KVA,LGKV,40.9133,24.6192
30004,LGKY,small_airport,Kalymnos Airport,Kalymnos Island,GR,JKL,LGKY,36.9632987976,26.9405994415
4269,LGKZ,medium_airport,Kozani National Airport Filippos,Kozani,GR,KZI,LGKZ,40.286098,21.840799
4270,LGLE,small_airport,Leros Airport,Leros Island,GR,LRS,LGLE,37.184898,26.800301
4271,LGLM,small_airport,Limnos Airport,Limnos Island,GR,LXS,LGLM,39.917098999,25.236299514799995
4274,LGMK,medium_airport,Mykonos Island National Airport,Mykonos,GR,JMK,LGMK,37.435101,25.348101
30139,LGML,small_airport,Milos Airport,Milos Island,GR,MLO,LGML,36.696899,24.4769
4275,LGMT,medium_airport,Mytilene International Airport,Mytilene,GR,MJT,LGMT,39.057406,26.598629
30182,LGNX,small_airport,Naxos Island National Airport,Naxos,GR,JNX,LGNX,37.0811,25.368099
30243,LGPA,small_airport,Paros National Airport,Paros,GR,PAS,LGPA,37.020495,25.113195
4276,LGPL,small_airport,Astypalaia Airport,Astypalaia Island,GR,JTY,LGPL,36.5798988342,26.3757991791
4277,LGPZ,medium_airport,Aktion National Airport,Preveza,GR,PVK,LGPZ,38.925499,20.765301
4279,LGRP,large_airport,"Rhodes International Airport ""Diagoras""",Rhodes,GR,RHO,LGRP,36.405399,28.086201
4280,LGRX,medium_airport,Patras Araxos Agamemnon Airport,Patras,GR,GPA,LGRX,38.1511,21.4256
4281,LGSA,large_airport,Chania International Airport,Souda,GR,CHQ,LGSA,35.531207,24.150673
4282,LGSK,medium_airport,Skiathos Island National Airport,Skiathos,GR,JSI,LGSK,39.177101,23.5037
4283,LGSM,medium_airport,Samos Airport,Samos Island,GR,SMI,LGSM,37.689999,26.911699
4284,LGSO,small_airport,Syros Airport,Syros Island,GR,JSY,LGSO,37.4227981567,24.9508991241
4286,LGSR,large_airport,Santorini International Airport,Santorini Island,GR,JTR,LGSR,36.400045,25.478638
4287,LGST,medium_airport,Sitia Airport,Crete Island,GR,JSH,LGST,35.21609878540039,26.101299285888672
4289,LGSY,small_airport,Skiros Airport,Skiros Island,GR,SKU,LGSY,38.9676017761,24.4871997833
4293,LGTS,large_airport,Thessaloniki Macedonia International Airport,Thessaloniki,GR,SKG,LGTS,40.51928,22.970009
4295,LGZA,medium_airport,Zakynthos International Airport Dionysios Solomos,Zakynthos,GR,ZTH,LGZA,37.7509,20.8843
4296,LHBP,large_airport,Budapest Liszt Ferenc International Airport,Budapest,HU,BUD,LHBP,47.43018,19.262393
4297,LHDC,large_airport,Debrecen International Airport,Debrecen,HU,DEB,LHDC,47.489469,21.616278
4302,LHPP,large_airport,Pécs-Pogány International Airport,Pécs,HU,PEV,LHPP,45.988891,18.242044
4303,LHPR,medium_airport,Győr-Pér Airport,Győr,HU,,LHPR,47.628436,17.804718
4305,LHSM,medium_airport,Hévíz–Balaton Airport,Sármellék,HU,SOB,LHSM,46.686391,17.159084
4309,LIBC,medium_airport,Crotone Sant'Anna Pythagoras Airport,Isola di Capo Rizzuto (KR),IT,CRV,LIBC,38.9972,17.0802
4310,LIBD,large_airport,Bari Karol Wojtyła International Airport,Bari,IT,BRI,LIBD,41.138901,16.760599
4311,LIBF,medium_airport,Foggia Gino Lisa Airport,Foggia (FG),IT,FOG,LIBF,41.433596,15.534566
4314,LIBP,large_airport,Abruzzo Airport,Pescara,IT,PSR,LIBP,42.431079,14.182981
4315,LIBR,large_airport,Brindisi Airport,Brindisi,IT,BDS,LIBR,40.6576,17.947001
4317,LICA,large_airport,Lamezia Terme Sant'Eufemia International Airport,Lamezia Terme (CZ),IT,SUF,LICA,38.906214,16.246007
298716,LICB,medium_airport,Comiso Airport,Comiso,IT,CIY,LICB,36.99583,14.60889
4318,LICC,large_airport,Catania-Fontanarossa Airport,Catania,IT,CTA,LICC,37.466801,15.0664
4319,LICD,medium_airport,Lampedusa Airport,Lampedusa,IT,LMP,LICD,35.497898,12.6181
4320,LICG,medium_airport,Pantelleria Airport,Pantelleria (TP),IT,PNL,LICG,36.816502,11.9689
4321,LICJ,large_airport,Falcone–Borsellino Airport,Palermo,IT,PMO,LICJ,38.175999,13.091
4323,LICR,medium_airport,Reggio Calabria Airport,Reggio Calabria,IT,REG,LICR,38.071201,15.6516
4324,LICT,medium_airport,Vincenzo Florio Airport Trapani-Birgi,Trapani (TP),IT,TPS,LICT,37.9114,12.488
4329,LIDT,medium_airport,Trento-Mattarello Airport,Trento (TN),IT,,LIDT,46.023333,11.125
4330,LIEA,medium_airport,Alghero-Fertilia Airport,Alghero,IT,AHO,LIEA,40.632099,8.29077
4332,LIEE,large_airport,Cagliari Elmas Airport,Cagliari,IT,CAG,LIEE,39.251499,9.05428
4333,LIEO,large_airport,Olbia Costa Smeralda Airport,Olbia (SS),IT,OLB,LIEO,40.898953,9.518457
4340,LIMC,large_airport,Milan Malpensa International Airport,Ferno (VA),IT,MXP,LIMC,45.6306,8.72811
4341,LIME,large_airport,Il Caravaggio International Airport,Orio al Serio (BG),IT,BGY,LIME,45.669362,9.708851
4342,LIMF,large_airport,Turin Airport,Caselle Torinese (TO),IT,TRN,LIMF,45.200802,7.64963
4344,LIMJ,large_airport,Genoa Cristoforo Colombo Airport,Genova (GE),IT,GOA,LIMJ,44.412039,8.840732
4345,LIML,large_airport,Milano Linate Airport,Segrate (MI),IT,LIN,LIML,45.445099,9.27674
4347,LIMP,medium_airport,Parma Airport,Parma (PR),IT,PMF,LIMP,44.826351,10.29705
4350,LIMZ,medium_airport,Cuneo International Airport,Levaldigi (CN),IT,CUF,LIMZ,44.547458,7.623045
4352,LIPB,medium_airport,Bolzano Airport,Bolzano (BZ),IT,BZO,LIPB,46.459245,11.326125
4354,LIPE,large_airport,Bologna Guglielmo Marconi Airport,Bologna,IT,BLQ,LIPE,44.5354,11.2887
4355,LIPH,large_airport,Treviso Airport,Treviso (TV),IT,TSF,LIPH,45.648399,12.1944
4357,LIPK,medium_airport,Forlì-Luigi Ridolfi International Airport,Forlì (FC),IT,FRL,LIPK,44.194801,12.0701
4360,LIPO,medium_airport,Brescia Gabriele d'Annunzio Airport,Montichiari (BS),IT,VBS,LIPO,45.428902,10.3306
4361,LIPQ,large_airport,Trieste Airport,Ronchi dei Legionari/Trieste,IT,TRS,LIPQ,45.827862,13.466672
4362,LIPR,large_airport,Federico Fellini International Airport,Rimini (RN),IT,RMI,LIPR,44.020024,12.612198
4366,LIPX,large_airport,Verona Villafranca Valerio Catullo Airport,Caselle (VR),IT,VRN,LIPX,45.394955,10.887303
4367,LIPY,medium_airport,Marche Airport,Falconara Marittima (AN),IT,AOI,LIPY,43.616299,13.3623
4368,LIPZ,large_airport,Venice Marco Polo Airport,Venezia (VE),IT,VCE,LIPZ,45.505299,12.3519
4370,LIRA,large_airport,Ciampino–G. B. Pastine International Airport,Rome,IT,CIA,LIRA,41.798769,12.595331
4372,LIRF,large_airport,Rome–Fiumicino Leonardo da Vinci International Airport,Rome,IT,FCO,LIRF,41.804532,12.251998
4374,LIRI,medium_airport,Salerno Costa d'Amalfi Airport,Salerno,IT,QSR,LIRI,40.620399,14.9113
4375,LIRJ,medium_airport,Marina di Campo Airport,Campo nell'Elba (LI),IT,EBA,LIRJ,42.760871,10.239811
4378,LIRN,large_airport,Naples International Airport,Napoli,IT,NAP,LIRN,40.886002,14.2908
4379,LIRP,large_airport,Pisa International Airport,Pisa (PI),IT,PSA,LIRP,43.683899,10.3927
4380,LIRQ,large_airport,"Florence Airport, Peretola",Firenze (FI),IT,FLR,LIRQ,43.808558,11.202822
4384,LIRZ,large_airport,Perugia San Francesco d'Assisi – Umbria International Airport,Perugia (PG),IT,PEG,LIRZ,43.095901,12.5132
4386,LJLJ,large_airport,Ljubljana Jože Pučnik Airport,Zgornji Brnik,SI,LJU,LJLJ,46.223701,14.4576
4387,LJMB,medium_airport,Maribor Edvard Rusjan Airport,Maribor,SI,MBX,LJMB,46.4799,15.6861
4393,LKCS,large_airport,České Budějovice South Bohemian Airport,České Budějovice,CZ,JCL,LKCS,48.948171,14.42832
4399,LKKV,large_airport,Karlovy Vary Airport,Karlovy Vary,CZ,KLV,LKKV,50.202999,12.915
4402,LKMT,large_airport,Leoš Janáček Airport Ostrava,Mošnov,CZ,OSR,LKMT,49.696301,18.111099
4405,LKPD,large_airport,Pardubice Airport,Pardubice,CZ,PED,LKPD,50.015049,15.73981
4408,LKPR,large_airport,Václav Havel Airport Prague,Prague,CZ,PRG,LKPR,50.100874,14.259911
4409,LKTB,medium_airport,Brno-Tuřany Airport,Brno,CZ,BRQ,LKTB,49.151276,16.693972
4411,LLBG,large_airport,Ben Gurion International Airport,Tel Aviv,IL,TLV,LLBG,32.011398,34.8867
330388,LLER,large_airport,Ramon International Airport,Eilat,IL,ETM,LLER,29.727009,35.014116
4417,LLHA,medium_airport,Uri Michaeli Haifa International Airport,Haifa,IL,HFA,LLHA,32.810219,35.043719
35207,LMMG,heliport,Xewkija Heliport,Gozo,MT,GZM,LMMG,36.027199,14.2728
4427,LMML,large_airport,Malta International Airport,Valletta,MT,MLA,LMML,35.845932,14.491546
30153,LNMC,heliport,Monaco Heliport,Fontvieille,MC,MCM,LNMC,43.725798,7.419673
4430,LOWG,large_airport,Graz Airport,Feldkirchen bei Graz,AT,GRZ,LOWG,46.9911,15.4396
4431,LOWI,large_airport,Innsbruck Airport,Innsbruck,AT,INN,LOWI,47.260201,11.344
4435,LOWK,large_airport,Klagenfurt Airport,Klagenfurt am Wörthersee,AT,KLU,LOWK,46.642502,14.3377
4432,LOWL,large_airport,Linz-Hörsching Airport,Linz,AT,LNZ,LOWL,48.235362,14.188128
4433,LOWS,large_airport,Salzburg Airport,Salzburg,AT,SZG,LOWS,47.793301,13.0043
4434,LOWW,large_airport,Vienna International Airport,Vienna,AT,VIE,LOWW,48.110298,16.5697
4439,LPAZ,medium_airport,Santa Maria Airport,Vila do Porto,PT,SMA,LPAZ,36.97140121459961,-25.17060089111328
4440,LPBG,medium_airport,Bragança Airport,Bragança,PT,BGC,LPBG,41.8578,-6.70713
29487,LPCR,small_airport,Corvo Airport,Corvo,PT,CVU,LPCR,39.671501,-31.1136
4444,LPCS,medium_airport,Cascais Airport,Cascais,PT,CAT,LPCS,38.724998,-9.35523
4447,LPFL,medium_airport,Flores Airport,Santa Cruz das Flores,PT,FLW,LPFL,39.455299377441406,-31.13139915466309
4448,LPFR,large_airport,Faro - Gago Coutinho International Airport,Faro,PT,FAO,LPFR,37.015909,-7.970939
4449,LPGR,medium_airport,Graciosa Airport,Santa Cruz da Graciosa,PT,GRW,LPGR,39.09220123291016,-28.029800415039062
4450,LPHR,medium_airport,Horta Airport,Horta,PT,HOR,LPHR,38.519901275634766,-28.715900421142575
4451,LPLA,medium_airport,Lajes Airport,Praia da Vitória,PT,TER,LPLA,38.761799,-27.090799
4452,LPMA,large_airport,Cristiano Ronaldo International Airport,Funchal,PT,FNC,LPMA,32.697812,-16.774613
4456,LPPD,large_airport,João Paulo II Airport,Ponta Delgada,PT,PDL,LPPD,37.7411994934,-25.6979007721
4457,LPPI,medium_airport,Pico Airport,Pico Island,PT,PIX,LPPI,38.554298,-28.441299
4458,LPPM,medium_airport,Portimão Airport,Portimão,PT,PRM,LPPM,37.1493,-8.58396
4459,LPPR,large_airport,Francisco de Sá Carneiro Airport,Porto,PT,OPO,LPPR,41.2481002808,-8.68138980865
4460,LPPS,medium_airport,Porto Santo Airport,Vila Baleira,PT,PXO,LPPS,33.0733985901,-16.3500003815
4461,LPPT,large_airport,Lisbon Humberto Delgado Airport,Lisbon,PT,LIS,LPPT,38.7813,-9.13592
4462,LPSJ,medium_airport,São Jorge Airport,Velas,PT,SJZ,LPSJ,38.665501,-28.1758
4465,LPVR,medium_airport,Vila Real Airport,Vila Real,PT,VRL,LPVR,41.2743,-7.72047
4466,LPVZ,medium_airport,Aerodromo Goncalves Lobato (Viseu Airport),Viseu,PT,VSE,LPVZ,40.725498,-7.88899
4467,LQBK,large_airport,Banja Luka International Airport,Mahovljani,BA,BNX,LQBK,44.941399,17.297501
4468,LQMO,large_airport,Mostar International Airport,Mostar,BA,OMO,LQMO,43.282489,17.846101
4469,LQSA,large_airport,Sarajevo International Airport,Sarajevo,BA,SJJ,LQSA,43.8246,18.331499
4470,LQTZ,large_airport,Tuzla International Airport,Dubrave Gornje,BA,TZL,LQTZ,44.459858,18.723627
4471,LRAR,medium_airport,Arad International Airport,Arad,RO,ARW,LRAR,46.176136,21.264322
4472,LRBC,large_airport,Bacău George Enescu International  Airport,Bacău,RO,BCM,LRBC,46.5219,26.910299
4473,LRBM,medium_airport,Maramureș International Airport,Tăuții-Măgherăuș,RO,BAY,LRBM,47.658444,23.464445
4474,LRBS,large_airport,Bucharest Băneasa Aurel Vlaicu International Airport,Bucharest,RO,BBU,LRBS,44.503133,26.102944
333670,LRBV,large_airport,Brașov-Ghimbav International Airport,Brașov (Ghimbav),RO,GHV,LRBV,45.70558,25.522871
4475,LRCK,large_airport,Mihail Kogălniceanu International Airport,Constanța,RO,CND,LRCK,44.362202,28.4883
4476,LRCL,large_airport,Avram Iancu Cluj International Airport,Cluj-Napoca,RO,CLJ,LRCL,46.786042,23.685733
4479,LRCV,large_airport,Craiova International Airport,Craiova,RO,CRA,LRCV,44.3181,23.888599
4480,LRIA,large_airport,Iaşi International Airport,Iaşi,RO,IAS,LRIA,47.179633,27.621431
4481,LROD,large_airport,Oradea International Airport,Oradea,RO,OMR,LROD,47.025299,21.9025
4482,LROP,large_airport,Bucharest Henri Coandă International Airport,Otopeni,RO,OTP,LROP,44.571792,26.103285
4483,LRSB,large_airport,Sibiu International Airport,Sibiu,RO,SBZ,LRSB,45.785841,24.086666
4484,LRSM,medium_airport,Satu Mare International Airport,Satu Mare,RO,SUJ,LRSM,47.7033,22.8857
4485,LRSV,large_airport,Suceava Ștefan cel Mare International Airport,Suceava,RO,SCV,LRSV,47.6875,26.354099
4487,LRTM,medium_airport,Târgu Mureş Transilvania International Airport,Recea,RO,TGM,LRTM,46.467701,24.4125
4488,LRTR,large_airport,Timișoara Traian Vuia International Airport,Timişoara,RO,TSR,LRTR,45.809898,21.3379
4490,LSGG,large_airport,Geneva International Airport,Geneva,CH,GVA,LSGG,46.238098,6.10895
4502,LSZA,medium_airport,Lugano Airport,Agno,CH,LUG,LSZA,46.004299,8.91058
4503,LSZB,medium_airport,Bern Airport,Bern,CH,BRN,LSZB,46.912736,7.498819
4505,LSZH,large_airport,Zürich Airport,Zurich,CH,ZRH,LSZH,47.458056,8.548056
4506,LSZR,medium_airport,Sankt Gallen Altenrhein Airport,St. Gallen,CH,ACH,LSZR,47.485001,9.56077
4509,LTAC,large_airport,Esenboğa International Airport,Ankara,TR,ESB,LTAC,40.128101,32.995098
4512,LTAF,large_airport,Adana Şakirpaşa Airport,Seyhan,TR,ADA,LTAF,36.982201,35.280399
4515,LTAI,large_airport,Antalya International Airport,Antalya,TR,AYT,LTAI,36.898701,30.800501
4516,LTAJ,large_airport,Gaziantep Oğuzeli International Airport,Gaziantep,TR,GZT,LTAJ,36.947201,37.478699
4518,LTAN,large_airport,Konya Airport,Konya,TR,KYA,LTAN,37.979,32.561901
4519,LTAO,small_airport,Malatya Tulga Airport,Malatya,TR,,LTAO,38.353699,38.253899
4520,LTAP,small_airport,Amasya Merzifon Airport,Amasya,TR,MZH,LTAP,40.829399,35.521999
4521,LTAR,small_airport,Sivas Nuri Demirağ Airport,Sivas,TR,VAS,LTAR,39.813801,36.9035
30585,LTAS,medium_airport,Zonguldak Çaycuma Airport,Zonguldak,TR,ONQ,LTAS,41.506401,32.0886
4522,LTAT,medium_airport,Malatya Erhaç Airport,Malatya,TR,MLX,LTAT,38.4352989197,38.0909996033
4523,LTAU,large_airport,Kayseri Erkilet International Airport,Kayseri,TR,ASR,LTAU,38.770401,35.495399
4525,LTAW,medium_airport,Tokat Airport,Tokat,TR,TJK,LTAW,40.32472,36.39056
4526,LTAY,medium_airport,Çardak Airport,Denizli,TR,DNZ,LTAY,37.7855987549,29.7012996674
4527,LTAZ,large_airport,Nevşehir Kapadokya Airport,Nevşehir,TR,NAV,LTAZ,38.7719,34.5345
4529,LTBF,medium_airport,Balıkesir Airport,Balıkesir,TR,BZI,LTBF,39.619301,27.926001
4531,LTBH,medium_airport,Çanakkale Airport,Çanakkale,TR,CKZ,LTBH,40.1376991272,26.4267997742
4533,LTBJ,large_airport,Adnan Menderes International Airport,Gaziemir,TR,ADB,LTBJ,38.2924,27.157
4541,LTBR,medium_airport,Bursa Yenişehir Airport,Yenişehir,TR,YEI,LTBR,40.255199,29.562599
4542,LTBS,large_airport,Dalaman International Airport,Dalaman,TR,DLM,LTBS,36.7131,28.7925
4544,LTBU,medium_airport,Tekirdağ Çorlu Airport,Çorlu,TR,TEQ,LTBU,41.138199,27.9191
4547,LTBY,large_airport,Hasan Polatkan Airport,Eskişehir,TR,AOE,LTBY,39.811644,30.519268
44490,LTBZ,small_airport,Zafer Airport,Altıntaş,TR,KZR,LTBZ,39.111107,30.130405
4548,LTCA,medium_airport,Elazığ Airport,Elazığ,TR,EZS,LTCA,38.597974,39.28348
44789,LTCB,medium_airport,Ordu–Giresun Airport,Ordu,TR,OGU,LTCB,40.966872,38.085995
4549,LTCC,medium_airport,Diyarbakır Airport,Diyarbakır,TR,DIY,LTCC,37.893902,40.201
4550,LTCD,medium_airport,Erzincan Airport,Erzincan,TR,ERC,LTCD,39.7102012634,39.5270004272
4551,LTCE,medium_airport,Erzurum International Airport,Erzurum,TR,ERZ,LTCE,39.956501,41.1702
4552,LTCF,medium_airport,Kars Airport,Kars,TR,KSY,LTCF,40.562198638916016,43.1150016784668
4553,LTCG,medium_airport,Trabzon International Airport,Trabzon,TR,TZX,LTCG,40.995098,39.7897
4555,LTCI,medium_airport,Van Ferit Melen Airport,Van,TR,VAN,LTCI,38.46820068359375,43.332298278808594
4556,LTCJ,medium_airport,Batman Airport,Batman,TR,BAL,LTCJ,37.929001,41.1166
4557,LTCK,medium_airport,Muş Airport,Muş,TR,MSR,LTCK,38.74779891967773,41.66120147705078
30418,LTCM,medium_airport,Sinop Airport,Sinop,TR,NOP,LTCM,42.018313,35.071774
4559,LTCN,medium_airport,Kahramanmaraş Airport,Kahramanmaraş,TR,KCM,LTCN,37.5388259888,36.9535217285
4560,LTCO,medium_airport,Ağrı Airport,Ağrı,TR,AJI,LTCO,39.655642,43.025742
4561,LTCP,medium_airport,Adıyaman Airport,Adıyaman,TR,ADF,LTCP,37.7314,38.468899
4562,LTCR,medium_airport,Mardin Airport,Mardin,TR,MQM,LTCR,37.2233009338,40.6316986084
44491,LTCS,large_airport,Şanlıurfa GAP Airport,Şanlıurfa,TR,GNY,LTCS,37.445663,38.895592
44790,LTCT,medium_airport,Iğdır Airport,Iğdır,TR,IGD,LTCT,39.976627,43.876648
44781,LTCU,small_airport,Bingöl Airport,Bingöl,TR,BGG,LTCU,38.860131,40.594489
316546,LTCV,medium_airport,Şırnak Şerafettin Elçi Airport,Şırnak,TR,NKT,LTCV,37.3647,42.0582
317863,LTCW,medium_airport,Hakkari Yüksekova Airport,Hakkari,TR,YKO,LTCW,37.5497,44.2381
44484,LTDA,medium_airport,Hatay Airport,Antakya,TR,HTY,LTDA,36.36079,36.285589
324731,LTDB,large_airport,Çukurova International Airport,Tarsus,TR,COV,LTDB,36.891478,35.071235
4565,LTFC,medium_airport,Süleyman Demirel International Airport,Isparta,TR,ISE,LTFC,37.8554,30.368401
4566,LTFD,large_airport,Balıkesir Koca Seyit Airport,Edremit,TR,EDO,LTFD,39.552533,27.010192
4567,LTFE,large_airport,Milas Bodrum International Airport,Bodrum,TR,BJV,LTFE,37.249314,27.66401
44487,LTFG,medium_airport,Gazipaşa-Alanya Airport,Gazipaşa,TR,GZP,LTFG,36.298832,32.297017
4568,LTFH,medium_airport,Samsun-Çarşamba Airport,Samsun,TR,SZF,LTFH,41.253988,36.567546
4569,LTFJ,large_airport,Istanbul Sabiha Gökçen International Airport,"Pendik, Istanbul",TR,SAW,LTFJ,40.898602,29.3092
317457,LTFM,large_airport,İstanbul Airport,Istanbul,TR,IST,LTFM,41.274874,28.732136
316329,LTFO,large_airport,Rize–Artvin Airport,Rize,TR,RZV,LTFO,41.179766,40.848802
4571,LUKK,large_airport,Chişinău International Airport,Chişinău,MD,RMO,LUKK,46.92774,28.931704
4572,LWOH,large_airport,Ohrid St. Paul the Apostle Airport,Ohrid,MK,OHD,LWOH,41.18,20.7423
4573,LWSK,large_airport,Skopje International Airport,Ilinden,MK,SKP,LWSK,41.958087,21.622581
4574,LXGB,large_airport,Gibraltar Airport,Gibraltar,GI,GIB,LXGB,36.151679,-5.34978
4610,LYBE,large_airport,Belgrade Nikola Tesla Airport,Belgrade,RS,BEG,LYBE,44.818401,20.309099
31872,LYKV,medium_airport,Morava Airport,Kraljevo,RS,KVO,LYKV,43.817519,20.586662
4612,LYNI,large_airport,Niš Constantine the Great Airport,Niš,RS,INI,LYNI,43.336538,21.856242
4613,LYPG,large_airport,Podgorica Airport / Podgorica Golubovci Airbase,Podgorica,ME,TGD,LYPG,42.359402,19.2519
4615,LYTV,medium_airport,Tivat Airport,Tivat,ME,TIV,LYTV,42.404701,18.723301
354840,LZG,medium_airport,Langzhong Gucheng Airport,Nanchong (Langzhong),CN,LZG,ZULA,31.50191,106.034417
4617,LZIB,large_airport,M. R. Štefánik Airport,Bratislava,SK,BTS,LZIB,48.1702,17.2127
4618,LZKZ,medium_airport,Košice International Airport,Košice,SK,KSC,LZKZ,48.663101,21.2411
4621,LZSL,medium_airport,Sliač Airport,Sliač,SK,SLD,LZSL,48.63779830932617,19.13409996032715
4623,LZTT,medium_airport,Poprad-Tatry Airport,Poprad,SK,TAT,LZTT,49.070994,20.241394
4626,MBGT,medium_airport,JAGS McCartney International Airport,Cockburn Town,TC,GDT,MBGT,21.4445,-71.142303
4627,MBNC,medium_airport,North Caicos Airport,North Caicos,TC,NCA,MBNC,21.916094,-71.942954
4628,MBPV,large_airport,Providenciales International Airport,Providenciales,TC,PLS,MBPV,21.773697,-72.268321
4629,MBSC,medium_airport,South Caicos Airport,South Caicos,TC,XSC,MBSC,21.515699,-71.528503
32325,MBSY,small_airport,Salt Cay Airport,Salt Cay,TC,SLX,MBSY,21.3330001831,-71.1999969482
4632,MDBH,medium_airport,Maria Montez International Airport,Barahona,DO,BRX,MDBH,18.25149917602539,-71.12039947509766
30673,MDCY,medium_airport,Samaná El Catey International Airport,Samana,DO,AZS,MDCY,19.269259,-69.737405
4634,MDJB,medium_airport,La Isabela International Airport,La Isabela,DO,JBQ,MDJB,18.57250022888184,-69.98560333251953
4635,MDLR,large_airport,Casa De Campo International Airport,La Romana,DO,LRM,MDLR,18.452222,-68.911111
4636,MDPC,large_airport,Punta Cana International Airport,Punta Cana,DO,PUJ,MDPC,18.567093,-68.364558
4637,MDPP,medium_airport,Gregorio Luperon International Airport,Puerto Plata,DO,POP,MDPP,19.7579,-70.57
4638,MDSD,large_airport,Las Américas International Airport,Santo Domingo,DO,SDQ,MDSD,18.42970085144,-69.668899536133
4640,MDST,large_airport,Cibao International Airport,Santiago,DO,STI,MDST,19.40406,-70.604431
4644,MGGT,large_airport,La Aurora International Airport,Guatemala City,GT,GUA,MGGT,14.582896,-90.527515
42226,MGHT,small_airport,Huehuetenango Airport,Huehuetenango,GT,HUG,MGHT,15.316667,-91.505556
4645,MGPB,medium_airport,Puerto Barrios Airport,Puerto Barrios,GT,PBR,MGPB,15.7309,-88.583801
30610,MGQZ,small_airport,Quezaltenango Airport,Quezaltenango,GT,AAZ,MGQZ,14.8656,-91.501999
4647,MGRT,medium_airport,Retalhuleu Airport,Retalhuleu,GT,RER,MGRT,14.521431,-91.697001
4660,MHLC,medium_airport,Golosón International Airport,La Ceiba,HN,LCE,MHLC,15.7425,-86.852997
4661,MHLM,large_airport,Ramón Villeda Morales International Airport,San Pedro Sula,HN,SAP,MHLM,15.4526,-87.923599
4662,MHNJ,medium_airport,La Laguna Airport,Guanaja,HN,GJA,MHNJ,16.4454,-85.906601
32153,MHPL,small_airport,Puerto Lempira Airport,Puerto Lempira,HN,PEU,MHPL,15.2622,-83.781197
4663,MHRO,large_airport,Juan Manuel Gálvez International Airport,Coxen Hole,HN,RTB,MHRO,16.316799,-86.523003
4664,MHSC,large_airport,Palmerola International Airport,Palmerola,HN,XPL,MHPR,14.3824,-87.621201
4666,MHTG,medium_airport,Toncontín Airport,Tegucigalpa,HN,TGU,MHTG,14.0609,-87.217201
32522,MHUT,small_airport,Utila Airport,Utila Island,HN,UII,MHUT,16.1131,-86.880302
4679,MKBS,medium_airport,Ian Fleming International Airport,Boscobel,JM,OCJ,MKBS,18.404079,-76.969754
4680,MKJP,large_airport,Norman Manley International Airport,Kingston,JM,KIN,MKJP,17.935699462890625,-76.7874984741211
4681,MKJS,large_airport,Sangster International Airport,Montego Bay,JM,MBJ,MKJS,18.50342,-77.91323
4683,MKTP,medium_airport,Tinson Pen Airport,Tinson Pen,JM,KTP,MKTP,17.98859977722168,-76.82379913330078
4864,MM10,small_airport,Isla Cedros Airport,Cedros Island,MX,,MMCD,28.039031,-115.189419
4688,MMAA,large_airport,General Juan N. Álvarez International Airport,Acapulco,MX,ACA,MMAA,16.757126,-99.753113
4691,MMAS,large_airport,Aguascalientes International Airport,Aguascalientes,MX,AGU,MMAS,21.699589,-102.318372
4692,MMBT,large_airport,Bahías de Huatulco International Airport,Huatulco,MX,HUX,MMBT,15.775437,-96.260456
4694,MMCE,medium_airport,Ciudad del Carmen International Airport,Ciudad del Carmen,MX,CME,MMCE,18.651516,-91.799355
4697,MMCL,large_airport,Bachigualato Federal International Airport,Culiacán,MX,CUL,MMCL,24.76504,-107.475228
4698,MMCM,medium_airport,Chetumal International Airport,Chetumal,MX,CTM,MMCM,18.504985,-88.328018
4699,MMCN,medium_airport,Ciudad Obregón International Airport,Ciudad Obregón,MX,CEN,MMCN,27.39259910583496,-109.83300018310548
4700,MMCP,medium_airport,Ingeniero Alberto Acuña Ongay International Airport,Campeche,MX,CPE,MMCP,19.815969,-90.500125
4701,MMCS,large_airport,Abraham González International Airport,Ciudad Juárez,MX,CJS,MMCS,31.636673,-106.428533
4703,MMCU,large_airport,General Roberto Fierro Villalobos International Airport,Chihuahua,MX,CUU,MMCU,28.702649,-105.963764
4704,MMCV,medium_airport,General Pedro Jose Mendez International Airport,Ciudad Victoria,MX,CVM,MMCV,23.7033,-98.956497
4706,MMCZ,large_airport,Cozumel International Airport,Cozumel,MX,CZM,MMCZ,20.514922,-86.928538
4707,MMDO,medium_airport,General Guadalupe Victoria International Airport,Durango,MX,DGO,MMDO,24.125468,-104.527938
4708,MMEP,medium_airport,Amado Nervo National Airport,Tepic,MX,TPQ,MMEP,21.419833,-104.842472
4710,MMGL,large_airport,Guadalajara International Airport,Guadalajara,MX,GDL,MMGL,20.523342,-103.310108
4711,MMGM,medium_airport,General José María Yáñez International Airport,Guaymas,MX,GYM,MMGM,27.9689998626709,-110.9250030517578
31554,MMGR,small_airport,Guerrero Negro Airport,San Quintín,MX,GUB,MMGR,28.0261,-114.024002
4713,MMHO,large_airport,General Ignacio L. Pesqueira International Airport,Hermosillo,MX,HMO,MMHO,29.092811,-111.053015
4714,MMIA,medium_airport,Licenciado Miguel de la Madrid International Airport,Colima,MX,CLQ,MMIA,19.277,-103.577002
4716,MMIO,medium_airport,Plan de Guadalupe International Airport,Saltillo,MX,SLW,MMIO,25.53786,-100.928346
4717,MMIT,medium_airport,General Antonio Cárdenas Rodríguez National Airport / Ixtepec Air Base,Ixtepec,MX,IZT,MMIT,16.445961,-95.093708
4721,MMLM,medium_airport,Valle del Fuerte International Airport,Los Mochis,MX,LMM,MMLM,25.685503,-109.081159
4722,MMLO,large_airport,Guanajuato International Airport,Silao,MX,BJX,MMLO,20.992695,-101.480284
4723,MMLP,medium_airport,Manuel Márquez de León International Airport,La Paz,MX,LAP,MMLP,24.072331,-110.362662
4724,MMLT,large_airport,Loreto International Airport,Loreto,MX,LTO,MMLT,25.989549,-111.348408
4725,MMMA,medium_airport,General Servando Canales International Airport,Matamoros,MX,MAM,MMMA,25.7698993683,-97.5252990723
4726,MMMD,large_airport,Manuel Crescencio Rejón International Airport,Mérida,MX,MID,MMMD,20.930485,-89.645462
4727,MMML,medium_airport,General Rodolfo Sánchez Taboada International Airport,Mexicali,MX,MXL,MMML,32.630629,-115.242805
4728,MMMM,large_airport,General Francisco J. Mujica International Airport,Morelia,MX,MLM,MMMM,19.849899,-101.025002
4729,MMMT,medium_airport,Minatitlán/Coatzacoalcos International Airport,Cosoleacaque,MX,MTT,MMMT,18.103399,-94.580704
4731,MMMX,large_airport,Mexico City Benito Juárez International Airport,Mexico City,MX,MEX,MMMX,19.435822,-99.07033
4732,MMMY,large_airport,Monterrey International Airport,Monterrey,MX,MTY,MMMY,25.778521,-100.106989
4733,MMMZ,large_airport,General Rafael Buelna International Airport,Mazatlàn,MX,MZT,MMMZ,23.162823,-106.264517
4735,MMNL,medium_airport,Quetzalcóatl International Airport,Nuevo Laredo,MX,NLD,MMNL,27.443899,-99.570503
4736,MMOX,large_airport,Xoxocotlán International Airport,Oaxaca,MX,OAX,MMOX,16.998773,-96.726092
4737,MMPA,medium_airport,El Tajín National Airport,Poza Rica,MX,PAZ,MMPA,20.6026992798,-97.4608001709
4738,MMPB,large_airport,Hermanos Serdán International Airport,Puebla,MX,PBC,MMPB,19.158465,-98.371582
45229,MMPE,small_airport,Mar de Cortés International Airport,Puerto Peñasco,MX,PPE,MMPE,31.351987,-113.305177
4741,MMPG,medium_airport,Piedras Negras International Airport,Piedras Negras,MX,PDS,MMPG,28.627873,-100.53524
4742,MMPN,medium_airport,Uruapan - Licenciado y General Ignacio Lopez Rayon International Airport,Uruapan,MX,UPN,MMPN,19.3967,-102.039001
4745,MMPR,large_airport,Puerto Vallarta International Airport,Puerto Vallarta,MX,PVR,MMPR,20.679913,-105.254391
4746,MMPS,medium_airport,Puerto Escondido International Airport,Puerto Escondido,MX,PXM,MMPS,15.876808,-97.0891
4747,MMQT,large_airport,Querétaro Intercontinental Airport,Querétaro,MX,QRO,MMQT,20.618779,-100.186449
4748,MMRX,medium_airport,General Lucio Blanco International Airport,Reynosa,MX,REX,MMRX,26.0089,-98.2285
4750,MMSD,large_airport,Los Cabos International Airport,San José del Cabo,MX,SJD,MMSD,23.151919,-109.720731
4869,MMSL,medium_airport,Cabo San Lucas International Airport,Cabo San Lucas,MX,CSW,MMSL,22.949072,-109.939479
31923,MMSM,large_airport,Felipe Ángeles International Airport,Mexico City,MX,NLU,MMSM,19.743824,-99.01507
4752,MMSP,medium_airport,Ponciano Arriaga International Airport,San Luis Potosí,MX,SLP,MMSP,22.262026,-100.935692
4755,MMTC,medium_airport,Francisco Sarabia Tinoco International Airport,Torreón,MX,TRC,MMTC,25.562265,-103.404608
43048,MMTG,medium_airport,Angel Albino Corzo International Airport,Tuxtla Gutiérrez,MX,TGZ,MMTG,16.561611,-93.025731
4757,MMTJ,large_airport,General Abelardo L. Rodriguez International Airport,Tijuana,MX,TIJ,MMTJ,32.541043,-116.969976
520012,MMTL,large_airport,Felipe Carrillo Puerto International Airport Tulum,Tulum,MX,TQO,MMTL,20.172098,-87.660272
4758,MMTM,medium_airport,General Francisco Javier Mina International Airport,Ciudad Madero,MX,TAM,MMTM,22.292622,-97.867058
4760,MMTO,large_airport,Adolfo López Mateos International Airport,Toluca,MX,TLC,MMTO,19.3369,-99.56583
4761,MMTP,medium_airport,Tapachula International Airport,Tapachula,MX,TAP,MMTP,14.794549,-92.369871
4762,MMUN,large_airport,Cancún International Airport,Cancún,MX,CUN,MMUN,21.040817,-86.87347
4763,MMVA,large_airport,Carlos Rovirosa Pérez International Airport,Villahermosa,MX,VSA,MMVA,17.994283,-92.818199
4764,MMVR,large_airport,General Heriberto Jara International Airport,Veracruz,MX,VER,MMVR,19.139589,-96.188602
4765,MMZC,medium_airport,General Leobardo C. Ruiz International Airport,Zacatecas,MX,ZCL,MMZC,22.894942,-102.687154
4766,MMZH,large_airport,Ixtapa-Zihuatanejo International Airport,Ixtapa,MX,ZIH,MMZH,17.601771,-101.460629
4768,MMZO,medium_airport,Playa de Oro International Airport,Manzanillo,MX,ZLO,MMZO,19.1448,-104.558998
4770,MNBL,medium_airport,Bluefields Airport,Bluefields,NI,BEF,MNBL,11.991,-83.774101
42164,MNCI,small_airport,Corn Island Airport,Corn Island,NI,RNI,MNCI,12.174785,-83.059445
4774,MNMG,large_airport,Augusto C. Sandino (Managua) International Airport,Managua,NI,MGA,MNMG,12.1415,-86.168198
4776,MNPC,medium_airport,Puerto Cabezas Airport,Puerto Cabezas,NI,PUZ,MNPC,14.047200202941896,-83.38670349121094
330319,MOH,small_airport,Maleo Airport,Morowali,ID,MOH,WAFO,-2.201143,121.662884
4786,MPBO,medium_airport,"Bocas del Toro ""Isla Colón"" International Airport",Isla Colón,PA,BOC,MPBO,9.34085,-82.250801
4787,MPCE,medium_airport,Alonso Valderrama Airport,Chitré,PA,CTD,MPCE,7.98784,-80.409837
4788,MPCH,medium_airport,Changuinola Captain Manuel Niño International Airport,Changuinola,PA,CHX,MPCH,9.458962,-82.515062
4789,MPDA,medium_airport,Enrique Malek International Airport,David,PA,DAV,MPDA,8.388983,-82.436425
4790,MPEJ,medium_airport,Enrique Adolfo Jimenez Airport,Colón,PA,ONX,MPEJ,9.35664,-79.867401
4791,MPMG,medium_airport,Marcos A. Gelabert International Airport,Albrook,PA,PAC,MPMG,8.97334,-79.555603
31940,MPSM,small_airport,Scarlett Martinez International Airport,Río Hato,PA,RIH,MPSM,8.375880241394,-80.127899169922
4793,MPTO,large_airport,Tocumen International Airport,Tocumen,PA,PTY,MPTO,9.07136,-79.383499
41925,MRAN,medium_airport,La Fortuna Arenal Airport,La Fortuna,CR,FON,MRAN,10.469311,-84.579073
4804,MRGF,medium_airport,Golfito Airport,Golfito,CR,GLF,MRGF,8.65401,-83.182198
4806,MRLB,large_airport,Daniel Oduber Quirós International Airport,Liberia,CR,LIR,MRLB,10.5933,-85.544403
4808,MRLM,medium_airport,Limón International Airport,Limón,CR,LIO,MRLM,9.95796,-83.022003
4809,MRNS,medium_airport,Nosara Airport,Nicoya,CR,NOB,MRNS,9.97649002075,-85.65299987790002
4810,MROC,large_airport,Juan Santamaría International Airport,San José (Alajuela),CR,SJO,MROC,9.99386,-84.208801
32160,MRPJ,medium_airport,Puerto Jimenez Airport,Puerto Jimenez,CR,PJM,MRPJ,8.533329963684082,-83.30000305175781
4813,MRPV,medium_airport,Tobías Bolaños International Airport,San Jose,CR,SYQ,MRPV,9.95705,-84.139801
4814,MRQP,medium_airport,Quepos Managua Airport,Quepos,CR,XQP,MRQP,9.44316,-84.129799
4820,MSLP,large_airport,El Salvador International Airport Saint Óscar Arnulfo Romero y Galdámez,San Salvador (San Luis Talpa),SV,SAL,MSLP,13.44447,-89.055784
4821,MSSS,medium_airport,Ilopango International Airport,San Salvador,SV,ILS,MSSS,13.6995,-89.119904
4822,MTCA,medium_airport,Antoine-Simon International Airport,Les Cayes,HT,CYA,MTCA,18.271099,-73.7883
4823,MTCH,large_airport,Cap Haitien International Airport,Cap Haitien,HT,CAP,MTCH,19.725547,-72.20071
31696,MTJE,medium_airport,Jérémie Airport,Carrefour Sanon,HT,JEE,MTJE,18.663099,-74.170303
4825,MTPP,large_airport,Toussaint Louverture International Airport,Port-au-Prince,HT,PAP,MTPP,18.580023,-72.292596
4826,MUBA,medium_airport,Gustavo Rizo Airport,Baracoa,CU,BCA,MUBA,20.36529922485352,-74.5062026977539
4828,MUBY,medium_airport,Carlos Manuel de Cespedes Airport,Bayamo,CU,BYM,MUBY,20.3964,-76.621399
4831,MUCC,medium_airport,Jardines Del Rey Airport,Cayo Coco,CU,CCC,MUCC,22.4610004425,-78.32839965820001
4832,MUCF,medium_airport,Jaime Gonzalez Airport,Cienfuegos,CU,CFG,MUCF,22.149999618530277,-80.41419982910156
4833,MUCL,medium_airport,Vilo Acuña International Airport,Cayo Largo del Sur,CU,CYO,MUCL,21.6165008545,-81.5459976196
4834,MUCM,large_airport,Ignacio Agramonte International Airport,Camaguey,CU,CMW,MUCM,21.419909,-77.848039
4835,MUCU,large_airport,Antonio Maceo International Airport,Santiago,CU,SCU,MUCU,19.97474,-75.835504
4839,MUHA,large_airport,José Martí International Airport,Havana,CU,HAV,MUHA,22.989200592041016,-82.40910339355469
4840,MUHG,large_airport,Frank Pais International Airport,Holguin,CU,HOG,MUHG,20.785148,-76.315526
4847,MUMZ,medium_airport,Sierra Maestra International Airport,Manzanillo,CU,MZO,MUMZ,20.288605,-77.087545
4849,MUNG,medium_airport,Rafael Cabrera Airport,Nueva Gerona,CU,GER,MUNG,21.834699630737305,-82.78379821777344
4854,MUSC,large_airport,Abel Santamaria International Airport,Santa Clara,CU,SNU,MUSC,22.492215,-79.943119
4858,MUTD,medium_airport,Alberto Delgado Airport,Trinidad,CU,TND,MUTD,21.7883,-79.9972
4859,MUVR,large_airport,Juan Gualberto Gomez International Airport,Matanzas,CU,VRA,MUVR,23.034401,-81.435303
4860,MUVT,medium_airport,Hermanos Ameijeiras Airport,Las Tunas,CU,VTU,MUVT,20.9876,-76.935799
4861,MWCB,medium_airport,Charles Kirkconnell International Airport,West End,KY,CYB,MWCB,19.687,-79.882797
4862,MWCR,large_airport,Owen Roberts International Airport,George Town,KY,GCM,MWCR,19.292801,-81.357697
4925,MYAF,medium_airport,Andros Town Airport,Andros Town,BS,ASD,MYAF,24.697901,-77.795601
4926,MYAK,medium_airport,Congo Town Airport,Andros,BS,TZN,MYAK,24.158701,-77.589798
4927,MYAM,medium_airport,Leonard M. Thompson International Airport,Marsh Harbour,BS,MHH,MYAM,26.510711,-77.084262
4928,MYAN,medium_airport,San Andros Airport,Andros Island,BS,SAQ,MYAN,25.053800582885746,-78.04900360107422
4929,MYAP,medium_airport,Spring Point Airport,Spring Point,BS,AXP,MYAP,22.441799,-73.970901
4931,MYAT,medium_airport,Treasure Cay Airport,Treasure Cay,BS,TCB,MYAT,26.745300293,-77.3912963867
4933,MYBC,medium_airport,Chub Cay Airport,Chub Cay,BS,CCZ,MYBC,25.417101,-77.880898
4935,MYBS,medium_airport,South Bimini Airport,South Bimini,BS,BIM,MYBS,25.6998996735,-79.2647018433
4936,MYCA,medium_airport,Arthur's Town Airport,Arthur's Town,BS,ATC,MYCA,24.6294,-75.673797
4937,MYCB,medium_airport,New Bight Airport,Cat Island,BS,TBI,MYCB,24.3153,-75.452301
4938,MYCI,medium_airport,Colonel Hill Airport,Colonel Hill,BS,CRI,MYCI,22.7456,-74.182404
4939,MYEF,medium_airport,Exuma International Airport,Moss Town,BS,GGT,MYEF,23.562599,-75.877998
4941,MYEH,medium_airport,North Eleuthera Airport,North Eleuthera,BS,ELH,MYEH,25.475823,-76.680784
4942,MYEM,medium_airport,Governor's Harbour Airport,Governor's Harbour,BS,GHB,MYEM,25.2847,-76.331001
4944,MYER,medium_airport,Rock Sound International Airport,Rock Sound,BS,RSD,MYER,24.89165,-76.177602
4946,MYGF,large_airport,Grand Bahama International Airport,Freeport,BS,FPO,MYGF,26.557996,-78.695583
4947,MYIG,medium_airport,Inagua Airport,Matthew Town,BS,IGA,MYIG,20.975,-73.666901
4948,MYLD,medium_airport,Deadman's Cay Airport,Deadman's Cay,BS,LGI,MYLD,23.1790008545,-75.09359741210001
4949,MYLS,medium_airport,Stella Maris Airport,Stella Maris,BS,SML,MYLS,23.582317,-75.268621
4950,MYMM,medium_airport,Mayaguana Airport,Abraham Bay Settlement,BS,MYG,MYMM,22.379499,-73.013494
4951,MYNN,large_airport,Lynden Pindling International Airport,Nassau,BS,NAS,MYNN,25.039,-77.466202
4954,MYSM,large_airport,San Salvador International Airport,San Salvador,BS,ZSA,MYSM,24.063041,-74.523233
4956,MZBZ,large_airport,Philip S. W. Goldson International Airport,Belize City,BZ,BZE,MZBZ,17.539951,-88.303556
42217,MZPL,medium_airport,Placencia Airport,Placencia,BZ,PLJ,MZPL,16.536957,-88.361511
4957,NCAI,small_airport,Aitutaki Airport,Aitutaki,CK,AIT,NCAI,-18.8309,-159.764008
30629,NCAT,small_airport,Enua Airport,Atiu Island,CK,AIU,NCAT,-19.96780014038086,-158.11900329589844
31907,NCMH,small_airport,Manihiki Island Airport,Manihiki Island,CK,MHX,NCMH,-10.38091,-160.999424
31968,NCMK,small_airport,Mauke Airport,Mauke Island,CK,MUK,NCMK,-20.13610076904297,-157.34500122070312
31933,NCMR,small_airport,Mitiaro Island Airport,Mitiaro Island,CK,MOI,NCMR,-19.842501,-157.703003
4958,NCRG,large_airport,Rarotonga International Airport,Avarua,CK,RAR,NCRG,-21.2027,-159.806
31662,NFCI,small_airport,Cicia Airport,Cicia,FJ,ICI,NFCI,-17.7432994843,-179.341995239
4959,NFFN,large_airport,Nadi International Airport,Nadi,FJ,NAN,NFFN,-17.761822,177.437843
32176,NFFO,small_airport,Malolo Lailai Island Airport,Malolo Lailai Island,FJ,PTF,NFFO,-17.778448,177.196996
31738,NFKD,small_airport,Vunisea Airport,Vunisea,FJ,KDV,NFKD,-19.0580997467,178.156997681
31926,NFMA,small_airport,Mana Island Airport,Mana Island,FJ,MNF,NFMA,-17.672844,177.0985
31895,NFMO,small_airport,Moala Airport,Moala,FJ,MFJ,NFMO,-18.5666999817,179.951004028
4960,NFNA,large_airport,Nausori International Airport,Nausori,FJ,SUV,NFNA,-18.044226,178.561486
31810,NFNB,small_airport,Levuka Airfield,Bureta,FJ,LEV,NFNB,-17.7110996246,178.759002686
32026,NFNG,small_airport,Ngau Airport,Ngau,FJ,NGI,NFNG,-18.1156005859,179.339996338
31829,NFNK,small_airport,Lakeba Island Airport,Lakeba Island,FJ,LKB,NFNK,-18.1991996765,-178.817001343
4961,NFNL,medium_airport,Labasa Airport,Labasa,FJ,LBS,NFNL,-16.4667,179.339996
32485,NFNM,small_airport,Matei Airport,Matei,FJ,TVU,NFNM,-16.690599,-179.876999
31789,NFNO,small_airport,Koro Island Airport,Koro Island,FJ,KXF,NFNO,-17.3458003998,179.42199707
32233,NFNR,small_airport,Rotuma Airport,Rotuma,FJ,RTA,NFNR,-12.482500076293944,177.0709991455078
32397,NFNS,small_airport,Savusavu Airport,Savusavu,FJ,SVU,NFNS,-16.803394,179.340587
32717,NFSW,small_airport,Yasawa Island Airport,Yasawa Island,FJ,YAS,NFSW,-16.7589,177.544998
31024,NFTE,small_airport,Kaufana Airport,Eua Island,TO,EUA,NFTE,-21.3782997131,-174.957992554
4962,NFTF,large_airport,Fua'amotu International Airport,Nuku'alofa,TO,TBU,NFTF,-21.241438,-175.149164
4963,NFTL,medium_airport,Lifuka Island Airport,Lifuka,TO,HPA,NFTL,-19.777000427246094,-174.34100341796875
32052,NFTP,small_airport,Kuini Lavenia Airport,Niuatoputapu,TO,NTT,NFTP,-15.977297,-173.791089
4964,NFTV,large_airport,Vava'u International Airport,Vava'u Island,TO,VAV,NFTV,-18.5853,-173.962006
35321,NFVB,small_airport,Vanua Balavu Airport,Vanua Balavu,FJ,VBV,NFVB,-17.268999099731445,-178.9759979248047
300565,NG-0004,medium_airport,Port Harcourt City Airport / Port Harcourt Air Force Base,Port Harcourt,NG,PHG,DNPM,4.846111,7.021389
313797,NG-0005,large_airport,Sir Ahmadu Bello International Airport,Birinin Kebbi,NG,,DNBK,12.479048,4.369132
44571,NGFU,medium_airport,Funafuti International Airport,Funafuti,TV,FUN,NGFU,-8.523885,179.196976
4972,NGTA,large_airport,Bonriki International Airport,South Tarawa,KI,TRW,NGTA,1.38164,173.147003
30681,NGTU,small_airport,Butaritari Airport,Butaritari,KI,BBG,NGTU,3.08583,172.811005
30607,NGUK,small_airport,Aranuka Airport,Buariki,KI,AAK,NGUK,0.185278,173.636993
4974,NIUE,medium_airport,Niue International Airport,Alofi,NU,IUE,NIUE,-19.080109,-169.923493
316547,NLH,medium_airport,Ninglang Luguhu Airport,Ninglang,CN,NLH,ZPNL,27.5403,100.7593
31215,NLWF,small_airport,Pointe Vele Airport,Futuna Island,WF,FUT,NLWF,-14.311565,-178.066492
4975,NLWW,large_airport,Hihifo Airport,Wallis Island,WF,WLS,NLWW,-13.239445,-176.19865
32097,NSAS,small_airport,Ofu Airport,Ofu,AS,OFU,NSAS,-14.1844,-169.669998
4976,NSFA,large_airport,Faleolo International Airport,Apia,WS,APW,NSFA,-13.83,-172.007996
4977,NSFQ,small_airport,Fitiuta Airport,Fitiuta Village,AS,FTI,NSFQ,-14.216131,-169.423771
4978,NSTU,large_airport,Pago Pago International Airport,Pago Pago,AS,PPG,NSTU,-14.331,-170.710007
4979,NTAA,large_airport,Fa'a'ā International Airport,Papeete,PF,PPT,NTAA,-17.553472,-149.606936
309518,NTAM,small_airport,Rimatara Airport,Rimatara Island,PF,RMT,NTAM,-22.63725,-152.8059
4980,NTAR,medium_airport,Rurutu Airport,,PF,RUR,NTAR,-22.43409919738769,-151.36099243164062
4981,NTAT,medium_airport,Tubuai Airport,,PF,TUB,NTAT,-23.36540031433105,-149.5240020751953
4982,NTAV,small_airport,Raivavae Airport,,PF,RVV,NTAV,-23.885201,-147.662003
4983,NTGA,medium_airport,Anaa Airport,Anaa,PF,AAA,NTGA,-17.3526,-145.509995
4984,NTGB,medium_airport,Fangatau Airport,Fangatau,PF,FGU,NTGB,-15.820044,-140.888071
4985,NTGC,medium_airport,Tikehau Airport,Tuherahera,PF,TIH,NTGC,-15.1196,-148.231003
30648,NTGD,small_airport,Apataki Airport,Apataki,PF,APK,NTGD,-15.5736,-146.414993
4987,NTGF,medium_airport,Fakarava Airport,,PF,FAV,NTGF,-16.054100036621094,-145.65699768066406
31577,NTGH,small_airport,Hikueru Airport,Hikueru,PF,HHZ,NTGH,-17.548297,-142.612037
4988,NTGI,medium_airport,Manihi Airport,,PF,XMH,NTGI,-14.436800003051758,-146.07000732421875
4989,NTGJ,medium_airport,Totegegie Airport,,PF,GMR,NTGJ,-23.07990074157715,-134.88999938964844
4990,NTGK,medium_airport,Kaukura Airport,Raitahiti,PF,KKR,NTGK,-15.6633,-146.884995
4991,NTGM,medium_airport,Makemo Airport,Makemo,PF,MKP,NTGM,-16.5839,-143.658005
32005,NTGN,small_airport,Napuka Island Airport,Napuka Island,PF,NAU,NTGN,-14.177397,-141.266112
32456,NTGO,small_airport,Tatakoto Airport,Tatakoto,PF,TKV,NTGO,-17.355226,-138.44734
4992,NTGP,small_airport,Puka Puka Airport,,PF,PKP,NTGP,-14.80955,-138.812621
4993,NTGT,medium_airport,Takapoto Airport,,PF,TKP,NTGT,-14.709500312805176,-145.24600219726562
4994,NTGU,medium_airport,Arutua Airport,,PF,AXR,NTGU,-15.248299598693848,-146.61700439453125
4995,NTGV,medium_airport,Mataiva Airport,,PF,MVT,NTGV,-14.8681001663208,-148.7169952392578
4997,NTHE,medium_airport,Ahe Airport,Ahe Atoll,PF,AHE,NTHE,-14.428099632263184,-146.2570037841797
31752,NTKA,small_airport,Kauehi Airport,Kauehi,PF,KHZ,NTKA,-15.780622,-145.128443
31128,NTKH,small_airport,Fakahina Airport,Fakahina,PF,FHZ,NTKH,-15.992259,-140.164246
313344,NTKN,small_airport,Naiu Airport,Naiu Atoll,PF,NIU,NTKN,-16.119296,-146.368768
302302,NTKO,small_airport,Raroia Airport,Raroia,PF,RRR,NTKO,-16.050485,-142.476568
5000,NTKR,medium_airport,Takaroa Airport,,PF,TKX,NTKR,-14.45580005645752,-145.02499389648438
5001,NTMD,medium_airport,Nuku Hiva Airport,Nuku Hiva,PF,NHV,NTMD,-8.7956,-140.229004
5002,NTMN,medium_airport,Hiva Oa-Atuona Airport,Hiva Oa Island,PF,AUQ,NTMN,-9.76879024506,-139.011001587
32499,NTMP,small_airport,Ua Pou Airport,Ua Pou,PF,UAP,NTMP,-9.35167,-140.078003
32497,NTMU,small_airport,Ua Huka Airport,Ua Huka,PF,UAH,NTMU,-8.936228,-139.554062
5003,NTTB,medium_airport,Bora Bora Airport,Motu Mute,PF,BOB,NTTB,-16.444400787353516,-151.75100708007812
5004,NTTG,medium_airport,Rangiroa Airport,,PF,RGI,NTTG,-14.954299926757812,-147.66099548339844
5005,NTTH,medium_airport,Huahine-Fare Airport,Fare,PF,HUH,NTTH,-16.687084,-151.021593
5006,NTTM,medium_airport,Moorea Temae Airport,Moorea-Maiao,PF,MOZ,NTTM,-17.48979,-149.761777
5007,NTTO,medium_airport,Hao Airport,Otepa,PF,HOI,NTTO,-18.0748,-140.945999
5008,NTTP,medium_airport,Maupiti Airport,,PF,MAU,NTTP,-16.42650032043457,-152.24400329589844
5009,NTTR,medium_airport,Raiatea Airport,Uturoa,PF,RFP,NTTR,-16.7229,-151.466003
32323,NVSC,small_airport,Sola Airport,Sola,VU,SLH,NVSC,-13.8516998291,167.537002563
30817,NVSF,small_airport,Craig Cove Airport,Craig Cove,VU,CCV,NVSF,-16.264999,167.923996
31841,NVSG,small_airport,Longana Airport,Longana,VU,LOD,NVSG,-15.3066997528,167.966995239
35161,NVSH,small_airport,Sara Airport,Pentecost Island,VU,SSR,NVSH,-15.4708003998,168.151992798
35163,NVSI,small_airport,Tavie Airport,Paama Island,VU,PBJ,NVSI,-16.431955,168.235511
31847,NVSL,small_airport,Lamap Airport,Lamap,VU,LPM,NVSL,-16.4611228,167.829253
31835,NVSM,small_airport,Lamen Bay Airport,Lamen Bay,VU,LNB,NVSM,-16.584199905400002,168.158996582
31836,NVSO,small_airport,Lonorore Airport,Lonorore,VU,LNE,NVSO,-15.8655996323,168.17199707
32056,NVSP,small_airport,Norsup Airport,Norsup,VU,NUS,NVSP,-16.0797,167.401001
5010,NVSS,medium_airport,Santo Pekoa International Airport,Luganville,VU,SON,NVSS,-15.505000114399998,167.220001221
32437,NVST,small_airport,Tongoa Airport,Tongoa Island,VU,TGH,NVST,-16.8910999298,168.550994873
32583,NVSV,small_airport,Valesdir Airport,Epi Island,VU,VLS,NVSV,-16.796100616500002,168.177001953
32658,NVSW,small_airport,Walaha Airport,Walaha,VU,WLH,NVSW,-15.412,167.690994
35160,NVSZ,small_airport,North West Santo Airport,Olpoi,VU,OLJ,NVSZ,-14.881699562099998,166.557998657
31209,NVVF,small_airport,Futuna Airport,Futuna Island,VU,FTA,NVVF,-19.5163993835,170.231994629
5011,NVVV,large_airport,Bauerfield International Airport,Port Vila,VU,VLI,NVVV,-17.699301,168.320007
5012,NVVW,medium_airport,Whitegrass Airport,Tanna Island,VU,TAH,NVVW,-19.455099,169.223999
32439,NWWA,medium_airport,Tiga Airport,Tiga,NC,TGJ,NWWA,-21.096407,167.80379
30778,NWWC,small_airport,Île Art - Waala Airport,Waala,NC,BMY,NWWC,-19.720521,163.661077
5013,NWWD,medium_airport,Koné Airport,Koné,NC,KNQ,NWWD,-21.053551,164.838768
5014,NWWE,medium_airport,Île des Pins Airport,Île des Pins,NC,ILP,NWWE,-22.5889,167.455994
5015,NWWK,small_airport,Koumac Airport,Koumac,NC,KOC,NWWK,-20.546323,164.255648
5016,NWWL,medium_airport,Lifou Airport,Lifou,NC,LIF,NWWL,-20.774563,167.239328
5017,NWWM,medium_airport,Nouméa Magenta Airport,Nouméa,NC,GEA,NWWM,-22.257706,166.472822
5018,NWWR,medium_airport,Maré Airport,Maré,NC,MEE,NWWR,-21.482438,168.038465
5019,NWWU,medium_airport,Touho Airport,Touho,NC,TOU,NWWU,-20.790127,165.259524
5020,NWWV,medium_airport,Ouvéa Airport,Ouvéa,NC,UVE,NWWV,-20.640932,166.573024
5021,NWWW,large_airport,La Tontouta International Airport,Nouméa (La Tontouta),NC,NOU,NWWW,-22.014601,166.212997
5023,NZAA,large_airport,Auckland International Airport,Auckland,NZ,AKL,NZAA,-37.01199,174.786331
5024,NZAP,medium_airport,Taupo Airport,Taupo,NZ,TUO,NZAP,-38.73970031738281,176.08399963378906
5026,NZCH,large_airport,Christchurch International Airport,Christchurch,NZ,CHC,NZCH,-43.489029,172.532065
5027,NZCI,medium_airport,Inia William Tuuta Memorial Airport,Te One,NZ,CHT,NZCI,-43.81189,-176.46514
5028,NZDN,medium_airport,Dunedin International Airport,Dunedin,NZ,DUD,NZDN,-45.929017,170.197758
29913,NZGB,small_airport,Great Barrier Aerodrome,Claris,NZ,GBZ,NZGB,-36.241402,175.472
5030,NZGS,medium_airport,Gisborne Airport,Gisborne,NZ,GIS,NZGS,-38.6633,177.977997
5032,NZHK,medium_airport,Hokitika Airfield,,NZ,HKK,NZHK,-42.713600158691406,170.98500061035156
5033,NZHN,medium_airport,Hamilton International Airport,Hamilton,NZ,HLZ,NZHN,-37.866961,175.331952
5036,NZKK,medium_airport,Kerikeri Airport,Kerikeri,NZ,KKE,NZKK,-35.259148,173.913317
5037,NZKT,medium_airport,Kaitaia Airport,Awanui,NZ,KAT,NZKT,-35.069837,173.287053
5042,NZNP,medium_airport,New Plymouth Airport,New Plymouth,NZ,NPL,NZNP,-39.00859832763672,174.1790008544922
5043,NZNR,medium_airport,Hawke's Bay Airport,Napier,NZ,NPE,NZNR,-39.465801,176.869995
5044,NZNS,medium_airport,Nelson Airport,Nelson,NZ,NSN,NZNS,-41.298302,173.220993
5045,NZNV,medium_airport,Invercargill Airport,Invercargill,NZ,IVC,NZNV,-46.41239929199219,168.31300354003906
5049,NZPM,medium_airport,Palmerston North Airport,Palmerston North,NZ,PMR,NZPM,-40.320599,175.617004
30267,NZPN,small_airport,Picton Aerodrome,Koromiko,NZ,PCN,NZPN,-41.346099853516,173.95599365234
5051,NZQN,large_airport,Queenstown Airport,Queenstown,NZ,ZQN,NZQN,-45.019205,168.746379
5052,NZRO,medium_airport,Rotorua Regional Airport,Rotorua,NZ,ROT,NZRO,-38.1092,176.317001
5055,NZTG,medium_airport,Tauranga Airport,Tauranga,NZ,TRG,NZTG,-37.67190170288086,176.1959991455078
5056,NZTU,medium_airport,Timaru Airport,,NZ,TIU,NZTU,-44.30279922485352,171.22500610351562
5058,NZWB,medium_airport,Woodbourne Airport,Blenheim,NZ,BHE,NZWB,-41.5182991027832,173.8699951171875
5060,NZWF,medium_airport,Wanaka Airport,Wanaka,NZ,WKA,NZWF,-44.722091,169.246287
5062,NZWK,medium_airport,Whakatāne Airport,Whakatāne,NZ,WHK,NZWK,-37.922224,176.91696
5063,NZWN,large_airport,Wellington International Airport,Wellington,NZ,WLG,NZWN,-41.326839,174.806862
5066,NZWR,medium_airport,Whangarei Airport,Whangarei,NZ,WRE,NZWR,-35.769253,174.363713
5067,NZWS,medium_airport,Westport Airport,Westport,NZ,WSZ,NZWS,-41.737111,171.579033
5068,NZWU,medium_airport,Wanganui Airport,Wanganui,NZ,WAG,NZWU,-39.963467,175.02444
31065,OAFZ,small_airport,Fayzabad Airport,Fayzabad,AF,FBD,OAFZ,37.122148,70.5201
5069,OAHR,large_airport,Herat - Khwaja Abdullah Ansari International Airport,Guzara,AF,HEA,OAHR,34.209999,62.228298
5072,OAKB,large_airport,Kabul International Airport,Kabul,AF,KBL,OAKB,34.565899,69.212303
5073,OAKN,large_airport,Ahmad Shah Baba International Airport,Kandahar,AF,KDH,OAKN,31.505769,65.847963
332240,OAKS,medium_airport,Khost International Airport,Khost,AF,KHT,OAKS,33.284605,69.80734
5074,OAMN,medium_airport,Maymana Zahiraddin Faryabi Airport,Maymana,AF,MMZ,OAMN,35.930801,64.760902
5075,OAMS,large_airport,Mazar-i-Sharif International Airport,Mazar-i-Sharif,AF,MZR,OAMS,36.70412,67.210459
5079,OBBI,large_airport,Bahrain International Airport,Manama,BH,BAH,OBBI,26.267295,50.63764
5082,OEAB,large_airport,Abha International Airport,Abha,SA,AHB,OEAB,18.2404,42.656601
5083,OEAH,large_airport,Al-Ahsa International Airport,Hofuf,SA,HOF,OEAH,25.285299,49.485199
300611,OEAO,large_airport,Al-Ula International Airport,Al-Ula,SA,ULH,OEAO,26.483634,38.117048
5084,OEBA,medium_airport,King Saud Bin Abdulaziz (Al Baha) Airport,Al-Baha,SA,ABT,OEBA,20.298506,41.636153
5085,OEBH,medium_airport,Bisha Airport,Bisha,SA,BHH,OEBH,19.9844,42.620899
5087,OEDF,large_airport,King Fahd International Airport,Ad Dammam,SA,DMM,OEDF,26.4691,49.798209
5088,OEDM,medium_airport,Dawadmi Domestic Airport,Dawadmi,SA,DWD,OEDM,24.4499,44.121201
5090,OEGN,medium_airport,Jizan Regional Airport / King Abdullah bin Abdulaziz Airport,Jizan,SA,GIZ,OEGN,16.9011,42.5858
5091,OEGS,large_airport,Prince Naif bin Abdulaziz International Airport,Qassim,SA,ELQ,OEGS,26.302799,43.774399
5092,OEGT,medium_airport,Gurayat Domestic Airport,Gurayat,SA,URY,OEGT,31.412413,37.278898
5093,OEHL,large_airport,Hail International Airport,Hail,SA,HAS,OEHL,27.437901,41.686298
5097,OEJN,large_airport,King Abdulaziz International Airport,Jeddah,SA,JED,OEJN,21.680241,39.157436
5098,OEKK,medium_airport,King Khaled Military City Airport,King Khaled Military City,SA,KMC,OEKK,27.9009,45.528198
5101,OEMA,large_airport,Prince Mohammad Bin Abdulaziz Airport,Medina,SA,MED,OEMA,24.5534,39.705101
5102,OENG,medium_airport,Najran Domestic Airport,Najran,SA,EAM,OENG,17.611401,44.419201
332512,OENN,large_airport,Neom Bay Airport,Sharma,SA,NUM,OENN,27.924261,35.29358
5103,OEPA,large_airport,Qaisumah–Hafar Al-Batin International Airport,Qaisumah,SA,AQI,OEPA,28.335726,46.127108
5111,OERF,medium_airport,Rafha Domestic Airport,Rafha,SA,RAH,OERF,29.626399993896484,43.4906005859375
5112,OERK,large_airport,King Khalid International Airport,Riyadh,SA,RUH,OERK,24.9576,46.698799
5114,OERR,medium_airport,Arar Domestic Airport,Arar,SA,RAE,OERR,30.90660095214844,41.13819885253906
5118,OESH,medium_airport,Sharurah Domestic Airport,Sharurah,SA,SHW,OESH,17.4669,47.121399
5119,OESK,large_airport,Al-Jawf International Airport,Al-Jawf,SA,AJF,OESK,29.783301,40.100905
5121,OETB,large_airport,Prince Sultan bin Abdulaziz International Airport,Tabuk,SA,TUU,OETB,28.3711,36.624865
5122,OETF,large_airport,Taif International Airport,Taif,SA,TIF,OETF,21.484739,40.544074
5125,OETR,medium_airport,Turaif Domestic Airport,Turaif,SA,TUI,OETR,31.692188,38.731544
5127,OEWD,medium_airport,Wadi Al Dawasir Domestic Airport,Wadi Al Dawasir,SA,WAE,OEWD,20.504299,45.1996
5128,OEWJ,medium_airport,Al Wajh Domestic Airport,Al Wajh,SA,EJH,OEWJ,26.198601,36.476398
5129,OEYN,large_airport,Prince Abdulmohsen Bin Abdulaziz International Airport,Yanbu,SA,YNB,OEYN,24.144199,38.0634
5130,OIAA,large_airport,Abadan Ayatollah Jami International Airport,Abadan,IR,ABD,OIAA,30.367887,48.230075
5131,OIAD,medium_airport,Dezful Airport,Dezful,IR,DEF,OIAD,32.434399,48.397598
5133,OIAH,medium_airport,Gachsaran Airport,Gachsaran,IR,GCH,OIAH,30.333869,50.833796
5136,OIAM,medium_airport,Mahshahr Airport,Mahshahr,IR,MRX,OIAM,30.5562,49.151901
5137,OIAW,large_airport,Qasem Soleimani International Airport,Ahvaz,IR,AWZ,OIAW,31.3364,48.763789
5138,OIBA,medium_airport,Abu Musa Island Airport,Abu Musa,IR,AEU,OIBA,25.8757,55.033001
5139,OIBB,medium_airport,Bushehr Airport,Bushehr,IR,BUZ,OIBB,28.9447994232,50.8345985413
5143,OIBK,large_airport,Kish International Airport,Kish Island,IR,KIH,OIBK,26.525427,53.980462
5144,OIBL,medium_airport,Bandar Lengeh International Airport,Bandar Lengeh,IR,BDH,OIBL,26.532283,54.82484
5145,OIBP,medium_airport,Persian Gulf International Airport,Khiyaroo,IR,PGU,OIBP,27.379601,52.737701
5146,OIBQ,medium_airport,Khark Airport,Khark,IR,KHK,OIBQ,29.260503,50.322193
5149,OICC,medium_airport,Shahid Ashrafi Esfahani Airport,Kermanshah,IR,KSH,OICC,34.3459014893,47.1581001282
5151,OICK,medium_airport,Khoram Abad Airport,,IR,KHD,OICK,33.43539810180664,48.282901763916016
5152,OICS,medium_airport,Sanandaj Airport,,IR,SDG,OICS,35.24589920043945,47.00920104980469
5155,OIFK,medium_airport,Kashan Airport,Kashan,IR,KKS,OIFK,33.895302,51.577
5156,OIFM,large_airport,Isfahan Shahid Beheshti International Airport,Isfahan,IR,IFN,OIFM,32.755142,51.883877
5159,OIGG,medium_airport,Sardar-e-Jangal Airport,Rasht,IR,RAS,OIGG,37.323333,49.617778
5160,OIHH,medium_airport,Hamadan Airport,Hamadan,IR,HDM,OIHH,34.866416,48.56069
5166,OIIE,large_airport,Imam Khomeini International Airport,Tehran,IR,IKA,OIIE,35.416099548339844,51.15219879150391
5168,OIII,large_airport,Mehrabad International Airport,Tehran,IR,THR,OIII,35.689175,51.314392
5171,OIIP,large_airport,Payam International Airport,Karaj,IR,PYK,OIIP,35.7761,50.826698
32103,OIIS,small_airport,Semnan Municipal Airport,Semnan,IR,SNX,OIIS,35.591099,53.495098
5172,OIKB,large_airport,Bandar Abbas International Airport,Bandar Abbas,IR,BND,OIKB,27.2183,56.3778
5174,OIKK,large_airport,Ayatollah Hashemi Rafsanjani International Airport,Kerman,IR,KER,OIKK,30.271276,56.949692
5175,OIKM,medium_airport,Bam Airport,Bam,IR,BXR,OIKM,29.0842,58.450001
35276,OIKQ,large_airport,Qeshm International Airport,Qeshm(Dayrestan),IR,GSM,OIKQ,26.754639,55.902353
5178,OIKR,medium_airport,Rafsanjan Airport,Rafsanjan,IR,RJN,OIKR,30.298345,56.048979
5180,OIMB,large_airport,Birjand International Airport,Birjand,IR,XBJ,OIMB,32.896525,59.281258
5183,OIMM,large_airport,Mashhad International Airport,Mashhad,IR,MHD,OIMM,36.234821,59.642949
5184,OIMN,medium_airport,Bojnord Airport,Bojnord,IR,BJB,OIMN,37.49300003051758,57.30820083618164
5185,OIMS,medium_airport,Sabzevar National Airport,Sabzevar,IR,AFZ,OIMS,36.16809844970703,57.59519958496094
5190,OINN,medium_airport,Nowshahr Airport,Nowshahr,IR,NSH,OINN,36.664286,51.46273
5191,OINR,medium_airport,Ramsar Airport,Ramsar,IR,RZR,OINR,36.90701,50.687316
5192,OINZ,medium_airport,Sari Dasht-e Naz International Airport,Sari,IR,SRY,OINZ,36.644408,53.188761
5195,OISL,medium_airport,Lar Airport,Lar,IR,LRR,OISL,27.6747,54.383301
5196,OISR,medium_airport,Lamerd Airport,Lamerd,IR,LFM,OISR,27.3727,53.188801
5197,OISS,large_airport,Shiraz Shahid Dastghaib International Airport,Shiraz,IR,SYZ,OISS,29.5392,52.589802
5200,OITL,medium_airport,Ardabil Airport,Ardabil,IR,ADU,OITL,38.3256988525,48.4244003296
5202,OITP,small_airport,Parsabad-Moghan Airport,Parsabad,IR,PFQ,OITP,39.6036,47.8815
5203,OITR,medium_airport,Urmia Airport,Urmia,IR,OMH,OITR,37.6680984497,45.0686988831
5204,OITT,large_airport,Tabriz International Airport,Tabriz,IR,TBZ,OITT,38.1339,46.235001
5206,OIYY,medium_airport,Shahid Sadooghi Airport,Yazd,IR,AZD,OIYY,31.9048995972,54.2765007019
5208,OIZC,medium_airport,Chabahar Konarak International Airport,Konarak,IR,ZBR,OIZC,25.44319,60.382167
5209,OIZH,large_airport,Zahedan International Airport,Zahedan,IR,ZAH,OIZH,29.4757,60.9062
32107,OIZJ,small_airport,Jask Airport,Bandar-e-Jask,IR,JSK,OIZJ,25.654757,57.801718
5212,OJAI,large_airport,Queen Alia International Airport,Amman,JO,AMM,OJAI,31.7226009369,35.9931983948
5213,OJAM,large_airport,Marka International (Amman Civil) Airport,Amman,JO,ADJ,OJAM,31.9727,35.9916
5214,OJAQ,large_airport,King Hussein International Airport,Aqaba,JO,AQJ,OJAQ,29.611601,35.018101
5220,OKKK,large_airport,Kuwait International Airport,Kuwait City,KW,KWI,OKKK,29.224487,47.969813
5222,OLBA,large_airport,Beirut Rafic Hariri International Airport,Beirut,LB,BEY,OLBA,33.819833,35.487443
5226,OMAA,large_airport,Zayed International Airport,Abu Dhabi,AE,AUH,OMAA,24.440966,54.649237
5230,OMAL,large_airport,Al Ain International Airport,Al Ain,AE,AAN,OMAL,24.2617,55.6092
5235,OMDB,large_airport,Dubai International Airport,Dubai,AE,DXB,OMDB,25.24979,55.370992
315507,OMDL,small_airport,Delma Airport,Delma Island,AE,ZDY,OMDL,24.51,52.3352
300320,OMDW,large_airport,Al Maktoum International Airport,Dubai(Jebel Ali),AE,DWC,OMDW,24.896171,55.16235
5237,OMFJ,large_airport,Fujairah International Airport,Fujairah,AE,FJR,OMFJ,25.108411,56.328061
5238,OMRK,large_airport,Ras Al Khaimah International Airport,Ras Al Khaimah,AE,RKT,OMRK,25.613501,55.938801
5239,OMSJ,large_airport,Sharjah International Airport,Sharjah,AE,SHJ,OMSJ,25.3286,55.5172
5240,OOKB,medium_airport,Khasab Airport,Khasab,OM,KHS,OOKB,26.171,56.240601
5242,OOMS,large_airport,Muscat International Airport,Muscat/Seeb,OM,MCT,OOMS,23.600218,58.285268
5244,OOSA,large_airport,Salalah International Airport,Salalah,OM,SLL,OOSA,17.0387,54.091301
299742,OOSH,large_airport,Suhar International Airport,Suhar,OM,OHS,OOSH,24.38604,56.62541
5247,OPBW,medium_airport,Bahawalpur Airport,Bahawalpur,PK,BHV,OPBW,29.348100662231445,71.71800231933594
5248,OPCH,medium_airport,Chitral Airport,Chitral,PK,CJL,OPCH,35.886213,71.799922
30878,OPDB,small_airport,Dalbandin Airport,Dalbandin,PK,DBA,OPDB,28.8782997131,64.3998031616
5249,OPDG,medium_airport,Dera Ghazi Khan Airport,Dera Ghazi Khan,PK,DEA,OPDG,29.961000442504883,70.48590087890625
5251,OPFA,large_airport,Faisalabad International Airport,Faisalabad,PK,LYP,OPFA,31.364923,72.995319
342092,OPGD,large_airport,New Gwadar International Airport,Gurandani,PK,GWD,OPGW,25.296733,62.498822
5253,OPGT,medium_airport,Gilgit Airport,Gilgit,PK,GIL,OPGT,35.918800354003906,74.33360290527344
333692,OPIS,large_airport,Islamabad International Airport,Attock,PK,ISB,OPIS,33.549,72.82566
5255,OPKC,large_airport,Jinnah International Airport,Karachi,PK,KHI,OPKC,24.9065,67.160797
31575,OPKD,small_airport,Hyderabad Airport,Hyderabad,PK,HDD,OPKD,25.3181,68.366096
31735,OPKH,small_airport,Khuzdar Airport,Khuzdar,PK,KDD,OPKH,27.790599823,66.6473007202
5257,OPLA,large_airport,Allama Iqbal International Airport,Lahore,PK,LHE,OPLA,31.521601,74.403603
5260,OPMF,small_airport,Muzaffarabad Airport,Muzaffarabad,PK,MFG,OPMF,34.338835,73.508886
5264,OPMT,large_airport,Multan International Airport,Multan,PK,MUX,OPMT,30.203199,71.419098
5265,OPNH,medium_airport,Shaheed Benazirabad Airport,Nawabashah,PK,WNS,OPNH,26.2194,68.390099
5270,OPPS,large_airport,Bacha Khan International Airport,Peshawar,PK,PEW,OPPS,33.9939,71.514603
5272,OPQT,large_airport,Quetta International Airport,Quetta,PK,UET,OPQT,30.2514,66.937798
5273,OPRK,medium_airport,Shaikh Zaid Airport,Rahim Yar Khan,PK,RYK,OPRK,28.383899688720703,70.27960205078125
5277,OPSD,large_airport,Skardu International Airport,Skardu,PK,KDU,OPSD,35.33866,75.538648
5279,OPSK,medium_airport,Begum Nusrat Bhutto International Airport Sukkur,Sukkur,PK,SKZ,OPSK,27.722,68.791702
41624,OPST,large_airport,Sialkot International Airport,Sialkot,PK,SKT,OPST,32.535941,74.364623
5283,OPTU,large_airport,Turbat International Airport,Turbat,PK,TUK,OPTU,25.984767,63.028856
5285,OPZB,medium_airport,Zhob Airport,Fort Sandeman,PK,PZH,OPZB,31.358400344848636,69.4636001586914
5289,ORBI,large_airport,Baghdad International Airport / New Al Muthana Air Base,Baghdad,IQ,BGW,ORBI,33.262501,44.2346
5292,ORER,large_airport,Erbil International Airport,Arbil,IQ,EBL,ORER,36.236047,43.946615
5293,ORKK,large_airport,Kirkuk International Airport,Kirkuk,IQ,KIK,ORKK,35.469501,44.3489
5294,ORMM,large_airport,Basra International Airport,Basra,IQ,BSR,ORMM,30.549101,47.662102
311028,ORNI,large_airport,Al Najaf International Airport,Najaf,IQ,NJF,ORNI,31.991116,44.405019
5297,ORSU,medium_airport,Jalal Talabani International Airport,Sulaymaniyah,IQ,ISU,ORSJ,35.560487,45.315137
5302,OSAP,large_airport,Aleppo International Airport,Aleppo,SY,ALP,OSAP,36.181262,37.226869
5303,OSDI,large_airport,Damascus International Airport,Damascus,SY,DAM,OSDI,33.4114990234375,36.51559829711914
5305,OSKL,medium_airport,Qamishli International Airport,Qamishli,SY,KAC,OSKL,37.020599,41.191399
5306,OSLK,medium_airport,Latakia International Airport,Latakia,SY,LTK,OSLK,35.4011,35.9487
5308,OTBD,large_airport,Doha International Airport,Doha,QA,DIA,OTBD,25.259431,51.565528
44686,OTHH,large_airport,Hamad International Airport,Doha,QA,DOH,OTHH,25.273056,51.608056
5311,OYAA,large_airport,Aden International Airport,Aden,YE,ADE,OYAA,12.829564,45.029976
5315,OYGD,medium_airport,Al Ghaydah International Airport,Al Ghaydah,YE,AAY,OYGD,16.193341,52.174186
5317,OYRN,large_airport,Riyan International Airport,Mukalla(Riyan),YE,RIY,OYRN,14.662241,49.375289
5318,OYSN,large_airport,Sanaa International Airport,Sanaa,YE,SAH,OYSN,15.4763,44.2197
5319,OYSQ,medium_airport,Socotra Airport,Mori,YE,SCT,OYSQ,12.632093,53.906173
5320,OYSY,large_airport,Seiyun Hadhramaut International Airport,Seiyun,YE,GXF,OYSY,15.965887,48.788146
5321,OYTZ,medium_airport,Taiz International Airport,Taiz,YE,TAI,OYTZ,13.686,44.139099
16190,PAAK,small_airport,Atka Airport,Atka,US,AKB,PAAK,52.220299,-174.205994
16094,PAAP,seaplane_base,Port Alexander Seaplane Base,Port Alexander,US,PTD,PAAP,56.246799,-134.647995
5337,PABA,medium_airport,Barter Island Long Range Radar Station Airport,Barter Island,US,BTI,PABA,70.134003,-143.582001
5338,PABE,medium_airport,Bethel Airport,Bethel,US,BET,PABE,60.77980042,-161.8379974
5340,PABL,small_airport,Buckland Airport,Buckland,US,BKC,PABL,65.981598,-161.149002
5342,PABR,medium_airport,Wiley Post Will Rogers Memorial Airport,Utqiaġvik,US,BRW,PABR,71.285402,-156.766008
5343,PABT,small_airport,Bettles Airport,Bettles,US,BTT,PABT,66.913902,-151.529007
5345,PACD,medium_airport,Cold Bay Airport,Cold Bay,US,CDB,PACD,55.207871,-162.725029
16709,PACE,small_airport,Central Airport,Central,US,CEM,PACE,65.573815,-144.780707
16714,PACI,small_airport,Chalkyitsik Airport,Chalkyitsik,US,CIK,PACI,66.644997,-143.740005
16711,PACK,small_airport,Chefornak Airport,Chefornak,US,CYF,PACK,60.136667,-164.279167
5347,PACM,small_airport,Scammon Bay Airport,Scammon Bay,US,SCM,PACM,61.84471,-165.575209
16954,PACR,small_airport,Circle City (New) Airport,Circle,US,IRC,PACR,65.827673,-144.076195
5348,PACV,medium_airport,Merle K (Mudhole) Smith Airport,Cordova,US,CDV,PACV,60.491798,-145.477997
17058,PACY,small_airport,Yakataga Airport,Yakataga,US,CYT,PACY,60.080974,-142.494541
5350,PADE,medium_airport,Deering Airport,Deering,US,DRG,PADE,66.068901,-162.766914
16092,PADK,medium_airport,Adak Airport,Adak,US,ADK,PADK,51.883564,-176.642783
5351,PADL,medium_airport,Dillingham Airport,Dillingham,US,DLG,PADL,59.04470062,-158.5050049
5352,PADM,small_airport,Marshall Don Hunter Sr Airport,Marshall,US,MLL,PADM,61.8643,-162.026001
5353,PADQ,medium_airport,Kodiak Airport,Kodiak,US,ADQ,PADQ,57.75,-152.4940033
5354,PADU,medium_airport,Tom Madsen (Dutch Harbor) Airport,Unalaska,US,DUT,PADU,53.89881,-166.544996
17155,PADY,small_airport,Kongiganak Airport,Kongiganak,US,KKH,PADY,59.9608,-162.880997
17176,PAEE,small_airport,Eek Airport,Eek,US,EEK,PAEE,60.213173,-162.044048
17174,PAEG,small_airport,Eagle Airport,Eagle,US,EAA,PAEG,64.778003,-141.150455
17178,PAEL,seaplane_base,Elfin Cove Seaplane Base,Elfin Cove,US,ELV,PAEL,58.1952018738,-136.347000122
5358,PAEM,medium_airport,Emmonak Airport,Emmonak,US,EMK,PAEM,62.78609848,-164.4909973
5359,PAEN,medium_airport,Kenai Municipal Airport,Kenai,US,ENA,PAEN,60.570946,-151.245174
506827,PAEW,small_airport,Mertarvik Airport,Mertarvik,US,WWT,PAEW,60.81037,-164.499511
5360,PAFA,medium_airport,Fairbanks International Airport,Fairbanks,US,FAI,PAFA,64.815102,-147.856003
5363,PAFM,medium_airport,Ambler Airport,Ambler,US,ABL,PAFM,67.105529,-157.855339
17469,PAFS,small_airport,Nikolai Airport,Nikolai,US,NIB,PAFS,63.017949,-154.360399
5365,PAGA,medium_airport,Edward G. Pitka Sr Airport,Galena,US,GAL,PAGA,64.736198,-156.936997
17595,PAGG,small_airport,Kwigillingok Airport,Kwigillingok,US,KWK,PAGG,59.876499,-163.169005
5366,PAGH,small_airport,Shungnak Airport,Shungnak,US,SHG,PAGH,66.88809967041,-157.16200256348
5367,PAGK,medium_airport,Gulkana Airport,Gulkana,US,GKN,PAGK,62.155859,-145.454662
22694,PAGL,small_airport,Golovin Airport,Golovin,US,GLV,PAGL,64.550499,-163.007004
5368,PAGM,medium_airport,Gambell Airport,Gambell,US,GAM,PAGM,63.767694,-171.733303
16093,PAGN,seaplane_base,Angoon Seaplane Base,Angoon,US,AGN,PAGN,57.497097,-134.56722
5369,PAGS,medium_airport,Gustavus Airport,Gustavus,US,GST,PAGS,58.4253006,-135.7070007
17885,PAGT,small_airport,Nightmute Airport,Nightmute,US,NME,PAGT,60.469129,-164.70407
24574,PAGY,small_airport,Skagway Airport,Skagway,US,SGY,PAGY,59.460343,-135.316651
17619,PAHC,medium_airport,Holy Cross Airport,Holy Cross,US,HCR,PAHC,62.18830108642578,-159.77499389648438
5370,PAHL,medium_airport,Huslia Airport,Huslia,US,HSL,PAHL,65.697899,-156.350998
5372,PAHN,medium_airport,Haines Airport,Haines,US,HNS,PAHN,59.243921,-135.523925
5373,PAHO,medium_airport,Homer Airport,Homer,US,HOM,PAHO,59.644456,-151.479235
5374,PAHP,small_airport,Hooper Bay Airport,Hooper Bay,US,HPB,PAHP,61.523899,-166.147003
17656,PAHU,small_airport,Hughes Airport,Hughes,US,HUS,PAHU,66.04109955,-154.2630005
17658,PAHY,seaplane_base,Hydaburg Seaplane Base,Hydaburg,US,HYG,PAHY,55.205227,-132.830286
17884,PAIG,small_airport,Igiugig Airport,Igiugig,US,IGG,PAIG,59.324001,-155.901993
5375,PAII,medium_airport,Egegik Airport,Egegik,US,EGX,PAII,58.184386,-157.374873
5376,PAIK,medium_airport,Bob Baker Memorial Airport,Kiana,US,IAN,PAIK,66.976128,-160.439014
5377,PAIL,medium_airport,Iliamna Airport,Iliamna,US,ILI,PAIL,59.754398,-154.910996
5378,PAIM,medium_airport,Indian Mountain LRRS Airport,Utopia Creek,US,UTO,PAIM,65.992798,-153.703995
18251,PAIW,small_airport,Wales Airport,Wales,US,WAA,PAIW,65.622593,-168.095
5379,PAJN,medium_airport,Juneau International Airport,Juneau,US,JNU,PAJN,58.354935,-134.574416
18300,PAJZ,small_airport,Koliganek Airport,Koliganek,US,KGK,PAJZ,59.726600647,-157.259002686
19891,PAKF,small_airport,False Pass Airport,False Pass,US,KFP,PAKF,54.84751,-163.407168
16192,PAKH,small_airport,Akhiok Airport,Akhiok,US,AKK,PAKH,56.938702,-154.182999
17979,PAKI,small_airport,Kipnuk Airport,Kipnuk,US,KPN,PAKI,59.931796,-164.028196
20272,PAKK,small_airport,Koyuk Alfred Adams Airport,Koyuk,US,KKA,PAKK,64.939499,-161.154007
5380,PAKN,medium_airport,King Salmon Airport,King Salmon,US,AKN,PAKN,58.677845,-156.651965
17980,PAKO,small_airport,Nikolski Air Station,Nikolski,US,IKO,PAKO,52.941552,-168.849478
5381,PAKP,medium_airport,Anaktuvuk Pass Airport,Anaktuvuk Pass,US,AKP,PAKP,68.133598,-151.742996
5382,PAKT,medium_airport,Ketchikan International Airport,Ketchikan,US,KTN,PAKT,55.35559845,-131.7140045
19274,PAKV,small_airport,Kaltag Airport,Kaltag,US,KAL,PAKV,64.31864,-158.74197
5383,PAKW,medium_airport,Klawock Airport,Klawock,US,KLW,PAKW,55.579201,-133.076004
21434,PAKY,small_airport,Karluk Airport,Karluk,US,KYK,PAKY,57.565919,-154.453762
9282,PALB,small_airport,Larsen Bay Airport,Larsen Bay,US,KLN,PALB,57.53516,-153.976455
20333,PALG,small_airport,Kalskag Airport,Kalskag,US,KLG,PALG,61.53630065917969,-160.34100341796875
25016,PALJ,small_airport,Port Alsworth Airport,Port Alsworth,US,PTA,PALJ,60.201681,-154.325863
5385,PALU,medium_airport,Cape Lisburne LRRS Airport,Cape Lisburne,US,LUR,PALU,68.875099,-166.110001
21843,PAMB,small_airport,Manokotak Airport,Manokotak,US,KMO,PAMB,58.932056,-158.901886
21844,PAMC,medium_airport,McGrath Airport,McGrath,US,MCG,PAMC,62.95289993,-155.6060028
5371,PAMH,small_airport,Minchumina Airport,Minchumina,US,LMA,PAMH,63.886002,-152.302002
24578,PAMK,small_airport,St Michael Airport,St Michael,US,SMK,PAMK,63.49010086,-162.1100006
22107,PAML,small_airport,Manley Hot Springs Airport,Manley Hot Springs,US,MLY,PAML,64.99188,-150.644102
22496,PAMM,seaplane_base,Metlakatla Seaplane Base,Metlakatla,US,MTM,PAMM,55.131001,-131.578003
22305,PAMO,small_airport,Mountain Village Airport,Mountain Village,US,MOU,PAMO,62.095401763916016,-163.6820068359375
5386,PAMR,medium_airport,Merrill Field,Anchorage,US,MRI,PAMR,61.212792,-149.843988
5387,PAMY,medium_airport,Mekoryuk Airport,Mekoryuk,US,MYU,PAMY,60.372338,-166.269751
25894,PANA,small_airport,Napakiak Airport,Napakiak,US,WNA,PANA,60.6903,-161.979004
5388,PANC,large_airport,Ted Stevens Anchorage International Airport,Anchorage,US,ANC,PANC,61.179004,-149.992561
16291,PANI,medium_airport,Aniak Airport,Aniak,US,ANI,PANI,61.58160018920898,-159.54299926757812
17468,PANR,seaplane_base,Funter Bay Seaplane Base,Funter Bay,US,FNR,PANR,58.2543983459,-134.897994995
5417,PANU,small_airport,Nulato Airport,Nulato,US,NUL,PANU,64.729301,-158.074005
5392,PANV,medium_airport,Anvik Airport,Anvik,US,ANV,PANV,62.646702,-160.190994
20664,PANW,small_airport,New Stuyahok Airport,New Stuyahok,US,KNW,PANW,59.451838,-157.373829
23513,PAOB,small_airport,Kobuk Airport,Kobuk,US,OBU,PAOB,66.9123,-156.897003
17654,PAOH,small_airport,Hoonah Airport,Hoonah,US,HNH,PAOH,58.0961,-135.410111
5393,PAOM,medium_airport,Nome Airport,Nome,US,OME,PAOM,64.51219940185547,-165.44500732421875
24199,PAOO,small_airport,Toksook Bay Airport,Toksook Bay,US,OOK,PAOO,60.541401,-165.087006
5394,PAOR,medium_airport,Northway Airport,Northway,US,ORT,PAOR,62.9613,-141.929001
5395,PAOT,medium_airport,Ralph Wien Memorial Airport,Kotzebue,US,OTZ,PAOT,66.88469696,-162.598999
23953,PAOU,small_airport,Nelson Lagoon Airport,Nelson Lagoon,US,NLG,PAOU,56.0075,-161.160004
5396,PAPB,medium_airport,St George Airport,St George,US,STG,PAPB,56.577345,-169.663823
24081,PAPE,small_airport,Perryville Airport,Perryville,US,KPV,PAPE,55.9065,-159.16091
5398,PAPG,medium_airport,Petersburg James A Johnson Airport,Petersburg,US,PSG,PAPG,56.80170059,-132.9450073
5399,PAPH,medium_airport,Port Heiden Airport,Port Heiden,US,PTH,PAPH,56.957893,-158.630219
24205,PAPK,small_airport,Napaskiak Airport,Napaskiak,US,PKA,PAPK,60.7029,-161.778
5400,PAPM,medium_airport,Platinum Airport,Platinum,US,PTU,PAPM,59.017675,-161.827927
24197,PAPN,small_airport,Pilot Point Airport,Pilot Point,US,PIP,PAPN,57.580399,-157.572006
24089,PAPO,small_airport,Point Hope Airport,Point Hope,US,PHO,PAPO,68.348801,-166.798996
16293,PAQH,small_airport,Quinhagak Airport,Quinhagak,US,KWN,PAQH,59.7551,-161.845
5401,PAQT,medium_airport,Nuiqsut Airport,Nuiqsut,US,NUI,PAQT,70.209999,-151.005998
5402,PARC,medium_airport,Arctic Village Airport,Arctic Village,US,ARC,PARC,68.1147,-145.578995
24365,PARS,small_airport,Russian Mission Airport,Russian Mission,US,RSH,PARS,61.775071,-161.319466
5403,PARY,medium_airport,Ruby Airport,Ruby,US,RBY,PARY,64.727203,-155.470001
5404,PASA,medium_airport,Savoonga Airport,Savoonga,US,SVA,PASA,63.686401,-170.492996
5405,PASC,medium_airport,Deadhorse Airport,Deadhorse,US,SCC,PASC,70.19470215,-148.4649963
5406,PASD,medium_airport,Sand Point Airport,Sand Point,US,SDP,PASD,55.313908,-160.522099
5407,PASH,small_airport,Shishmaref Airport,Shishmaref,US,SHH,PASH,66.249604,-166.089112
5408,PASI,medium_airport,Sitka Rocky Gutierrez Airport,Sitka,US,SIT,PASI,57.04710006713867,-135.36199951171875
5384,PASK,small_airport,Selawik Airport,Selawik,US,WLK,PASK,66.600098,-159.985992
24577,PASL,small_airport,Sleetmute Airport,Sleetmute,US,SLQ,PASL,61.7005,-157.166
5409,PASM,small_airport,St Mary's Airport,St Mary's,US,KSM,PASM,62.060501,-163.302002
5410,PASN,medium_airport,St Paul Island Airport,St Paul Island,US,SNP,PASN,57.166311,-170.222555
24675,PASO,small_airport,Seldovia Airport,Seldovia,US,SOV,PASO,59.442981,-151.705227
24807,PATA,small_airport,Ralph M Calhoun Memorial Airport,Tanana,US,TAL,PATA,65.1744,-152.108994
25014,PATC,small_airport,Tin City Long Range Radar Station Airport,Tin City,US,TNC,PATC,65.563103,-167.921997
24908,PATE,small_airport,Teller Airport,Teller,US,TLA,PATE,65.240402,-166.339005
5414,PATG,small_airport,Togiak Airport,Togiak Village,US,TOG,PATG,59.052799,-160.397003
5416,PATQ,medium_airport,Atqasuk Edward Burnell Sr Memorial Airport,Atqasuk,US,ATK,PATQ,70.46704,-157.436013
5389,PAUN,medium_airport,Unalakleet Airport,Unalakleet,US,UNK,PAUN,63.888401,-160.798996
25432,PAVA,small_airport,Chevak Airport,Chevak,US,VAK,PAVA,61.5409,-165.6005
21313,PAVC,small_airport,King Cove Airport,King Cove,US,KVC,PAVC,55.116299,-162.266006
5418,PAVD,medium_airport,Valdez Pioneer Field,Valdez,US,VDZ,PAVD,61.132712,-146.246567
25434,PAVE,small_airport,Venetie Airport,Venetie,US,VEE,PAVE,67.008698,-146.365997
5419,PAVL,small_airport,Kivalina Airport,Kivalina,US,KVL,PAVL,67.734565,-164.559917
25693,PAWB,small_airport,Beaver Airport,Beaver,US,WBQ,PAWB,66.362198,-147.406998
5421,PAWG,medium_airport,Wrangell Airport,Wrangell,US,WRG,PAWG,56.48429871,-132.3699951
5422,PAWI,medium_airport,Wainwright Airport,Wainwright,US,AIN,PAWI,70.638,-159.994995
25794,PAWM,small_airport,White Mountain Airport,White Mountain,US,WMO,PAWM,64.689201,-163.412994
5423,PAWN,small_airport,Noatak Airport,Noatak,US,WTK,PAWN,67.561241,-162.980461
26343,PAYA,medium_airport,Yakutat Airport,Yakutat,US,YAK,PAYA,59.508717,-139.660435
16191,PFAK,small_airport,Akiak Airport,Akiak,US,AKI,PFAK,60.902646,-161.23106
13176,PFAL,small_airport,Allakaket Airport,Allakaket,US,AET,PFAL,66.551804,-152.621994
16509,PFCB,small_airport,Chenega Bay Airport,Chenega,US,NCN,PFCB,60.077602,-147.99468
16820,PFCL,small_airport,Clarks Point Airport,Clarks Point,US,CLP,PFCL,58.833698,-158.529007
17177,PFEL,small_airport,Elim Airport,Elim,US,ELI,PFEL,64.6147,-162.272003
26344,PFKA,small_airport,Kasigluk Airport,Kasigluk,US,KUK,PFKA,60.872747,-162.5247
15766,PFKK,small_airport,Kokhanok Airport,Kokhanok,US,KNK,PFKK,59.433248,-154.80217
9286,PFKO,small_airport,Kotlik Airport,Kotlik,US,KOT,PFKO,63.030602,-163.533005
21224,PFKT,small_airport,Brevig Mission Airport,Brevig Mission,US,KTS,PFKT,65.331826,-166.467848
21435,PFKU,small_airport,Koyukuk Airport,Koyukuk,US,KYU,PFKU,64.876099,-157.727005
21383,PFKW,small_airport,Kwethluk Airport,Kwethluk,US,KWT,PFKW,60.790298,-161.444
17087,PFNO,small_airport,Robert (Bob) Curtis Memorial Airport,Noorvik,US,ORV,PFNO,66.817902,-161.018997
9334,PFSH,small_airport,Shaktoolik Airport,Shaktoolik,US,SKK,PFSH,64.371101,-161.223999
13322,PFTO,small_airport,Tok Junction Airport,Tok,US,TKJ,PFTO,63.32949829,-142.9539948
25982,PFWS,small_airport,South Naknek Number 2 Airport,South Naknek,US,WSN,PFWS,58.702362,-157.005444
5429,PFYU,medium_airport,Fort Yukon Airport,Fort Yukon,US,FYU,PFYU,66.571651,-145.249987
5430,PGRO,large_airport,Rota International Airport,Rota Island,MP,ROP,PGRO,14.173267,145.241103
5431,PGSN,medium_airport,Saipan International Airport,"I Fadang, Saipan",MP,SPN,PGSN,15.119384,145.728848
5433,PGUM,large_airport,Antonio B. Won Pat International Airport,Hagåtña,GU,GUM,PGUM,13.485,144.797282
5434,PGWT,medium_airport,Francisco Manglona Borja / Tinian International Airport,Tinian Island,MP,TIQ,PGWT,14.999207,145.619355
5444,PHHN,medium_airport,Hana Airport,Hana,US,HNM,PHHN,20.795601,-156.014008
5446,PHJH,medium_airport,Kapalua Airport,Lahaina,US,JHM,PHJH,20.9629,-156.673004
5448,PHKO,large_airport,Ellison Onizuka Kona International Airport at Keāhole,Kailua-Kona,US,KOA,PHKO,19.738783,-156.045603
5449,PHLI,large_airport,Lihue Airport,"Lihue, Kauai",US,LIH,PHLI,21.974393,-159.337146
21732,PHLU,small_airport,Kalaupapa Airport,Kalaupapa,US,LUP,PHLU,21.211,-156.973999
5450,PHMK,medium_airport,Molokai Airport,Kaunakakai,US,MKK,PHMK,21.152901,-157.095993
5451,PHMU,medium_airport,Waimea Kohala Airport,Waimea (Kamuela),US,MUE,PHMU,20.001301,-155.667999
5453,PHNL,large_airport,Daniel K. Inouye International Airport,"Honolulu, Oahu",US,HNL,PHNL,21.318387,-157.92567
5454,PHNY,medium_airport,Lanai Airport,Lanai City,US,LNY,PHNY,20.785675,-156.951324
5455,PHOG,large_airport,Kahului International Airport,Kahului,US,OGG,PHOG,20.896263,-156.431837
5457,PHTO,medium_airport,Hilo International Airport,Hilo,US,ITO,PHTO,19.72135,-155.045428
5487,PKMA,small_airport,Eniwetok Airport,Eniwetok Atoll,MH,ENT,PKMA,11.340700149536133,162.3280029296875
5488,PKMJ,large_airport,Marshall Islands International Airport,Majuro Atoll,MH,MAJ,PKMJ,7.06511,171.271656
5490,PKWA,medium_airport,Bucholz Army Air Field,Kwajalein,MH,KWA,PKWA,8.720120429992676,167.73199462890625
5493,PLCH,large_airport,Cassidy International Airport,Kiritimati,KI,CXI,PLCH,1.986278,-157.350011
5495,PPIZ,medium_airport,Point Lay LRRS Airport,Point Lay,US,PIZ,PPIZ,69.732903,-163.005005
5499,PTKK,large_airport,Chuuk International Airport,Weno Island,FM,TKK,PTKK,7.46187,151.843002
5500,PTPN,medium_airport,Pohnpei International Airport,Pohnpei Island,FM,PNI,PTPN,6.985082,158.20992
5501,PTRO,large_airport,Roman Tmetuchl International Airport,Babelthuap Island,PW,ROR,PTRO,7.366965,134.544085
5502,PTSA,large_airport,Kosrae International Airport,Okat,FM,KSA,PTSA,5.35698,162.957993
5503,PTYA,large_airport,Yap International Airport,Yap Island,FM,YAP,PTYA,9.49891,138.082993
5506,PWAK,medium_airport,Wake Island Airfield,Wake Island,UM,AWK,PWAK,19.282437,166.636637
5510,RCBS,medium_airport,Kinmen Airport,Shang-I,TW,KNH,RCBS,24.4279,118.359001
5513,RCFG,medium_airport,Matsu Nangan Airport,Matsu (Nangan),TW,LZN,RCFG,26.159656,119.958376
5514,RCFN,medium_airport,Taitung Airport,Taitung City,TW,TTT,RCFN,22.754856,121.101794
5516,RCKH,large_airport,Kaohsiung International Airport,Kaohsiung (Xiaogang),TW,KHH,RCKH,22.577101,120.349998
5517,RCKU,medium_airport,Chiayi Airport,Shuishang,TW,CYI,RCKU,23.462577,120.390544
5519,RCLY,medium_airport,Lanyu Airport,Orchid Island,TW,KYD,RCLY,22.027000427246094,121.53500366210938
5520,RCMQ,large_airport,Taichung International Airport / Ching Chuang Kang Air Base,Taichung (Qingshui),TW,RMQ,RCMQ,24.2647,120.621002
5521,RCMT,medium_airport,Matsu Beigan Airport,Matsu (Beigan),TW,MFK,RCMT,26.22414,120.002679
5522,RCNN,large_airport,Tainan International Airport / Tainan Air Base,Tainan (Rende),TW,TNN,RCNN,22.950399,120.206001
5524,RCQC,large_airport,Penghu Magong Airport,Huxi,TW,MZG,RCQC,23.568701,119.627998
5526,RCSQ,medium_airport,Pingtung Air Force Base North,Pingtung,TW,,RCSQ,22.700199,120.482002
5527,RCSS,large_airport,Taipei Songshan International Airport,Taipei (Songshan),TW,TSA,RCSS,25.067244,121.552822
5528,RCTP,large_airport,Taiwan Taoyuan International Airport,Taoyuan,TW,TPE,RCTP,25.0777,121.233002
5530,RCYU,large_airport,Hualien Chiashan Airport,Hualien City,TW,HUN,RCYU,24.023163,121.617991
314557,RHT,small_airport,Alxa Right Banner Badanjilin Airport,Badanjilin,CN,RHT,ZBAR,39.225,101.546
5531,RJAA,large_airport,Narita International Airport,Narita,JP,NRT,RJAA,35.76858,140.388714
5532,RJAF,medium_airport,Shinshu-Matsumoto Airport,Matsumoto,JP,MMJ,RJAF,36.166801,137.923004
5533,RJAH,large_airport,Ibaraki Airport,Omitama,JP,IBR,RJAH,36.181456,140.414434
5536,RJBB,large_airport,Kansai International Airport,Osaka,JP,KIX,RJBB,34.427299,135.244003
5537,RJBD,medium_airport,Nanki Shirahama Airport,Shirahama,JP,SHM,RJBD,33.6622009277,135.363998413
5538,RJBE,large_airport,Kobe Airport,Kobe,JP,UKB,RJBE,34.632801,135.223999
5541,RJBT,medium_airport,Konotori Tajima Airport,Toyooka,JP,TJH,RJBT,35.512798,134.787003
5543,RJCB,medium_airport,Tokachi-Obihiro Airport,Obihiro,JP,OBO,RJCB,42.7332992554,143.216995239
5544,RJCC,large_airport,New Chitose Airport,Sapporo,JP,CTS,RJCC,42.774753,141.690414
5545,RJCH,large_airport,Hakodate Airport,Hakodate,JP,HKD,RJCH,41.77,140.822006
5547,RJCK,medium_airport,Kushiro Airport,Kushiro,JP,KUH,RJCK,43.041,144.192993
5548,RJCM,medium_airport,Memanbetsu Airport,Ōzora,JP,MMB,RJCM,43.8805999756,144.164001465
5549,RJCN,medium_airport,Nakashibetsu Airport,Nakashibetsu,JP,SHB,RJCN,43.5774993896,144.960006714
5550,RJCO,medium_airport,Sapporo Okadama Airport,Sapporo,JP,OKD,RJCO,43.117447,141.38134
5552,RJCW,medium_airport,Wakkanai Airport,Wakkanai,JP,WKJ,RJCW,45.4042015076,141.800994873
5553,RJDA,medium_airport,Amakusa Airport,Amakusa,JP,AXJ,RJDA,32.482498,130.158997
5554,RJDB,medium_airport,Iki Airport,Iki,JP,IKI,RJDB,33.7490005493,129.785003662
5555,RJDC,medium_airport,Yamaguchi Ube Airport,Ube,JP,UBJ,RJDC,33.93,131.279007
5556,RJDT,medium_airport,Tsushima Airport,Tsushima,JP,TSJ,RJDT,34.2849006653,129.330993652
5557,RJEB,medium_airport,Monbetsu Airport,Monbetsu,JP,MBE,RJEB,44.3039016724,143.404006958
5558,RJEC,medium_airport,Asahikawa Airport,Higashikagura,JP,AKJ,RJEC,43.670799,142.447006
5559,RJEO,medium_airport,Okushiri Airport,Okushiri Island,JP,OIR,RJEO,42.0717010498,139.432998657
5560,RJER,medium_airport,Rishiri Airport,Rishiri,JP,RIS,RJER,45.2420005798,141.186004639
5562,RJFC,medium_airport,Yakushima Airport,Yakushima,JP,KUM,RJFC,30.385599,130.658997
5563,RJFE,medium_airport,Fukue Airport,Goto,JP,FUJ,RJFE,32.666302,128.832993
5564,RJFF,large_airport,Fukuoka Airport,Fukuoka,JP,FUK,RJFF,33.585899353027344,130.4510040283203
5565,RJFG,medium_airport,New Tanegashima Airport,Tanegashima,JP,TNE,RJFG,30.6051006317,130.990997314
5566,RJFK,large_airport,Kagoshima Airport,Kagoshima,JP,KOJ,RJFK,31.8034,130.718994
5567,RJFM,large_airport,Miyazaki Airport,Miyazaki,JP,KMI,RJFM,31.877199,131.449005
5569,RJFO,medium_airport,Oita Airport,Oita,JP,OIT,RJFO,33.479400634799994,131.736999512
5570,RJFR,large_airport,Kitakyushu Airport,Kitakyushu,JP,KKJ,RJFR,33.845901,131.035004
5571,RJFS,large_airport,Kyushu Saga International Airport,Saga,JP,HSG,RJFS,33.1497,130.302002
5572,RJFT,large_airport,Kumamoto Airport,Kumamoto,JP,KMJ,RJFT,32.837299,130.854996
5573,RJFU,large_airport,Nagasaki Airport,Nagasaki,JP,NGS,RJFU,32.916901,129.914001
5576,RJGG,large_airport,Chubu Centrair International Airport,Tokoname,JP,NGO,RJGG,34.858398,136.804993
5577,RJKA,medium_airport,Amami Airport,Amami,JP,ASJ,RJKA,28.430599212646484,129.71299743652344
5578,RJKB,medium_airport,Okinoerabu Airport,Wadomari,JP,OKE,RJKB,27.431604,128.705564
5579,RJKI,medium_airport,Kikai Airport,Kikai,JP,KKX,RJKI,28.3213005066,129.927993774
5580,RJKN,medium_airport,Tokunoshima Airport,Amagi,JP,TKN,RJKN,27.836382,128.881356
5581,RJNA,medium_airport,Nagoya Airport / JASDF Komaki Air Base,Nagoya,JP,NKM,RJNA,35.255759,136.924095
5585,RJNK,large_airport,Komatsu Airport / JASDF Komatsu Air Base,Kanazawa,JP,KMQ,RJNK,36.393407,136.406895
5586,RJNO,medium_airport,Oki Global Geopark Airport,Okinoshima,JP,OKI,RJNO,36.178388,133.323566
299238,RJNS,large_airport,Mount Fuji Shizuoka Airport,Makinohara / Shimada,JP,FSZ,RJNS,34.795022,138.190976
5587,RJNT,medium_airport,Toyama Kitokito Airport,Toyama,JP,TOY,RJNT,36.648416,137.187359
5588,RJNW,medium_airport,Noto Satoyama Airport,Wajima,JP,NTQ,RJNW,37.293098,136.962006
5590,RJOA,large_airport,Hiroshima Airport,Hiroshima,JP,HIJ,RJOA,34.4361,132.919006
5591,RJOB,large_airport,Okayama Momotaro Airport,Okayama,JP,OKJ,RJOB,34.756901,133.854996
5592,RJOC,medium_airport,Izumo Enmusubi Airport,Izumo,JP,IZO,RJOC,35.413601,132.889999
5594,RJOH,medium_airport,Yonago Kitaro Airport / JASDF Miho Air Base,Yonago,JP,YGJ,RJOH,35.492199,133.235992
5595,RJOI,medium_airport,Iwakuni Kintaikyo Airport,Iwakuni,JP,IWK,RJOI,34.146333,132.247238
5596,RJOK,large_airport,Kochi Ryoma Airport,Nankoku,JP,KCZ,RJOK,33.545217,133.670166
5597,RJOM,large_airport,Matsuyama Airport,Matsuyama,JP,MYJ,RJOM,33.826893,132.700114
5598,RJOO,large_airport,Osaka Itami International Airport,Osaka,JP,ITM,RJOO,34.780853,135.440829
5599,RJOR,medium_airport,Tottori Sand Dunes Conan Airport,Tottori,JP,TTJ,RJOR,35.530058,134.165023
5600,RJOS,large_airport,Tokushima Awaodori Airport / JMSDF Tokushima Air Base,Tokushima,JP,TKS,RJOS,34.132559,134.607816
5601,RJOT,large_airport,Takamatsu Airport,Takamatsu,JP,TAK,RJOT,34.214963,134.015454
5602,RJOW,medium_airport,Iwami Airport,Masuda,JP,IWJ,RJOW,34.676399231,131.789993286
5605,RJSA,large_airport,Aomori Airport,Aomori,JP,AOJ,RJSA,40.733777,140.689477
5606,RJSC,medium_airport,Yamagata Airport,Higashine,JP,GAJ,RJSC,38.4119,140.371002
5607,RJSD,medium_airport,Sado Airport,Sado,JP,SDS,RJSD,38.0601997375,138.414001465
5608,RJSF,medium_airport,Fukushima Airport,Sukagawa,JP,FKS,RJSF,37.22740173339844,140.43099975585938
5610,RJSI,medium_airport,Iwate Hanamaki Airport,Hanamaki,JP,HNA,RJSI,39.4286,141.134995
5611,RJSK,medium_airport,Akita Airport,Akita,JP,AXT,RJSK,39.615601,140.218994
5612,RJSM,medium_airport,Misawa Airport / Misawa Air Base,Misawa,JP,MSJ,RJSM,40.703201,141.367996
5613,RJSN,large_airport,Niigata Airport,Niigata,JP,KIJ,RJSN,37.954166,139.112189
5614,RJSR,medium_airport,Odate Noshiro Airport,Kitaakita,JP,ONJ,RJSR,40.191898,140.371002
5615,RJSS,large_airport,Sendai Airport,Natori,JP,SDJ,RJSS,38.139702,140.917007
5617,RJSY,medium_airport,Shonai Airport,Shonai,JP,SYO,RJSY,38.812199,139.787003
5620,RJTH,medium_airport,Hachijojima Airport,Hachijojima,JP,HAC,RJTH,33.114843,139.785645
5624,RJTO,medium_airport,Oshima Airport,Izu Oshima,JP,OIM,RJTO,34.7820014954,139.36000061
5625,RJTQ,medium_airport,Miyakejima Airport,Miyakejima,JP,MYE,RJTQ,34.073600769,139.559997559
5627,RJTT,large_airport,Tokyo Haneda International Airport,Tokyo,JP,HND,RJTT,35.549678,139.786958
302303,RKJB,large_airport,Muan International Airport,Muan (Piseo-ri),KR,MWX,RKJB,34.991406,126.382814
5630,RKJJ,medium_airport,Gwangju Airport,Gwangju,KR,KWJ,RKJJ,35.123173,126.805444
5631,RKJK,medium_airport,Gunsan Airport / Gunsan Air Base,Gunsan,KR,KUV,RKJK,35.903801,126.615997
5634,RKJY,medium_airport,Yeosu Airport,Yeosu,KR,RSU,RKJY,34.84230041503906,127.61699676513672
5637,RKNW,medium_airport,Wonju Airport / Hoengseong Air Base (K-38/K-46),Wonju,KR,WJU,RKNW,37.437113,127.960051
5638,RKNY,large_airport,Yangyang International Airport,Gonghang-ro,KR,YNY,RKNY,38.060481,128.669822
5639,RKPC,large_airport,Jeju International Airport,Jeju City,KR,CJU,RKPC,33.512058,126.492548
5642,RKPK,large_airport,Gimhae International Airport,Busan,KR,PUS,RKPK,35.179501,128.938004
5643,RKPS,medium_airport,Sacheon Airport / Sacheon Air Base,Sacheon,KR,HIN,RKPS,35.088591,128.071747
5644,RKPU,medium_airport,Ulsan Airport,Ulsan,KR,USN,RKPU,35.59349823,129.352005005
5653,RKSI,large_airport,Incheon International Airport,Seoul,KR,ICN,RKSI,37.469101,126.450996
5656,RKSS,large_airport,Gimpo International Airport,Seoul,KR,GMP,RKSS,37.5583,126.791
5659,RKTH,medium_airport,Pohang Airport (G-815/K-3),Pohang,KR,KPO,RKTH,35.987955,129.420383
5661,RKTN,large_airport,Daegu International Airport,Daegu,KR,TAE,RKTN,35.894394,128.656989
5663,RKTU,large_airport,Cheongju International Airport/Cheongju Air Base (K-59/G-513),Cheongju,KR,CJJ,RKTU,36.71556,127.500289
5671,ROAH,large_airport,Naha International Airport,Naha,JP,OKA,ROAH,26.192437,127.639804
327608,ROIG,medium_airport,New Ishigaki Airport,Ishigaki,JP,ISG,ROIG,24.396389,124.245
5675,ROKJ,medium_airport,Kumejima Airport,Kumejima,JP,UEO,ROKJ,26.363445,126.71384
5676,ROMD,medium_airport,Minamidaito Airport,Minamidaito,JP,MMD,ROMD,25.8465,131.263
5677,ROMY,medium_airport,Miyako Airport,Miyakojima,JP,MMY,ROMY,24.782801,125.294998
30621,RORA,small_airport,Aguni Airport,Aguni,JP,AGJ,RORA,26.592755,127.240335
5679,RORK,medium_airport,Kitadaito Airport,Kitadaitōjima,JP,KTD,RORK,25.9447002411,131.32699585
5680,RORS,medium_airport,Shimojishima Airport,Miyakojima,JP,SHI,RORS,24.8267,125.144997
5681,RORT,medium_airport,Tarama Airport,Tarama,JP,TRA,RORT,24.653793,124.675453
5682,RORY,medium_airport,Yoron Airport,Yoron,JP,RNJ,RORY,27.043847,128.401648
5684,ROYN,medium_airport,Yonaguni Airport,Yonaguni,JP,OGN,ROYN,24.467298,122.979827
31007,RPEN,small_airport,El Nido Airport,El Nido,PH,ENI,RPEN,11.202399,119.416087
5686,RPLB,large_airport,Subic Bay International Airport / Naval Air Station Cubi Point,Olongapo,PH,SFS,RPLB,14.794833,120.271883
5687,RPLC,large_airport,Clark International Airport / Clark Air Base,Mabalacat,PH,CRK,RPLC,15.186,120.559998
5688,RPLI,large_airport,Laoag International Airport,Laoag City,PH,LAO,RPLI,18.175089,120.531006
336104,RPLK,large_airport,Bicol International Airport,Legazpi,PH,DRP,RPLK,13.111915,123.676829
5689,RPLL,large_airport,Ninoy Aquino International Airport,Manila (Pasay),PH,MNL,RPLL,14.5086,121.019997
46514,RPLN,small_airport,Palanan Community Airport,Palanan,PH,,RPLN,17.065667,122.427671
30869,RPLO,small_airport,Cuyo Airport,Cuyo,PH,CYU,RPLO,10.8581,121.069
32221,RPLT,medium_airport,Itbayat Jorge Abad Airport,Itbayat,PH,,RPLT,20.722521,121.809969
5696,RPMC,medium_airport,Cotabato (Awang) Airport,Datu Odin Sinsuat,PH,CBO,RPMC,7.164753,124.209938
5697,RPMD,large_airport,Francisco Bangoy International Airport,Davao,PH,DVO,RPMD,7.12552,125.646004
5698,RPME,medium_airport,Bancasi Airport,Butuan,PH,BXU,RPME,8.9515,125.4788
5700,RPMG,medium_airport,Dipolog Airport,Dipolog,PH,DPL,RPMG,8.601983,123.341875
5701,RPMH,medium_airport,Camiguin Airport,Mambajao,PH,CGM,RPMH,9.253894,124.709115
5703,RPMJ,medium_airport,Jolo Airport,Jolo,PH,JOL,RPMJ,6.05367,121.011002
5705,RPMN,medium_airport,Sanga Sanga Airport,Bongao,PH,TWT,RPMN,5.048196,119.743338
5706,RPMO,medium_airport,Labo Airport,Ozamiz,PH,OZC,RPMO,8.17851,123.842003
5707,RPMP,medium_airport,Pagadian Airport,Pagadian,PH,PAG,RPMP,7.825632,123.459635
5709,RPMR,large_airport,General Santos International Airport,General Santos,PH,GES,RPMR,6.057208,125.096243
5710,RPMS,medium_airport,Surigao Airport,Surigao City,PH,SUG,RPMS,9.755838325629998,125.480947495
308633,RPMY,large_airport,Laguindingan International Airport,Laguindingan,PH,CGY,RPMY,8.612203,124.456496
5712,RPMZ,large_airport,Zamboanga International Airport,Zamboanga,PH,ZAM,RPMZ,6.92242,122.059998
5713,RPNS,small_airport,Siargao Airport,Del Carmen,PH,IAO,RPNS,9.8591,126.014
336116,RPSP,medium_airport,Bohol-Panglao International Airport,Panglao,PH,TAG,RPSP,9.573045,123.770143
333098,RPSV,small_airport,San Vicente Airport,San Vicente,PH,SWL,RPSV,10.524298,119.272899
5715,RPUB,medium_airport,Loakan Airport,Baguio,PH,BAG,RPUB,16.375034,120.619949
5719,RPUH,medium_airport,San Jose Airport,San Jose,PH,SJI,RPUH,12.361499786399998,121.04699707
5722,RPUN,medium_airport,Naga Airport,Naga,PH,WNP,RPUN,13.58489990234375,123.2699966430664
5723,RPUO,medium_airport,Basco Airport,Basco,PH,BSO,RPUO,20.4513,121.980003
5727,RPUT,medium_airport,Tuguegarao Airport,Tuguegarao City,PH,TUG,RPUT,17.6433676823,121.733150482
5728,RPUV,medium_airport,Virac Airport,Virac,PH,VRC,RPUV,13.57639980316162,124.20600128173828
5730,RPUY,medium_airport,Cauayan Airport,Cauayan City,PH,CYZ,RPUY,16.9298992157,121.752998352
5732,RPVA,medium_airport,Daniel Z. Romualdez Airport,Tacloban City,PH,TAC,RPVA,11.227761,125.027783
35178,RPVB,large_airport,Bacolod-Silay International Airport,Bacolod City,PH,BCD,RPVB,10.776237,123.018879
5734,RPVC,medium_airport,Calbayog Airport,Calbayog City,PH,CYP,RPVC,12.072574,124.54508
5735,RPVD,medium_airport,Sibulan Airport,Dumaguete City,PH,DGT,RPVD,9.334183,123.30191
5736,RPVE,medium_airport,Godofredo P. Ramos Airport,Caticlan,PH,MPH,RPVE,11.9245,121.954002
5737,RPVF,medium_airport,Catarman National Airport,Catarman,PH,CRM,RPVF,12.50161,124.635258
5739,RPVI,large_airport,Iloilo International Airport,Cabatuan,PH,ILO,RPVI,10.833017,122.493358
5740,RPVJ,medium_airport,Moises R. Espinosa Airport,Masbate,PH,MBT,RPVJ,12.369682,123.630095
5741,RPVK,large_airport,Kalibo International Airport,Kalibo,PH,KLO,RPVK,11.6794,122.375999
5742,RPVM,large_airport,Mactan Cebu International Airport,Cebu City/Lapu-Lapu City,PH,CEB,RPVM,10.309261,123.97974
5744,RPVP,large_airport,Puerto Princesa International Airport / PAF Antonio Bautista Air Base,Puerto Princesa,PH,PPS,RPVP,9.742044,118.75911
5745,RPVR,medium_airport,Roxas Airport,Roxas City,PH,RXS,RPVR,11.597700119018556,122.7519989013672
5748,RPVU,medium_airport,Tugdan Airport,Tablas Island,PH,TBH,RPVU,12.3109998703,122.084999084
5749,RPVV,medium_airport,Francisco B. Reyes (Busuanga) Airport,Coron,PH,USU,RPVV,12.121865,120.100801
350214,RSI,large_airport,Red Sea International Airport,Hanak,SA,RSI,OERS,25.627975,37.088914
5768,SAAP,medium_airport,General Urquiza Airport,Parana,AR,PRA,SAAP,-31.7948,-60.4804
5769,SAAR,large_airport,Rosario Islas Malvinas International Airport,Rosario,AR,ROS,SAAR,-32.9036,-60.785
5770,SAAV,medium_airport,Sauce Viejo Airport,Santa Fe,AR,SFN,SAAV,-31.7117,-60.8117
5771,SABE,large_airport,Aeroparque Jorge Newbery,Buenos Aires,AR,AEP,SABE,-34.559419,-58.415536
5773,SACO,large_airport,Ingeniero Aeronáutico Ambrosio L.V. Taravella International Airport,Cordoba,AR,COR,SACO,-31.312346,-64.208329
5781,SAEZ,large_airport,Ezeiza International Airport - Ministro Pistarini,Buenos Aires (Ezeiza),AR,EZE,SAEZ,-34.8222,-58.5358
5786,SAME,large_airport,Governor Francisco Gabrielli International Airport,Mendoza,AR,MDZ,SAME,-32.831699,-68.7929
5788,SAMR,medium_airport,Suboficial Ay Santiago Germano Airport,San Rafael,AR,AFA,SAMR,-34.588299,-68.4039
5789,SANC,medium_airport,Coronel Felipe Varela International Airport,Catamarca,AR,CTC,SANC,-28.593117,-65.7512
5790,SANE,medium_airport,Vicecomodoro Angel D. La Paz Aragonés Airport,Santiago del Estero,AR,SDE,SANE,-27.7655563354,-64.3099975586
5792,SANL,medium_airport,Capitan V A Almonacid Airport,La Rioja,AR,IRJ,SANL,-29.381599,-66.795799
318304,SANR,medium_airport,Termas de Río Hondo international Airport,Termas de Río Hondo,AR,RHD,SANR,-27.4966,-64.93595
5794,SANT,large_airport,Teniente Benjamín Matienzo International Airport,San Miguel de Tucumán,AR,TUC,SANT,-26.837397,-65.104195
5795,SANU,medium_airport,Domingo Faustino Sarmiento Airport,San Juan,AR,UAQ,SANU,-31.571501,-68.418198
5802,SAOU,medium_airport,Brigadier Mayor D Cesar Raul Ojeda Airport,San Luis,AR,LUQ,SAOU,-33.273201,-66.3564
5803,SARC,medium_airport,Corrientes Airport,Corrientes,AR,CNQ,SARC,-27.4455,-58.7619
5804,SARE,large_airport,Resistencia International Airport,Resistencia,AR,RES,SARE,-27.44991,-59.056125
5805,SARF,medium_airport,Formosa National Airport,Formosa,AR,FMA,SARF,-26.2127,-58.2281
5806,SARI,medium_airport,Cataratas Del Iguazú International Airport,Puerto Iguazu,AR,IGR,SARI,-25.737301,-54.4734
5809,SARP,medium_airport,Libertador Gral D Jose De San Martin Airport,Posadas,AR,PSS,SARP,-27.3858,-55.9707
5811,SASA,large_airport,Martín Miguel de Güemes International Airport,Salta,AR,SLA,SASA,-24.856001,-65.486198
5812,SASJ,large_airport,Gobernador Horacio Guzman International Airport,San Salvador de Jujuy,AR,JUJ,SASJ,-24.392799,-65.097801
5822,SAVC,large_airport,General Enrique Mosconi International Airport,Comodoro Rivadavia,AR,CRD,SAVC,-45.786941,-67.463355
5823,SAVE,medium_airport,Esquel Brigadier Antonio Parodi International Airport,Esquel,AR,EQS,SAVE,-42.908001,-71.139503
5824,SAVH,medium_airport,Las Heras Airport,Las Heras,AR,LHS,SAVH,-46.538517,-68.965323
5826,SAVN,small_airport,Antoine de Saint Exupéry Airport,San Antonio Oeste,AR,OES,SAVN,-40.7512,-65.0343
5827,SAVT,medium_airport,Almirante Marco Andres Zar Airport,Rawson,AR,REL,SAVT,-43.2105,-65.2703
5828,SAVV,medium_airport,Gobernador Castello Airport,Viedma / Carmen de Patagones,AR,VDM,SAVV,-40.8692,-63.0004
5829,SAVY,medium_airport,El Tehuelche Airport,Puerto Madryn,AR,PMY,SAVY,-42.7592,-65.1027
5832,SAWD,medium_airport,Puerto Deseado Airport,Puerto Deseado,AR,PUD,SAWD,-47.7353,-65.9041
5833,SAWE,medium_airport,Gobernador Ramón Trejo Noel International Airport,Rio Grande,AR,RGA,SAWE,-53.7777,-67.7494
5834,SAWG,large_airport,Piloto Civil Norberto Fernández International Airport,Rio Gallegos,AR,RGL,SAWG,-51.608791,-69.308948
5835,SAWH,medium_airport,Ushuaia - Malvinas Argentinas International Airport,Ushuaia,AR,USH,SAWH,-54.8433,-68.2958
5838,SAWP,medium_airport,Perito Moreno Jalil Hamer Airport,Perito Moreno,AR,PMQ,SAWP,-46.537899,-70.978699
29898,SAWR,small_airport,Gobernador Gregores Airport,Gobernador Gregores,AR,GGS,SAWR,-48.7831,-70.150002
29849,SAWT,small_airport,28 de Noviembre Airport,Rio Turbio,AR,RYO,SAWT,-51.605,-72.2203
5840,SAZB,medium_airport,Comandante Espora Airport,Bahía Blanca,AR,BHI,SAZB,-38.725,-62.1693
5846,SAZL,medium_airport,Santa Teresita Airport,Santa Teresita,AR,SST,SAZL,-36.5423,-56.7218
5847,SAZM,medium_airport,Ástor Piazzola International Airport,Mar del Plata,AR,MDQ,SAZM,-37.9342,-57.5733
5848,SAZN,large_airport,Presidente Perón International Airport,Neuquén,AR,NQN,SAZN,-38.949001,-68.155701
5849,SAZO,medium_airport,Necochea Airport,Necochea,AR,NEC,SAZO,-38.490746,-58.816337
5851,SAZR,medium_airport,Santa Rosa Airport,Santa Rosa,AR,RSA,SAZR,-36.588299,-64.275703
5852,SAZS,large_airport,Teniente Luis Candelaria International Airport,San Carlos de Bariloche,AR,BRC,SAZS,-41.151199,-71.157501
5856,SAZY,medium_airport,Aviador C. Campos Airport,Chapelco/San Martin de los Andes,AR,CPC,SAZY,-40.075401,-71.137299
32305,SBAE,medium_airport,Bauru/Arealva–Moussa Nakhal Tobias State Airport,Bauru,BR,JTC,SBAE,-22.160755,-49.070325
5861,SBAQ,medium_airport,Araraquara Airport,Araraquara,BR,AQA,SBAQ,-21.812,-48.132999
5862,SBAR,medium_airport,Aracaju - Santa Maria Airport,Aracaju,BR,AJU,SBAR,-10.98394,-37.072873
5864,SBAT,medium_airport,Piloto Osvaldo Marques Dias Airport,Alta Floresta,BR,AFL,SBAT,-9.866389,-56.106298
5865,SBAU,medium_airport,Araçatuba Airport,Araçatuba,BR,ARU,SBAU,-21.141479,-50.424575
5866,SBAX,medium_airport,Romeu Zema Airport,Araxá,BR,AAX,SBAX,-19.5632,-46.9604
5867,SBBE,large_airport,Val de Cans/Júlio Cezar Ribeiro International Airport,Belém,BR,BEL,SBBE,-1.379279,-48.476207
5872,SBBR,large_airport,Presidente Juscelino Kubitschek International Airport,Brasília,BR,BSB,SBBR,-15.869167,-47.920834
5875,SBBV,large_airport,Atlas Brasil Cantanhede International Airport,Boa Vista,BR,BVB,SBBV,2.84615,-60.690648
5878,SBCA,medium_airport,Coronel Adalberto Mendes da Silva Airport,Cascavel,BR,CAC,SBCA,-25.000323,-53.501208
5879,SBCB,small_airport,Cabo Frio Airport,Cabo Frio,BR,CFB,SBCB,-22.921485,-42.071874
5882,SBCF,large_airport,Tancredo Neves International Airport,Belo Horizonte,BR,CNF,SBCF,-19.63571,-43.966928
5883,SBCG,medium_airport,Campo Grande Airport,Campo Grande,BR,CGR,SBCG,-20.469998,-54.673988
5884,SBCH,medium_airport,Serafin Enoss Bertaso Airport,Chapecó,BR,XAP,SBCH,-27.134199,-52.656601
5886,SBCJ,medium_airport,Carajás Airport,Parauapebas,BR,CKS,SBCJ,-6.117841,-50.003372
35414,SBCN,small_airport,Nelson Ribeiro Guimarães Airport,Caldas Novas,BR,CLV,SBCN,-17.725096,-48.606324
5889,SBCP,medium_airport,Bartolomeu Lisandro Airport,Campos dos Goytacazes,BR,CAW,SBCP,-21.698299,-41.301701
5890,SBCR,medium_airport,Corumbá International Airport,Corumbá,BR,CMG,SBCR,-19.01193,-57.672772
5891,SBCT,large_airport,Curitiba-Afonso Pena International Airport,Curitiba,BR,CWB,SBCT,-25.5285,-49.1758
5893,SBCX,medium_airport,Hugo Cantergiani Regional Airport,Caxias Do Sul,BR,CXJ,SBCX,-29.197183,-51.187647
5894,SBCY,large_airport,Várzea Grande–Marechal Rondon International Airport,Cuiabá,BR,CGB,SBCY,-15.6529,-56.116699
5895,SBCZ,medium_airport,Cruzeiro do Sul Airport,Cruzeiro Do Sul,BR,CZS,SBCZ,-7.59991,-72.769501
44450,SBDB,small_airport,Bonito Airport,Bonito,BR,BYO,SBDB,-21.2473,-56.452399
5896,SBDN,medium_airport,Presidente Prudente Airport,Presidente Prudente,BR,PPB,SBDN,-22.1751,-51.424599
5897,SBEG,large_airport,Eduardo Gomes International Airport,Manaus,BR,MAO,SBEG,-3.03861,-60.049702
5900,SBFI,large_airport,Cataratas International Airport,Foz do Iguaçu,BR,IGU,SBFI,-25.594167,-54.489444
5901,SBFL,large_airport,Hercílio Luz International Airport,Florianópolis,BR,FLN,SBFL,-27.670279,-48.552502
5902,SBFN,medium_airport,Fernando de Noronha Airport,Fernando de Noronha,BR,FEN,SBFN,-3.854534,-32.423017
5905,SBFZ,large_airport,Pinto Martins International Airport,Fortaleza,BR,FOR,SBFZ,-3.775833,-38.532222
5906,SBGL,large_airport,Rio Galeão – Tom Jobim International Airport,Rio De Janeiro,BR,GIG,SBGL,-22.809999,-43.250557
5908,SBGO,large_airport,Santa Genoveva International Airport,Goiânia,BR,GYN,SBGO,-16.632,-49.220699
5910,SBGR,large_airport,São Paulo/Guarulhos–Governor André Franco Montoro International Airport,São Paulo,BR,GRU,SBGR,-23.431274,-46.469954
5912,SBGV,medium_airport,Coronel Altino Machado Airport,Governador Valadares,BR,GVR,SBGV,-18.895882,-41.982869
5914,SBHT,medium_airport,Altamira Interstate Airport,Altamira,BR,ATM,SBHT,-3.253144,-52.253938
5916,SBIH,medium_airport,Itaituba Airport,Itaituba,BR,ITB,SBIH,-4.242131,-56.000651
5917,SBIL,medium_airport,Bahia - Jorge Amado Airport,Ilhéus,BR,IOS,SBIL,-14.815929,-39.033458
5918,SBIP,medium_airport,Usiminas Airport,Ipatinga,BR,IPN,SBIP,-19.470699,-42.487598
5920,SBIZ,medium_airport,Prefeito Renato Moreira Airport,Imperatriz,BR,IMP,SBIZ,-5.53129,-47.459999
316444,SBJA,small_airport,Humberto Ghizzo Bortoluzzi Regional Airport,Jaguaruna,BR,JJG,SBJA,-28.6753,-49.0596
323221,SBJE,medium_airport,Comandante Ariston Pessoa Airport,Cruz,BR,JJD,SBJE,-2.906425,-40.357338
5922,SBJF,medium_airport,Francisco de Assis Airport,Juiz de Fora,BR,JDF,SBJF,-21.791482,-43.386072
5923,SBJP,large_airport,Presidente Castro Pinto International Airport,João Pessoa,BR,JPA,SBJP,-7.148691,-34.950554
30340,SBJR,medium_airport,Jacarepaguá - Roberto Marinho Airport,Rio de Janeiro,BR,RRJ,SBJR,-22.986773,-43.372194
5924,SBJU,small_airport,Orlando Bezerra de Menezes Airport,Juazeiro do Norte,BR,JDO,SBJU,-7.21932,-39.269096
5925,SBJV,medium_airport,Lauro Carneiro de Loyola Airport,Joinville,BR,JOI,SBJV,-26.224501,-48.797401
5926,SBKG,medium_airport,Presidente João Suassuna Airport,Campina Grande,BR,CPV,SBKG,-7.269662,-35.896057
5927,SBKP,large_airport,Viracopos International Airport,Campinas,BR,VCP,SBKP,-23.007404,-47.134502
5928,SBLE,small_airport,Coronel Horácio de Mattos Airport,Lençóis,BR,LEC,SBLE,-12.4823,-41.277
5929,SBLJ,medium_airport,Lages Airport,Lages,BR,LAJ,SBLJ,-27.782101,-50.281502
5931,SBLO,medium_airport,Governor José Richa Airport,Londrina,BR,LDB,SBLO,-23.334375,-51.128365
5934,SBMA,medium_airport,João Correa da Rocha Airport,Marabá,BR,MAB,SBMA,-5.36859,-49.138
5938,SBMG,medium_airport,Regional de Maringá - Sílvio Name Júnior Airport,Maringá,BR,MGF,SBMG,-23.47606,-52.016187
5939,SBMK,medium_airport,Mário Ribeiro Airport,Montes Claros,BR,MOC,SBMK,-16.706919,-43.818901
5940,SBML,medium_airport,Frank Miloye Milenkowichi–Marília State Airport,Marília,BR,MII,SBML,-22.196899,-49.926485
5942,SBMO,large_airport,Zumbi dos Palmares International Airport,Maceió,BR,MCZ,SBMO,-9.512559,-35.791839
5943,SBMQ,medium_airport,Macapá - Alberto Alcolumbre International Airport,Macapá,BR,MCP,SBMQ,0.050664,-51.072201
5944,SBMS,medium_airport,Dix-Sept Rosado Airport,Mossoró,BR,MVF,SBMS,-5.20192,-37.3643
5946,SBMY,medium_airport,Manicoré Airport,Manicoré,BR,MNX,SBMY,-5.81138,-61.278301
5947,SBNF,large_airport,Ministro Victor Konder International Airport,Navegantes,BR,NVT,SBNF,-26.879431,-48.650979
5948,SBNM,medium_airport,Santo Ângelo Airport,Santo Ângelo,BR,GEL,SBNM,-28.282503,-54.169623
5951,SBPA,large_airport,Porto Alegre-Salgado Filho International Airport,Porto Alegre,BR,POA,SBPA,-29.993984,-51.167482
5952,SBPB,medium_airport,Parnaíba - Prefeito Doutor João Silva Filho International Airport,Parnaíba,BR,PHB,SBPB,-2.89375,-41.731998
5954,SBPF,medium_airport,Lauro Kurtz Airport,Passo Fundo,BR,PFB,SBPF,-28.243976,-52.32777
517,SBPG,medium_airport,Ponta Grossa Airport - Comandante Antonio Amilton Beraldo,Ponta Grossa,BR,PGZ,SBPG,-25.184476,-50.143822
5955,SBPJ,medium_airport,Brigadeiro Lysias Rodrigues Airport,Palmas,BR,PMW,SBPJ,-10.2915,-48.356998
5956,SBPK,medium_airport,João Simões Lopes Neto International Airport,Pelotas,BR,PET,SBPK,-31.717189,-52.327796
5957,SBPL,medium_airport,Senador Nilo Coelho Airport,Petrolina,BR,PNZ,SBPL,-9.362422,-40.569098
5959,SBPP,medium_airport,Ponta Porã Airport,Ponta Porã,BR,PMG,SBPP,-22.549601,-55.702599
5961,SBPS,large_airport,Porto Seguro International Airport,Porto Seguro,BR,BPS,SBPS,-16.438426,-39.080584
5962,SBPV,large_airport,Governador Jorge Teixeira de Oliveira International Airport,Porto Velho,BR,PVH,SBPV,-8.708491,-63.902338
5964,SBRB,large_airport,Rio Branco-Plácido de Castro International Airport,Rio Branco,BR,RBR,SBRB,-9.869031,-67.893984
575,SBRD,medium_airport,Maestro Marinho Franco Airport,Rondonópolis,BR,ROO,SBRD,-16.584292,-54.724803
5965,SBRF,large_airport,Recife/Guararapes - Gilberto Freyre International Airport,Recife,BR,REC,SBRF,-8.12747,-34.922961
5967,SBRJ,large_airport,Santos Dumont Airport,Rio de Janeiro,BR,SDU,SBRJ,-22.910397,-43.16282
5968,SBRP,medium_airport,Leite Lopes Airport,Ribeirão Preto,BR,RAO,SBRP,-21.134314,-47.774053
580,SBSI,small_airport,Presidente João Batista Figueiredo Airport,Sinop,BR,OPS,SBSI,-11.885001,-55.586109
5970,SBSJ,medium_airport,Professor Urbano Ernesto Stumpf Airport,São José Dos Campos,BR,SJK,SBSJ,-23.2292,-45.8615
5971,SBSL,large_airport,Marechal Cunha Machado International Airport,São Luís,BR,SLZ,SBSL,-2.586386,-44.235008
5972,SBSM,medium_airport,Santa Maria Airport,Santa Maria,BR,RIA,SBSM,-29.711399,-53.688202
5973,SBSN,medium_airport,Santarém - Maestro Wilson Fonseca International Airport,Santarém,BR,STM,SBSN,-2.422423,-54.79306
5974,SBSP,large_airport,Congonhas–Deputado Freitas Nobre Airport,São Paulo,BR,CGH,SBSP,-23.627657,-46.654601
5975,SBSR,medium_airport,Prof. Eribelto Manoel Reino State Airport,São José do Rio Preto,BR,SJP,SBSR,-20.817113,-49.406963
5977,SBSV,large_airport,Deputado Luiz Eduardo Magalhães International Airport,Salvador,BR,SSA,SBSV,-12.908611,-38.322498
5979,SBTB,medium_airport,Trombetas Airport,Oriximiná,BR,TMT,SBTB,-1.4896,-56.396801
5980,SBTC,small_airport,Una-Comandatuba Airport,Una,BR,UNA,SBTC,-15.354358,-38.998729
5981,SBTD,small_airport,Toledo - Luiz Dalcanale Filho Municipal Airport,Toledo,BR,TOW,SBTD,-24.6863,-53.697498
5982,SBTE,medium_airport,Senador Petrônio Portela Airport,Teresina,BR,THE,SBTE,-5.06025,-42.823712
5983,SBTF,medium_airport,Tefé Airport,Tefé,BR,TFF,SBTF,-3.38294,-64.724098
508,SBTG,small_airport,Plínio Alarcom Airport,Três Lagoas,BR,TJL,SBTG,-20.752643,-51.682026
5988,SBTT,medium_airport,Tabatinga International Airport,Tabatinga,BR,TBT,SBTT,-4.25567,-69.935799
5989,SBTU,medium_airport,Tucuruí Airport,Tucuruí,BR,TUR,SBTU,-3.78601,-49.720299
5990,SBUA,medium_airport,São Gabriel da Cachoeira Airport,São Gabriel da Cachoeira,BR,SJL,SBUA,-0.14835,-66.9855
5991,SBUF,medium_airport,Paulo Afonso Airport,Paulo Afonso,BR,PAV,SBUF,-9.40088,-38.250599
5992,SBUG,medium_airport,Rubem Berta Airport,Uruguaiana,BR,URG,SBUG,-29.7822,-57.0382
5993,SBUL,medium_airport,Ten. Cel. Aviador César Bombonato Airport,Uberlândia,BR,UDI,SBUL,-18.883579,-48.225936
5995,SBUR,medium_airport,Mário de Almeida Franco Airport,Uberaba,BR,UBA,SBUR,-19.765036,-47.964805
5997,SBVH,medium_airport,Brigadeiro Camarão Airport,Vilhena,BR,BVH,SBVH,-12.6944,-60.098301
5998,SBVT,large_airport,Eurico de Aguiar Salles International Airport,Vitória,BR,VIX,SBVT,-20.258,-40.285
308204,SBZM,medium_airport,Presidente Itamar Franco Airport,Juiz de Fora,BR,IZA,SBZM,-21.513086,-43.173069
6001,SCAR,medium_airport,Chacalluta International Airport,Arica,CL,ARI,SCAR,-18.348499,-70.338699
6002,SCAT,medium_airport,Desierto de Atacama Airport,Copiapo,CL,CPO,SCAT,-27.2612,-70.779198
6003,SCBA,medium_airport,Balmaceda Airport,Balmaceda,CL,BBA,SCBA,-45.915968,-71.689499
6007,SCCF,medium_airport,El Loa Airport,Calama,CL,CJC,SCCF,-22.498199,-68.903603
6009,SCCI,large_airport,President Carlos Ibáñez International Airport,Punta Arenas,CL,PUQ,SCCI,-53.002602,-70.854599
6012,SCDA,large_airport,Diego Aracena International Airport,Iquique,CL,IQQ,SCDA,-20.536273,-70.181373
6015,SCEL,large_airport,Comodoro Arturo Merino Benítez International Airport,Santiago,CL,SCL,SCEL,-33.393001556396484,-70.78579711914062
6017,SCES,medium_airport,Ricardo García Posada Airport,El Salvador,CL,ESR,SCES,-26.3111,-69.765198
6018,SCFA,large_airport,Andrés Sabella Gálvez International Airport,Antofagasta,CL,ANF,SCFA,-23.445274,-70.445232
6025,SCIE,large_airport,Carriel Sur International Airport,Concepcion,CL,CCP,SCIE,-36.77235,-73.062828
6026,SCIP,large_airport,Mataveri International Airport,Isla De Pascua,CL,IPC,SCIP,-27.165411,-109.421027
6027,SCJO,medium_airport,Cañal Bajo Carlos Hott Siebert Airport,Osorno,CL,ZOS,SCJO,-40.611198,-73.060997
6031,SCNT,medium_airport,Lieutenant Julio Gallardo Airport,Puerto Natales,CL,PNT,SCNT,-51.67067,-72.529078
6033,SCPC,small_airport,Pucón Airport,Pucon,CL,ZPC,SCPC,-39.292801,-71.915901
313732,SCPQ,small_airport,Mocopulli Airport,Dalcahue,CL,MHC,SCPQ,-42.340388,-73.715693
314783,SCQP,large_airport,La Araucanía International Airport,Temuco,CL,ZCO,SCQP,-38.9259,-72.6515
6039,SCRM,small_airport,Teniente Rodolfo Marsh Martin Airport,Villa Las Estrellas,AQ,TNM,SCRM,-62.191026,-58.98669
6040,SCSE,medium_airport,La Florida Airport,La Serena-Coquimbo,CL,LSC,SCSE,-29.916201,-71.199501
6043,SCTE,large_airport,El Tepual International Airport,Puerto Montt,CL,PMC,SCTE,-41.443093,-73.094065
6048,SCVD,medium_airport,Pichoy Airport,Valdivia,CL,ZAL,SCVD,-39.6500015259,-73.0860977173
156,SDCO,small_airport,Sorocaba Airport,Sorocaba,BR,SOD,SDCO,-23.478001,-47.490002
6053,SECO,medium_airport,Francisco De Orellana Airport,Coca,EC,OCC,SECO,-0.462886,-76.986801
6054,SECU,medium_airport,Mariscal Lamar Airport,Cuenca,EC,CUE,SECU,-2.88947,-78.984398
6055,SEGS,medium_airport,Seymour Galapagos Ecological Airport,Isla Baltra,EC,GPS,SEGS,-0.453758,-90.2659
6056,SEGU,large_airport,José Joaquín de Olmedo International Airport,Guayaquil,EC,GYE,SEGU,-2.15742,-79.883598
41131,SEII,small_airport,General Villamil Airport,Puerto Villamil,EC,IBB,SEII,-0.942628,-90.953003
6063,SEMC,medium_airport,Coronel E Carvajal Airport,Macas,EC,XMS,SEMC,-2.299170017242432,-78.12079620361328
6066,SEMT,medium_airport,Eloy Alfaro International Airport,Manta,EC,MEC,SEMT,-0.9460780024528505,-80.67880249023438
308273,SEQM,large_airport,Mariscal Sucre International Airport,Quito,EC,UIO,SEQM,-0.125399,-78.354306
6075,SERO,medium_airport,Santa Rosa - Artillery Colonel Victor Larrea International Airport,Santa Rosa,EC,ETR,SERO,-3.441986,-79.996957
6076,SESA,large_airport,General Ulpiano Paez International Airport,Salinas/La Libertad,EC,SNC,SESA,-2.210057,-80.985067
6079,SEST,small_airport,San Cristóbal Airport,Puerto Baquerizo Moreno,EC,SCY,SEST,-0.910206,-89.617401
6084,SETN,large_airport,Carlos Concha Torres International Airport,Tachina,EC,ESM,SETN,0.978519,-79.626602
6086,SETU,medium_airport,Lieutenant Colonel Luis A. Mantilla International Airport,Tulcán,EC,TUA,SETU,0.809506,-77.708099
6087,SFAL,small_airport,Port Stanley Airport,Stanley,FK,PSY,SFAL,-51.685699,-57.777599
6088,SGAS,large_airport,Silvio Pettirossi International Airport,Asunción,PY,ASU,SGAS,-25.240156,-57.519227
29851,SGEN,large_airport,Teniente Ramon A. Ayub Gonzalez International Airport,Encarnación,PY,ENO,SGEN,-27.227537,-55.837584
6091,SGES,large_airport,Guaraní International Airport,Ciudad del Este,PY,AGT,SGES,-25.457186,-54.839544
6099,SKAR,medium_airport,El Eden Airport,Armenia,CO,AXM,SKAR,4.45278,-75.7664
6100,SKAS,medium_airport,Tres De Mayo Airport,Puerto Asís,CO,PUU,SKAS,0.505228,-76.5008
6102,SKBG,medium_airport,Palonegro Airport,Bucaramanga,CO,BGA,SKBG,7.1265,-73.1848
6104,SKBO,large_airport,El Dorado International Airport,Bogota,CO,BOG,SKBO,4.70159,-74.1469
6105,SKBQ,large_airport,Ernesto Cortissoz International Airport,Barranquilla,CO,BAQ,SKBQ,10.8896,-74.7808
6106,SKBS,medium_airport,José Celestino Mutis Airport,Bahía Solano,CO,BSC,SKBS,6.20292,-77.3947
6107,SKBU,medium_airport,Gerardo Tobar López Airport,Buenaventura,CO,BUN,SKBU,3.81963,-76.9898
6108,SKCC,medium_airport,Camilo Daza International Airport,Cúcuta,CO,CUC,SKCC,7.92757,-72.5115
6109,SKCG,large_airport,Rafael Nuñez International Airport,Cartagena,CO,CTG,SKCG,10.4424,-75.513
6110,SKCL,large_airport,Alfonso Bonilla Aragon International Airport,Cali,CO,CLO,SKCL,3.542717,-76.381898
6112,SKCO,medium_airport,La Florida Airport,Tumaco,CO,TCO,SKCO,1.81442,-78.7492
6115,SKCZ,medium_airport,Las Brujas Airport,Corozal,CO,CZU,SKCZ,9.33274,-75.2856
6117,SKEJ,medium_airport,Yariguíes Airport,Barrancabermeja,CO,EJA,SKEJ,7.02433,-73.8068
6118,SKFL,medium_airport,Gustavo Artunduaga Paredes Airport,Florencia,CO,FLA,SKFL,1.58919,-75.5644
6122,SKGP,medium_airport,Guapi Airport,Guapi,CO,GPI,SKGP,2.57013,-77.897969
6124,SKIB,medium_airport,Perales Airport,Ibagué,CO,IBE,SKIB,4.42161,-75.1333
6126,SKIP,medium_airport,San Luis Airport,Ipiales,CO,IPI,SKIP,0.861946,-77.671783
6127,SKLC,medium_airport,Antonio Roldán Betancur Airport,Carepa,CO,APO,SKLC,7.81196,-76.7164
6128,SKLG,small_airport,Caucaya Airport,Puerto Leguízamo,CO,LQM,SKLG,-0.182278,-74.7708
31844,SKLP,small_airport,La Pedrera Airport,La Pedrera,CO,LPD,SKLP,-1.324882,-69.581294
6130,SKLT,medium_airport,Alfredo Vásquez Cobo International Airport,Leticia,CO,LET,SKLT,-4.191147,-69.942003
6132,SKMD,medium_airport,Enrique Olaya Herrera Airport,Medellín,CO,EOH,SKMD,6.219686,-75.590597
6138,SKMR,medium_airport,Los Garzones Airport,Montería,CO,MTR,SKMR,8.82374,-75.8258
6139,SKMU,medium_airport,Fabio Alberto Leon Bentley Airport,Mitú,CO,MVP,SKMU,1.25366,-70.2339
6140,SKMZ,medium_airport,La Nubia Airport,Manizales,CO,MZL,SKMZ,5.0296,-75.4647
308661,SKNA,small_airport,La Macarena Airport,La Macarena,CO,LMC,SKNA,2.17565,-73.78674
32314,SKNQ,small_airport,Reyes Murillo Airport,Nuquí,CO,NQU,SKNQ,5.710348,-77.261868
6141,SKNV,medium_airport,Benito Salas Airport,Neiva,CO,NVA,SKNV,2.95015,-75.294
6146,SKPC,medium_airport,German Olano Airport,Puerto Carreño,CO,PCR,SKPC,6.18472,-67.4932
6147,SKPD,medium_airport,Obando Cesar Gaviria Trujillo Airport,Puerto Inírida,CO,PDA,SKPD,3.85353,-67.9062
6148,SKPE,medium_airport,Matecaña International Airport,Pereira,CO,PEI,SKPE,4.81267,-75.7395
6151,SKPP,medium_airport,Guillermo León Valencia Airport,Popayán,CO,PPN,SKPP,2.454359,-76.609253
6154,SKPS,medium_airport,Antonio Nariño Airport,Chachagüí,CO,PSO,SKPS,1.396722,-77.29093
6155,SKPV,medium_airport,El Embrujo Airport,Providencia,CO,PVA,SKPV,13.357461,-81.357977
35319,SKRA,small_airport,Tarapacá Airport,Tarapacá,CO,TCD,SKRA,-2.895802,-69.749762
6158,SKRG,large_airport,Jose Maria Córdova International Airport,Medellín,CO,MDE,SKRG,6.16454,-75.4231
6159,SKRH,medium_airport,Almirante Padilla Airport,Riohacha,CO,RCH,SKRH,11.5262,-72.926
32318,SKSA,small_airport,Los Colonizadores Airport,Saravena,CO,RVE,SKSA,6.951868,-71.857179
6160,SKSJ,medium_airport,Jorge E. Gonzalez Torres Airport,San José Del Guaviare,CO,SJE,SKSJ,2.57969,-72.6394
6161,SKSM,medium_airport,Simón Bolívar International Airport,Santa Marta,CO,SMR,SKSM,11.1196,-74.2306
6163,SKSP,large_airport,Gustavo Rojas Pinilla International Airport,San Andrés,CO,ADZ,SKSP,12.5836,-81.7112
6164,SKSV,medium_airport,Eduardo Falla Solano Airport,San Vicente Del Caguán,CO,SVI,SKSV,2.15217,-74.7663
32460,SKTL,small_airport,Golfo de Morrosquillo Airport,Santiago de Tolú,CO,TLU,SKTL,9.50945,-75.5854
6168,SKTM,medium_airport,Gustavo Vargas Airport,Tame,CO,TME,SKTM,6.45108,-71.7603
6171,SKUC,medium_airport,Santiago Perez Airport,Arauca,CO,AUC,SKUC,7.06888,-70.7369
6172,SKUI,medium_airport,El Caraño Airport,Quibdó,CO,UIB,SKUI,5.69076,-76.6412
6176,SKVP,medium_airport,Alfonso López Pumarejo Airport,Valledupar,CO,VUP,SKVP,10.435,-73.2495
6177,SKVV,medium_airport,Vanguardia Airport,Villavicencio,CO,VVC,SKVV,4.16787,-73.6138
6178,SKYP,medium_airport,El Alcaravan - Yopal Airport,Yopal,CO,EYP,SKYP,5.31911,-72.384
333229,SLAL,large_airport,Alcantarí International Airport,Sucre,BO,SRE,SLAL,-19.246835,-65.149611
6180,SLCB,large_airport,Jorge Wilsterman International Airport,Cochabamba,BO,CBB,SLCB,-17.421105,-66.177102
6182,SLCO,medium_airport,Capitán Aníbal Arab Airport,Cobija,BO,CIJ,SLCO,-11.039109,-68.782774
6183,SLET,medium_airport,El Trompillo Airport,Santa Cruz,BO,SRZ,SLET,-17.8115997314,-63.1715011597
6181,SLHI,small_airport,Chimore Airport,Chimore,BO,CCA,SLHI,-16.976834,-65.145568
6184,SLLP,large_airport,El Alto International Airport,La Paz / El Alto,BO,LPB,SLLP,-16.510272,-68.189416
6185,SLOR,large_airport,Juan Mendoza International Airport,Oruro,BO,ORU,SLOR,-17.956151,-67.075829
39530,SLPR,small_airport,Puerto Rico Airport,Puerto Rico/Manuripi,BO,PUR,SLPR,-11.107663,-67.551155
6187,SLPS,medium_airport,Capitán Av. Salvador Ogaya G. airport,Puerto Suárez,BO,PSZ,SLPS,-18.975301,-57.820599
30334,SLRI,medium_airport,Capitán Av. Selin Zeitun Lopez Airport,Riberalta,BO,RIB,SLRI,-11.009355,-66.075468
41591,SLRQ,small_airport,Rurrenabaque Airport,Rurrenabaque,BO,RBQ,SLRQ,-14.4279,-67.496803
6190,SLTJ,medium_airport,Capitan Oriel Lea Plaza Airport,Tarija,BO,TJA,SLTJ,-21.5557,-64.701302
6191,SLTR,medium_airport,Teniente Av. Jorge Henrich Arauz Airport,Trinidad,BO,TDD,SLTR,-14.8187,-64.917999
39473,SLUY,large_airport,Joya Andina International Airport,Quijarro,BO,UYU,SLUY,-20.441304,-66.857553
6193,SLVR,large_airport,Viru Viru International Airport,Santa Cruz,BO,VVI,SLVR,-17.6448,-63.135399
41506,SMDA,small_airport,Drietabbetje Airport,Drietabbetje,SR,DRJ,SMDA,4.111359,-54.672766
6195,SMJP,large_airport,Johan Adolf Pengel International Airport,Paramaribo,SR,PBM,SMJP,5.45283,-55.187801
308267,SMMO,small_airport,Moengo Airstrip,Moengo,SR,MOJ,SMMO,5.6076,-54.4003
41510,SMWA,small_airport,Wageningen Airstrip,Wageningen,SR,AGI,SMWA,5.841252,-56.673247
32127,SMZO,small_airport,Zorg en Hoop Airport,Paramaribo,SR,ORG,SMZO,5.811211,-55.192299
283,SNBR,small_airport,Dom Ricardo Weberberger Airport,Barreiras,BR,BRA,SNBR,-12.0789,-45.008999
312,SNGA,small_airport,Guarapari Airport,Guarapari,BR,GUZ,SNGA,-20.6465,-40.491901
320,SNHS,small_airport,Santa Magalhães Airport,Serra Talhada,BR,SET,SNHS,-8.061433,-38.328888
389,SNRU,small_airport,Caruaru Airport,Caruaru,BR,CAU,SNRU,-8.28239,-36.0135
412,SNVB,small_airport,Valença Airport,Valença,BR,VAL,SNVB,-13.2965,-38.992401
414,SNVS,small_airport,Breves Airport,Breves,BR,BVS,SNVS,-1.63653,-50.4436
37346,SNYA,small_airport,Almeirim Airport,Almeirim,BR,GGF,SNYA,-1.479524,-52.578214
6198,SOCA,large_airport,Cayenne – Félix Eboué Airport,Matoury,GF,CAY,SOCA,4.819964,-52.361326
31941,SOOA,medium_airport,Maripasoula Airport,Maripasoula,GF,MPY,SOOA,3.655907,-54.039431
31803,SOOM,medium_airport,Saint-Laurent-du-Maroni Airport,Saint-Laurent-du-Maroni,GF,LDX,SOOM,5.481891,-54.034964
6205,SPCL,large_airport,Cap FAP David Abenzur Rengifo International Airport,Pucallpa,PE,PCL,SPCL,-8.378064,-74.574495
6208,SPEO,medium_airport,FAP Lieutenant Jaime Andres de Montreuil Morales Airport,Chimbote,PE,CHM,SPEO,-9.14961,-78.523804
6213,SPHI,large_airport,Capitán FAP José A. Quiñones González International Airport,Chiclayo,PE,CIX,SPHI,-6.789223,-79.828254
6214,SPHO,medium_airport,Air Force Colonel Alfredo Mendivil Duarte Airport,Ayacucho,PE,AYP,SPHO,-13.1548,-74.204399
6215,SPHY,small_airport,Andahuaylas Airport,Andahuaylas,PE,ANS,SPHY,-13.70639991760254,-73.35040283203125
6217,SPIM,large_airport,Jorge Chávez International Airport,Lima,PE,LIM,SPJC,-12.0219,-77.114305
6219,SPJE,medium_airport,Shumba Airport,Jaén,PE,JAE,SPJE,-5.59248,-78.774002
6221,SPJJ,medium_airport,Francisco Carle Airport,Jauja,PE,JAU,SPJJ,-11.7831001282,-75.47339630130001
6222,SPJL,large_airport,Inca Manco Capac International Airport,Juliaca,PE,JUL,SPJL,-15.467689,-70.15653
6223,SPJR,medium_airport,Mayor General FAP Armando Revoredo Iglesias Airport,Cajamarca,PE,CJA,SPJR,-7.13918,-78.489403
6224,SPLO,medium_airport,General Jorge Fernandez Maldon Airport,Ilo,PE,ILQ,SPLO,-17.695,-71.344002
6226,SPME,medium_airport,Captain Pedro Canga Rodríguez International Airport,Tumbes,PE,TBP,SPME,-3.552074,-80.381086
6228,SPMS,medium_airport,Moises Benzaquen Rengifo Airport,Yurimaguas,PE,YMS,SPMS,-5.89377,-76.118202
6229,SPNC,medium_airport,Alferez Fap David Figueroa Fernandini Airport,Huánuco,PE,HUU,SPNC,-9.878809928894045,-76.20480346679688
6231,SPPY,medium_airport,Chachapoyas Airport,Chachapoyas,PE,CHH,SPPY,-6.201911,-77.856195
6232,SPQT,large_airport,Coronel FAP Francisco Secada Vignetta International Airport,Iquitos,PE,IQT,SPQT,-3.78474,-73.3088
6233,SPQU,large_airport,Rodríguez Ballón International Airport,Arequipa,PE,AQP,SPQU,-16.340786,-71.569485
6235,SPRU,large_airport,Capitán FAP Carlos Martínez de Pinillos International Airport,Trujillo,PE,TRU,SPRU,-8.082382,-79.108821
6237,SPST,medium_airport,Cadete FAP Guillermo Del Castillo Paredes Airport,Tarapoto,PE,TPP,SPST,-6.508739948272705,-76.37319946289062
6238,SPTN,medium_airport,Coronel FAP Carlos Ciriani Santa Rosa International Airport,Tacna,PE,TCQ,SPTN,-18.0533008575,-70.2758026123
6239,SPTU,medium_airport,Padre Aldamiz International Airport,Puerto Maldonado,PE,PEM,SPTU,-12.6135997772,-69.2285995483
6240,SPUR,medium_airport,PAF Captain Guillermo Concha Iberico International Airport,Piura,PE,PIU,SPUR,-5.20575,-80.616402
6241,SPYL,medium_airport,Captain Victor Montes Arias International Airport,Talara,PE,TYL,SPYL,-4.57664,-81.254097
6242,SPZA,medium_airport,Maria Reiche Neuman Airport,Nazca,PE,NZC,SPZA,-14.854,-74.961502
6243,SPZO,large_airport,Alejandro Velasco Astete International Airport,Cusco,PE,CUZ,SPZO,-13.535699844400002,-71.9387969971
598609,SR-0009,small_airport,Eduard Alexander Gummels Airport,Kwatta,SR,EAX,SMEG,5.8604,-55.192
442,SSCN,small_airport,Canela Airport,Canela,BR,CEL,SSCN,-29.370091,-50.831729
451,SSFB,small_airport,Paulo Abdala Airport,Francisco Beltrão,BR,FBE,SSFB,-26.05938,-53.063827
460,SSGY,small_airport,Guaíra Airport,Guaíra,BR,GGJ,SSGY,-24.0811,-54.1917
45617,SSKW,small_airport,Cacoal Airport,Cacoal,BR,OAL,SSKW,-11.496,-61.4508
509,SSUM,small_airport,Orlando de Carvalho Airport,Umuarama,BR,UMU,SSUM,-23.7987,-53.313801
510,SSUV,small_airport,José Cleto Airport,União da Vitória,BR,UVI,SSUV,-26.233224,-51.066754
516,SSZR,small_airport,Luis Alberto Lehr Airport,Santa Rosa,BR,SRA,SSZR,-27.90658,-54.520628
6246,SULS,medium_airport,Capitan Corbeta CA Curbelo International Airport,Punta del Este,UY,PDP,SULS,-34.855099,-55.094299
6247,SUMU,large_airport,Carrasco General Cesáreo L. Berisso International Airport,Ciudad de la Costa,UY,MVD,SUMU,-34.835647,-56.026497
32240,SURV,medium_airport,Pres. Gral. Óscar D. Gestido Binational Airport,Rivera/Santana do Livramento,UY,RVY,SURV,-30.9746,-55.4762
6255,SVBC,large_airport,General José Antonio Anzoategui International Airport,Barcelona,VE,BLA,SVBC,10.111111,-64.692222
6256,SVBI,medium_airport,Barinas Airport,Barinas,VE,BNS,SVBI,8.615,-70.214167
6259,SVBM,large_airport,Jacinto Lara International Airport,Barquisimeto,VE,BRM,SVBM,10.042747,-69.35862
6268,SVCN,medium_airport,Canaima Airport,Canaima,VE,CAJ,SVCN,6.231989,-62.85485
6270,SVCP,medium_airport,General Francisco Bermúdez Airport,Carúpano,VE,CUP,SVCP,10.660014,-63.261681
6271,SVCR,medium_airport,José Leonardo Chirinos Airport,Coro,VE,CZE,SVCR,11.414944,-69.680901
6273,SVCU,medium_airport,Antonio José de Sucre Airport,Cumaná,VE,CUM,SVCU,10.450333,-64.13047
6291,SVIE,small_airport,Andrés Miguel Salazar Marcano Airport,Isla de Coche,VE,ICC,SVIE,10.794432,-63.98159
6292,SVJC,medium_airport,Josefa Camejo International Airport,Paraguaná,VE,LSP,SVJC,11.780775,-70.151497
6297,SVMC,large_airport,La Chinita International Airport,Maracaibo,VE,MAR,SVMC,10.557542,-71.729307
6299,SVMG,large_airport,Del Caribe Santiago Mariño International Airport,Isla Margarita,VE,PMV,SVMG,10.912603,-63.966599
6300,SVMI,large_airport,Maiquetía Simón Bolívar International Airport,Maiquetía,VE,CCS,SVMI,10.602214,-66.991174
6302,SVMT,medium_airport,José Tadeo Monagas International Airport,Maturín,VE,MUN,SVMT,9.749023,-63.153348
6315,SVPR,large_airport,General Manuel Carlos Piar International Airport,Guyana City,VE,PZO,SVPR,8.28853,-62.760399
40293,SVRS,small_airport,Los Roques Airport,Gran Roque Island,VE,LRV,SVRS,11.946935,-66.668333
6321,SVSA,medium_airport,Juan Vicente Gómez International Airport,San Antonio del Tachira,VE,SVZ,SVSA,7.840809,-72.439878
6323,SVSE,medium_airport,Santa Elena de Uairén Airport,Santa Elena de Uairén,VE,SNV,SVSE,4.554699,-61.145234
6325,SVSO,medium_airport,Mayor Buenaventura Vivas International Airport,Santo Domingo,VE,STD,SVSO,7.56538,-72.035103
6328,SVST,medium_airport,San Tomé Airport,El Tigre,VE,SOM,SVST,8.9451465606689,-64.151084899902
6334,SVVA,large_airport,Arturo Michelena International Airport,Valencia,VE,VLN,SVVA,10.149733,-67.928398
6335,SVVG,medium_airport,Juan Pablo Pérez Alfonso Airport,El Vigía,VE,VIG,SVVG,8.624139,-71.672668
6336,SVVL,medium_airport,Dr. Antonio Nicolás Briceño Airport,Valera,VE,VLV,SVVL,9.340478,-70.584061
518,SWBC,small_airport,Barcelos Airport,Barcelos,BR,BAZ,SWBC,-0.981191,-62.918603
521,SWBR,small_airport,Borba Airport,Borba,BR,RBB,SWBR,-4.40634,-59.602402
523,SWCA,small_airport,Carauari Airport,Carauari,BR,CAF,SWCA,-4.871473,-66.897552
538,SWGN,medium_airport,Araguaína Airport,Araguaína,BR,AUX,SWGN,-7.22787,-48.240501
557,SWLB,small_airport,Lábrea Airport,Lábrea,BR,LBR,SWLB,-7.27897,-64.769501
38091,SWTP,small_airport,Tapuruquara Airport,Santa Isabel do Rio Negro,BR,IRZ,SWTP,-0.378604,-64.992558
586,SWTS,small_airport,Tangará da Serra Airport,Tangará da Serra,BR,TGQ,SWTS,-14.662,-57.443744
6356,SYCJ,large_airport,Cheddi Jagan International Airport,Georgetown,GY,GEO,SYCJ,6.49855,-58.254101
41513,SYGO,medium_airport,Eugene F. Correia International Airport,Ogle,GY,OGL,SYEC,6.805881,-58.107657
43226,SYKA,medium_airport,Kaieteur Airport,Kaieteur Falls,GY,KAI,SYKA,5.177349,-59.48898
6358,SYLT,medium_airport,Lethem Airport,Lethem,GY,LTM,SYLT,3.37276,-59.789398
6359,TAPA,large_airport,V. C. Bird International Airport,Osbourn,AG,ANU,TAPA,17.1367,-61.792702
6360,TBPB,large_airport,Grantley Adams International Airport,Bridgetown,BB,BGI,TBPB,13.074667,-59.491034
24808,TCT,small_airport,Takotna Airport,Takotna,US,TCT,PPCT,62.993206,-156.029026
6361,TDCF,medium_airport,Canefield Airport,Canefield,DM,DCF,TDCF,15.336693,-61.392108
6362,TDPD,medium_airport,Douglas-Charles Airport,Marigot,DM,DOM,TDPD,15.546673,-61.301082
30948,TFFA,small_airport,La Désirade Airport,Grande Anse,GP,DSD,TFFA,16.296902,-61.0844
30683,TFFB,small_airport,Basse-Terre Baillif Airport,Basse-Terre,GP,BBR,TFFB,16.013648,-61.742928
32286,TFFC,small_airport,St-François Airport,St-François,GP,SFC,TFFC,16.257799,-61.262501
6363,TFFF,large_airport,Martinique Aimé Césaire International Airport,Fort-de-France,MQ,FDF,TFFF,14.591,-61.003201
6364,TFFG,medium_airport,Grand Case-l'Espérance Airport,Grand Case,MF,SFG,TFFG,18.100057,-63.047444
32249,TFFJ,medium_airport,St. Jean Airport,Gustavia,BL,SBH,TFFJ,17.904398,-62.843333
6365,TFFM,medium_airport,Marie-Galante Airport,Grand-Bourg,GP,GBJ,TFFM,15.868925,-61.270087
6366,TFFR,large_airport,Maryse Condé International Airport,Pointe-à-Pitre,GP,PTP,TFFR,16.265443,-61.532754
6367,TGPY,large_airport,Maurice Bishop International Airport,Saint George's,GD,GND,TGPY,12.003996,-61.785302
30852,TGPZ,small_airport,Lauriston Airport,Carriacou Island,GD,CRU,TGPZ,12.4761,-61.472801
6369,TIST,large_airport,Cyril E. King Airport,Charlotte Amalie,VI,STT,TIST,18.337091,-64.977251
6370,TISX,medium_airport,Henry E. Rohlsen Airport,Christiansted,VI,STX,TISX,17.701413,-64.802608
6379,TJBQ,medium_airport,Rafael Hernández International Airport,Aguadilla,PR,BQN,TJBQ,18.4949,-67.129402
42320,TJCP,medium_airport,Benjamin Rivera Noriega Airport,Culebra,PR,CPX,TJCP,18.312954,-65.303893
6381,TJIG,medium_airport,Fernando Luis Ribas Dominicci Airport,San Juan,PR,SIG,TJIG,18.45680046081543,-66.09809875488281
6382,TJMZ,medium_airport,Eugenio Maria De Hostos Airport,Mayaguez,PR,MAZ,TJMZ,18.255699157714844,-67.14849853515625
6383,TJPS,medium_airport,Mercedita International Airport,Ponce,PR,PSE,TJPS,18.008301,-66.563004
42321,TJRV,medium_airport,José Aponte de la Torre Airport,Ceiba,PR,NRR,TJRV,18.247262,-65.63979
6384,TJSJ,large_airport,Luis Munoz Marin International Airport,San Juan,PR,SJU,TJSJ,18.4394,-66.001801
6385,TJVQ,medium_airport,Antonio Rivera Rodriguez Airport,Vieques,PR,VQS,TJVQ,18.1348,-65.493599
6386,TKPK,large_airport,Robert L. Bradshaw International Airport,Basseterre,KN,SKB,TKPK,17.310845,-62.719117
6387,TKPN,medium_airport,Vance W. Amory International Airport,Charlestown,KN,NEV,TKPN,17.2057,-62.589901
6388,TLPC,medium_airport,George F. L. Charles Airport,Castries,LC,SLU,TLPC,14.0202,-60.992901
6389,TLPL,large_airport,Hewanorra International Airport,Vieux Fort,LC,UVF,TLPL,13.7332,-60.952599
44383,TM-0002,large_airport,Balkanabat International Airport,Balkanabat,TM,BKN,UTAN,39.681052,54.206008
6402,TNCA,large_airport,Queen Beatrix International Airport,Oranjestad,AW,AUA,TNCA,12.501056,-70.014281
6403,TNCB,large_airport,Flamingo International Airport,Kralendijk,BQ,BON,TNCB,12.131,-68.268501
6404,TNCC,large_airport,Hato International Airport,Willemstad,CW,CUR,TNCC,12.1889,-68.959801
6405,TNCE,medium_airport,F. D. Roosevelt Airport,Oranjestad,BQ,EUX,TNCE,17.4965,-62.979401
6406,TNCM,large_airport,Princess Juliana International Airport,Sint Maarten,SX,SXM,TNCM,18.041,-63.108898
32245,TNCS,medium_airport,Juancho E. Yrausquin Airport,Zion's Hill,BQ,SAB,TNCS,17.64533,-63.220514
6407,TQPF,medium_airport,Clayton J. Lloyd International Airport,The Valley,AI,AXA,TQPF,18.204773,-63.05383
43074,TRPG,large_airport,John A. Osborne Airport,Gerald's Park,MS,MNI,TRPG,16.791835,-62.193204
6409,TTCP,large_airport,A.N.R. Robinson International Airport,Scarborough,TT,TAB,TTCP,11.149571,-60.831298
6410,TTPP,large_airport,Piarco International Airport,Port of Spain,TT,POS,TTPP,10.59535,-61.337568
6411,TUPJ,large_airport,Terrance B. Lettsome International Airport,Beef Island,VG,EIS,TUPJ,18.445492,-64.541707
32575,TUPW,medium_airport,Virgin Gorda Airport,Spanish Town,VG,VIJ,TUPW,18.446634,-64.427932
322383,TVSA,large_airport,Argyle International Airport,Kingstown,VC,SVD,TVSA,13.159725,-61.148801
6412,TVSB,medium_airport,J F Mitchell Airport,Bequia,VC,BQU,TVSB,12.9884,-61.262001
6413,TVSC,medium_airport,Canouan Airport,Canouan,VC,CIW,TVSC,12.699,-61.3424
6414,TVSM,medium_airport,Mustique Airport,Lovell,VC,MQS,TVSM,12.8879,-61.180199
32542,TVSU,medium_airport,Union Island International Airport,Union Island,VC,UNI,TVSU,12.600135,-61.411945
336113,TWC,small_airport,Tumxuk Tangwangcheng Airport,Tumxuk,CN,TWC,ZWTS,39.886663,79.233408
6416,TXKF,large_airport,L.F. Wade International Airport,Hamilton,BM,BDA,TXKF,32.363802,-64.67824
3549,UA30,medium_airport,Batken Airport,Batken,KG,,UCFB,40.042899,70.83784
6421,UAAA,large_airport,Almaty International Airport,Almaty,KZ,ALA,UAAA,43.354267,77.042828
6422,UAAH,medium_airport,Balkhash Airport,Balkhash,KZ,BXH,UAAH,46.894246,75.004533
318380,UAAL,small_airport,Usharal Airport,Usharal,KZ,USJ,UAAL,46.190767,80.830922
41868,UAAT,medium_airport,Taldykorgan Airport,Taldykorgan,KZ,TDK,UAAT,45.12255,78.442758
6423,UACC,large_airport,Nursultan Nazarbayev International Airport,Astana,KZ,NQZ,UACC,51.027035,71.467094
31768,UACK,large_airport,Kokshetau International Airport,Kokshetau,KZ,KOV,UACK,53.329102,69.594597
32495,UACP,large_airport,Petropavl International Airport,Petropavl,KZ,PPK,UACP,54.775622,69.187415
6424,UADD,large_airport,Taraz International Airport,Taraz,KZ,DMB,UADD,42.8536,71.303596
46646,UAFI,small_airport,Razzakov Airport,Isfana,KG,,UCFR,39.824737,69.56882
6426,UAFM,large_airport,Manas International Airport,Bishkek,KG,BSZ,UCFM,43.061298,74.4776
6427,UAFO,large_airport,Osh International Airport,Osh,KG,OSS,UCFO,40.609001,72.793297
32496,UAFP,medium_airport,Karakol International Airport,Karakol,KG,IKG,UCFK,42.508099,78.407799
6429,UAII,large_airport,Shymkent International Airport,Shymkent,KZ,CIT,UAII,42.365021,69.47564
337747,UAIT,large_airport,Hazrat Sultan International Airport,Turkıstan,KZ,HSA,UAIT,43.311087,68.550352
6430,UAKD,large_airport,Zhezkazgan National Airport,Zhezkazgan,KZ,DZN,UAKD,47.708953,67.738094
6431,UAKK,large_airport,Sary-Arka Airport,Karaganda,KZ,KGF,UAKK,49.670799,73.334396
44336,UAOL,large_airport,Baikonur Krayniy International Airport,Baikonur,KZ,BXY,UAOL,45.621994,63.210773
31794,UAOO,large_airport,Korkyt Ata International Airport,Kyzylorda,KZ,KZO,UAOO,44.706902,65.592499
6432,UARR,large_airport,Manshuk Mametova International Airport,Uralsk,KZ,URA,UARR,51.151976,51.543652
6433,UASK,large_airport,Oskemen International Airport,Ust-Kamenogorsk (Oskemen),KZ,UKK,UASK,50.035033,82.496057
6434,UASP,large_airport,Pavlodar International Airport,Pavlodar,KZ,PWQ,UASP,52.194982,77.073088
6435,UASS,large_airport,Semei International Airport,Semey,KZ,PLX,UASS,50.351295,80.234398
318183,UASZ,small_airport,Zaysan Airport,Zaysan,KZ,SZI,UASZ,47.487491,84.887675
6436,UATE,large_airport,Aktau International Airport,Aktau,KZ,SCO,UATE,43.860093,51.09086
6437,UATG,large_airport,Atyrau International Airport,Atyrau,KZ,GUW,UATG,47.121318,51.820343
6438,UATT,large_airport,Aktobe International Airport,Aktobe,KZ,AKX,UATT,50.248116,57.204144
6439,UAUU,large_airport,Kostanay International Airport,Kostanay,KZ,KSN,UAUU,53.206902,63.550301
6440,UBBB,large_airport,Heydar Aliyev International Airport,Baku,AZ,GYD,UBBB,40.47278,50.050931
6441,UBBG,large_airport,Ganja International Airport,Ganja,AZ,GNJ,UBBG,40.738692,46.320383
72,UBBL,small_airport,Lankaran International Airport,Lankaran,AZ,LLK,UBBL,38.757919,48.807042
6442,UBBN,large_airport,Nakhchivan International Airport,Nakhchivan,AZ,NAJ,UBBN,39.188801,45.458401
300740,UBBQ,medium_airport,Gabala International Airport,Gabala,AZ,GBB,UBBQ,40.808617,47.725389
607870,UBLC,medium_airport,Lachin International Airport,Lachin,AZ,LHL,UBLC,39.883787,46.363137
6425,UCFL,large_airport,Issyk-Kul International Airport,Tamchy,KG,IKU,UCFL,42.585584,76.701181
6444,UDSG,large_airport,Shirak International Airport,Gyumri,AM,LWN,UDSG,40.750401,43.859299
6446,UDYZ,large_airport,Zvartnots International Airport,Yerevan,AM,EVN,UDYZ,40.148941,44.397887
32507,UEBB,small_airport,Batagay Airport,Batagay,RU,BQJ,UEBB,67.648003,134.695007
314969,UEBS,small_airport,Sakkyryr Airport,Batagay-Alyta,RU,SUK,UEBS,67.792,130.394
44859,UEBT,small_airport,Ust-Kuyga Airport,Ust-Kuyga,RU,UKG,UEBT,70.011002,135.645004
6447,UEEE,large_airport,Platon Oyunsky Yakutsk International Airport,Yakutsk,RU,YKS,UEEE,62.0933,129.770996
5751,UELL,medium_airport,Chulman Airport,Neryungri,RU,NER,UELL,56.913898468018,124.91400146484
32509,UEMA,medium_airport,Moma Airport,Khonuu,RU,MQJ,UEMA,66.450861,143.261551
32510,UEMO,medium_airport,Olyokminsk Airport,Olyokminsk,RU,OLZ,UEMO,60.401833,120.476094
44662,UEMT,medium_airport,Ust-Nera Airport,Ust-Nera,RU,USR,UEMT,64.550003,143.115005
44668,UEMU,small_airport,Ust-Maya Airport,Ust-Maya,RU,UMS,UEMU,60.356998443604,134.43499755859
43673,UENI,small_airport,Verkhnevilyuisk Airport,Verkhnevilyuisk,RU,VHV,UENI,63.458057403564,120.26916503906
35092,UENS,small_airport,Suntar Airport,Suntar,RU,SUY,UENS,62.185001373291,117.63500213623
43006,UENW,medium_airport,Vilyuisk Airport,Vilyuisk,RU,VYI,UENW,63.756668,121.693336
32512,UERL,medium_airport,Lensk Airport,Lensk,RU,ULK,UERL,60.7206001282,114.825996399
6448,UERP,medium_airport,Polyarny Airport,Yakutia,RU,PYJ,UERP,66.400398,112.029999
6449,UERR,medium_airport,Mirny Airport,Mirny,RU,MJZ,UERR,62.534698486328125,114.03900146484376
44870,UERS,medium_airport,Saskylakh Airport,Saskylakh,RU,SYS,UERS,71.927902,114.080002
316761,UESK,medium_airport,Srednekolymsk Airport,Srednekolymsk,RU,SEK,UESK,67.4805,153.7364
32514,UESO,medium_airport,Chokurdakh Airport,Chokurdah,RU,CKH,UESO,70.6231,147.901993
30870,UESS,medium_airport,Cherskiy Airport,Cherskiy,RU,CYX,UESS,68.7406005859375,161.33799743652344
6450,UEST,medium_airport,Tiksi Airport,Tiksi,RU,IKS,UEST,71.697700500488,128.90299987793
42980,UESU,medium_airport,Zyryanka Airport,Zyryanka,RU,ZKP,UESU,65.7485,150.8889
43684,UEVV,medium_airport,Zhigansk Airport,Zhigansk,RU,ZIX,UEVV,66.7965011597,123.361000061
506946,UGAM,medium_airport,Ambrolauri Airport,Ambrolauri,GE,,UGAM,42.52687,43.13538
6451,UGKO,large_airport,David the Builder Kutaisi International Airport,Kopitnari,GE,KUT,UGKO,42.177448,42.485353
45186,UGSA,small_airport,Natakhtari Airfield,Natakhtari,GE,,UGSA,41.921198,44.714186
6452,UGSB,large_airport,Alexander Kartveli Batumi International Airport,Batumi,GE,BUS,UGSB,41.60939,41.600315
3092,UGSS,medium_airport,Vladislav Ardzinba Sukhum International Airport,Sukhumi,GE,SUI,UGSS,42.8582,41.128101
6453,UGTB,large_airport,Tbilisi International Airport,Tbilisi,GE,TBS,UGTB,41.669201,44.9547
6454,UHBB,medium_airport,Ignatyevo Airport,Blagoveschensk,RU,BQS,UHBB,50.42539978027344,127.41200256347656
6455,UHHH,medium_airport,Khabarovsk Novy Airport,Khabarovsk,RU,KHV,UHHH,48.528338,135.188588
31790,UHKK,medium_airport,Komsomolsk-on-Amur Airport,Komsomolsk-on-Amur,RU,KXK,UHKK,50.40900039672852,136.9340057373047
6456,UHMA,medium_airport,Ugolny Yuri Ryktheu Airport,Anadyr,RU,DYR,UHMA,64.734902,177.740997
44473,UHMK,medium_airport,Keperveem Airport,Keperveem,RU,KPW,UHMK,67.845001,166.139999
6458,UHMM,medium_airport,Sokol Airport,Magadan,RU,GDX,UHMM,59.9109992980957,150.72000122070312
44610,UHMN,small_airport,Omolon Airport,Omolon,RU,,UHMN,65.239998,160.539993
44660,UHMO,small_airport,Markovo Airport,Markovo,RU,KVM,UHMO,64.665446,170.417626
6459,UHMP,medium_airport,Pevek Airport,Apapelgino,RU,PWE,UHMP,69.783302,170.597
45189,UHNB,small_airport,Bogorodskoye Airport,Bogorodskoye,RU,BQG,UHNB,52.381041,140.449378
44611,UHNN,medium_airport,Nikolayevsk-na-Amure Airport,Nikolayevsk-na-Amure Airport,RU,NLI,UHNN,53.154999,140.649994
35177,UHOO,medium_airport,Okhotsk Airport,Okhotsk,RU,OHO,UHOO,59.410065,143.056503
32519,UHPK,small_airport,Ust'-Kamchatsk Airport,Ust'-Kamchatsk (Krutoberegovo),RU,,UHPK,56.238854,162.689989
6460,UHPP,large_airport,Yelizovo Airport,Petropavlovsk-Kamchatsky,RU,PKC,UHPP,53.168716,158.451068
319423,UHSI,small_airport,Iturup Airport,Kurilsk,RU,ITU,UHSI,45.256389,147.95549
35125,UHSK,small_airport,Shakhtyorsk Airport,Shakhtyorsk,RU,EKS,UHSK,49.1903,142.082993
41837,UHSM,small_airport,Yuzhno-Kurilsk Mendeleyevo Airport,Yuzhno-Kurilsk,RU,DEE,UHSM,43.961066,145.684977
41838,UHSN,small_airport,Nogliki Airport,Nogliki,RU,NGK,UHSN,51.783955,143.141785
6461,UHSS,large_airport,Yuzhno-Sakhalinsk International Airport,Yuzhno-Sakhalinsk,RU,UUS,UHSS,46.885461,142.717466
43867,UHWP,small_airport,Plastun Airport,Plastun,RU,TLY,UHWP,44.814999,136.292007
6462,UHWW,large_airport,Vladivostok International Airport,Artyom,RU,VVO,UHWW,43.396256,132.148155
6463,UIAA,large_airport,Chita-Kadala International Airport,Chita,RU,HTA,UIAA,52.024841,113.305839
6464,UIBB,medium_airport,Bratsk Airport,Bratsk,RU,BTK,UIBB,56.3696,101.701822
6465,UIII,large_airport,Irkutsk International Airport,Irkutsk,RU,IKT,UIII,52.266707,104.395563
32524,UIKB,small_airport,Bodaybo Airport,Bodaybo,RU,ODO,UIKB,57.8661003113,114.242996216
42930,UITT,medium_airport,Ust-Kut Airport,Ust-Kut,RU,UKX,UITT,56.856701,105.730003
6466,UIUU,large_airport,Baikal International Airport,Ulan Ude,RU,UUD,UIUU,51.808614,107.439652
6469,UKCM,medium_airport,Mariupol International Airport,Mariupol,UA,MPW,UKCM,47.07609939575195,37.44960021972656
6471,UKDD,medium_airport,Dnipro International Airport,Dnipro,UA,DNK,UKDD,48.357201,35.100601
6473,UKDR,medium_airport,Kryvyi Rih International Airport,Kryvyi Rih,UA,KWG,UKDR,48.04330062866211,33.209999084472656
6474,UKFF,large_airport,Simferopol International Airport,Simferopol,UA,SIP,UKFF,45.0522,33.975101
6478,UKKK,medium_airport,Ihor Sikorsky Kyiv International Airport (Zhuliany),Kyiv,UA,IEV,UKKK,50.40194,30.45194
6480,UKLI,medium_airport,Ivano-Frankivsk International Airport,Ivano-Frankivsk,UA,IFO,UKLI,48.88420104980469,24.68610000610352
6481,UKLL,large_airport,Lviv International Airport,Lviv,UA,LWO,UKLL,49.8125,23.9561
6482,UKLN,medium_airport,Chernivtsi International Airport,Chernivtsi,UA,CWC,UKLN,48.2593002319336,25.98080062866211
6483,UKLR,medium_airport,Rivne International Airport,Rivne,UA,RWN,UKLR,50.60710144042969,26.141599655151367
6485,UKLU,large_airport,Uzhhorod International Airport,Uzhhorod,UA,UDJ,UKLU,48.6343,22.263399
32534,UKOH,medium_airport,Kherson International Airport,Kherson,UA,KHE,UKOH,46.6758,32.506401
6488,ULAA,medium_airport,Talagi Airport,Archangelsk,RU,ARH,ULAA,64.60030364990234,40.71670150756836
44768,ULAL,small_airport,Leshukonskoye Airport,Leshukonskoye,RU,LDG,ULAL,64.896004,45.723
32040,ULAM,medium_airport,Naryan Mar Airport,Naryan Mar,RU,NNM,ULAM,67.639999,53.121899
30643,ULDD,medium_airport,Amderma Airport,Amderma,RU,AMV,ULDD,69.76329803466797,61.556400299072266
31780,ULKK,medium_airport,Kotlas Airport,Kotlas,RU,KSZ,ULKK,61.235801696777344,46.6974983215332
6489,ULLI,large_airport,Pulkovo Airport,St. Petersburg,RU,LED,ULLI,59.800301,30.262501
6490,ULMM,large_airport,Emperor Nicholas II Murmansk Airport,Murmansk,RU,MMK,ULMM,68.7817,32.750801
6491,ULOO,medium_airport,Princess Olga Pskov International Airport,Pskov,RU,PKV,ULOO,57.781316,28.39384
6492,ULPB,medium_airport,Petrozavodsk Airport,Petrozavodsk,RU,PES,ULPB,61.885201,34.154701
30819,ULWC,medium_airport,Cherepovets Airport,Cherepovets,RU,CEE,ULWC,59.273601532,38.0158004761
42994,ULWU,medium_airport,Velikiy Ustyug Airport,Velikiy Ustyug,RU,VUS,ULWU,60.7883,46.259998
6495,UMBB,large_airport,Brest International Airport,Brest,BY,BQT,UMBB,52.108138,23.89676
6496,UMGG,medium_airport,Gomel Airport,Gomel,BY,GME,UMGG,52.527000427246094,31.016700744628903
6498,UMKK,large_airport,Khrabrovo Airport,Kaliningrad,RU,KGD,UMKK,54.89161,20.598559
6501,UMMS,large_airport,Minsk National Airport,Minsk,BY,MSQ,UMMS,53.888071,28.039964
6502,UMOO,medium_airport,Mogilev Airport,Mogilev,BY,MVQ,UMOO,53.95489883422852,30.09510040283203
6503,UNAA,large_airport,Abakan International Airport,Abakan,RU,ABA,UNAA,53.740002,91.385002
6504,UNBB,large_airport,Barnaul Gherman Titov International Airport,Barnaul,RU,BAX,UNBB,53.361285,83.539701
6505,UNEE,large_airport,Alexei Leonov Kemerovo International Airport,Kemerovo,RU,KEJ,UNEE,55.2701,86.107201
30995,UNII,medium_airport,Yeniseysk Airport,Yeniseysk,RU,EIE,UNII,58.474201,92.112503
32543,UNIT,small_airport,Tura Mountain Airport,Tura,RU,GOY,UNIT,64.333511,100.432892
6506,UNKL,large_airport,Krasnoyarsk International Airport,Krasnoyarsk,RU,KJA,UNKL,56.175743,92.485788
31793,UNKY,medium_airport,Kyzyl Airport,Kyzyl,RU,KYZ,UNKY,51.669399,94.400597
6507,UNNT,large_airport,Novosibirsk Tolmachevo Airport,Novosibirsk,RU,OVB,UNNT,55.019756,82.618675
6508,UNOO,large_airport,Omsk Central Airport,Omsk,RU,OMS,UNOO,54.963124,73.312418
32468,UNTT,large_airport,Tomsk Kamov Airport,Tomsk,RU,TOF,UNTT,56.380299,85.208298
32045,UNWW,medium_airport,Spichenkovo Airport,Novokuznetsk,RU,NOZ,UNWW,53.811401,86.877197
6509,UOHH,medium_airport,Khatanga Airport,Khatanga,RU,HTG,UOHH,71.97810363769531,102.49099731445312
31660,UOII,medium_airport,Igarka Airport,Igarka,RU,IAA,UOII,67.437202,86.621902
6510,UOOO,large_airport,Alykel International Airport,Norilsk,RU,NSK,UOOO,69.307951,87.325906
32547,UOTT,small_airport,Turukhansk Airport,Turukhansk,RU,THX,UOTT,65.797203,87.935303
6511,URKA,medium_airport,Anapa Vityazevo Airport,Krasnyi Kurgan,RU,AAQ,URKA,45.002102,37.347301
31522,URKG,medium_airport,Gelendzhik Airport,Gelendzhik,RU,GDZ,URKG,44.5820926295,38.0124807358
6512,URKK,large_airport,Krasnodar Pashkovsky International Airport,Krasnodar,RU,KRR,URKK,45.034465,39.174215
42924,URMG,large_airport,Akhmat Kadyrov Grozny International Airport,Grozny,RU,GRV,URMG,43.388106,45.699772
6513,URML,large_airport,Makhachkala Uytash International Airport,Makhachkala,RU,MCX,URML,42.816799,47.652302
6514,URMM,large_airport,Mineralnye Vody Airport,Mineralnyye Vody,RU,MRV,URMM,44.225101,43.081902
6515,URMN,medium_airport,Nalchik Airport,Nalchik,RU,NAL,URMN,43.512901,43.6366
6516,URMO,medium_airport,Vladikavkaz Beslan International Airport,Beslan,RU,OGZ,URMO,43.205101,44.606602
43689,URMS,medium_airport,Magas Airport,Sunzha,RU,IGT,URMS,43.323268,45.012568
6517,URMT,medium_airport,Stavropol Shpakovskoye Airport,Stavropol,RU,STW,URMT,45.10919952392578,42.11280059814453
326363,URRP,large_airport,Platov International Airport,Rostov-on-Don,RU,ROV,URRP,47.493888,39.924722
44865,URRT,medium_airport,Taganrog Yuzhny Airport,Taganrog,RU,TGK,URRT,47.1983333,38.8491667
6519,URSS,large_airport,Sochi International Airport,Sochi,RU,AER,URSS,43.449902,39.9566
6520,URWA,large_airport,Astrakhan Narimanovo Boris M. Kustodiev International Airport,Astrakhan,RU,ASF,URWA,46.282843,48.010511
6521,URWI,medium_airport,Elista Airport,Elista,RU,ESL,URWI,46.3739013671875,44.33089828491211
6522,URWW,large_airport,Volgograd International Airport,Volgograd,RU,VOG,URWW,48.78134,44.339194
26370,USCC,large_airport,Kurchatov Chelyabinsk International Airport,Chelyabinsk,RU,CEK,USCC,55.303141,61.504927
26371,USCM,large_airport,Magnitogorsk International Airport,Magnitogorsk,RU,MQF,USCM,53.391991,58.755235
327554,USDA,medium_airport,Sabetta International Airport,Sabetta,RU,SBT,USDA,71.219167,72.052222
343470,USDB,medium_airport,Bovanenkovo Airport,Bovanenkovo,RU,BVJ,USDB,70.315278,68.333611
26372,USDD,medium_airport,Salekhard Airport,Salekhard,RU,SLY,USDD,66.5907974243164,66.61100006103516
26373,USHH,medium_airport,Khanty Mansiysk Airport,Khanty-Mansiysk,RU,HMA,USHH,61.0285,69.086098
44617,USHL,small_airport,Lugovoy Airport,Lugovoy,RU,,USHL,59.725122,65.833281
42944,USHN,medium_airport,Nyagan Airport,Nyagan,RU,NYA,USHN,62.110001,65.614998
43692,USHQ,medium_airport,Beloyarskiy Airport,,RU,EYK,USHQ,63.686901,66.698601
32554,USHS,medium_airport,Sovetskiy Airport,Sovetskiy,RU,OVS,USHS,61.326622009277344,63.60191345214844
32548,USHU,medium_airport,Uray Airport,Uray,RU,URJ,USHU,60.103298,64.826698
31670,USII,medium_airport,Izhevsk Airport,Izhevsk,RU,IJK,USII,56.834524,53.462172
42945,USKK,medium_airport,Pobedilovo Airport,Kirov,RU,KVX,USKK,58.503883,49.347831
35175,USMM,medium_airport,Nadym Airport,Nadym,RU,NYM,USMM,65.48090362548828,72.69889831542969
32057,USMU,medium_airport,Novy Urengoy Airport,Novy Urengoy,RU,NUX,USMU,66.06939697265625,76.52030181884766
26374,USNN,large_airport,Nizhnevartovsk Airport,Nizhnevartovsk,RU,NJC,USNN,60.949299,76.483597
26375,USPP,large_airport,Perm International Airport,Perm,RU,PEE,USPP,57.914501,56.021198
26376,USRK,medium_airport,Kogalym International Airport,Kogalym,RU,KGP,USRK,62.19039916992188,74.53379821777344
42943,USRN,medium_airport,Nefteyugansk Airport,Nefteyugansk,RU,NFG,USRN,61.108299,72.650002
35176,USRO,medium_airport,Noyabrsk Airport,Noyabrsk,RU,NOJ,USRO,63.18330001831055,75.2699966430664
26377,USRR,large_airport,Surgut International Airport,Surgut,RU,SGC,USRR,61.340501,73.405782
26378,USSS,large_airport,Koltsovo Airport,Yekaterinburg,RU,SVX,USSS,56.743099212646,60.802700042725
26379,USTR,large_airport,Roshchino International Airport,Tyumen,RU,TJM,USTR,57.178984,65.327696
31773,USUU,medium_airport,Kurgan Airport,Kurgan,RU,KRO,USUU,55.4753,65.415604
26380,UTAA,large_airport,Ashgabat International Airport,Ashgabat,TM,ASB,UTAA,37.986801,58.361
26381,UTAK,medium_airport,Turkmenbaşy International Airport,Turkmenbaşy,TM,KRW,UTAK,40.062833,53.005085
26382,UTAM,medium_airport,Mary International Airport,Mary,TM,MYP,UTAM,37.62353,61.895668
26383,UTAT,large_airport,Dashoguz International Airport,Daşoguz,TM,TAZ,UTAT,41.759853,59.836149
26384,UTAV,large_airport,Türkmenabat International Airport,Türkmenabat,TM,CRZ,UTAV,38.930662,63.563982
26385,UTDD,large_airport,Dushanbe International Airport,Dushanbe,TJ,DYU,UTDD,38.543746,68.822977
6377,UTDK,large_airport,Kulob International Airport,Kulob,TJ,TJU,UTDK,37.988098,69.805
26386,UTDL,large_airport,Khujand International Airport,Khujand,TJ,LBD,UTDL,40.215401,69.694702
32556,UTDT,large_airport,Bokhtar International Airport,Bokhtar,TJ,KQT,UTDT,37.866315,68.864475
32038,UTFN,large_airport,Namangan International Airport,Namangan,UZ,NMA,UZFN,40.984622,71.5578
30672,UTKA,medium_airport,Andijan International Airport,Andijan,UZ,AZN,UZFA,40.727699,72.293999
31118,UTKF,medium_airport,Fergana International Airport,Fergana,UZ,FEG,UZFF,40.358799,71.745003
32013,UTNN,large_airport,Nukus International Airport,Nukus,UZ,NCU,UZNN,42.4884,59.623299
26387,UTNU,large_airport,Urgench International Airport,Urgench,UZ,UGC,UZNU,41.58274,60.64338
32561,UTSA,medium_airport,Navoi International Airport,Navoi,UZ,NVI,UZSA,40.117599,65.172658
26388,UTSB,large_airport,Bukhara International Airport,Bukhara,UZ,BHK,UZSB,39.775319,64.482279
26417,UTSK,small_airport,Karshi Airport,Karshi,UZ,KSQ,UZSK,38.802246,65.773068
26390,UTSS,large_airport,Samarkand International Airport,Samarkand,UZ,SKD,UZSS,39.701842,66.981467
26391,UTST,medium_airport,Termez Airport,Termez,UZ,TMJ,UZST,37.287261,67.311869
41687,UTTP,medium_airport,Tashkent-Khumo International Airport,Tashkent,UZ,TVT,UZTP,41.312889,69.395535
26392,UTTT,large_airport,Tashkent International Airport,Tashkent,UZ,TAS,UZTT,41.2579,69.281197
598248,UTTZ,medium_airport,Zomin Airport,Zomin,UZ,OMN,UZTZ,40.01402,68.41103
31761,UUBA,medium_airport,Kostroma Sokerkino Airport,Kostroma,RU,KMW,UUBA,57.796902,41.019402
31690,UUBI,medium_airport,Ivanovo South Airport,Ivanovo,RU,IWA,UUBI,56.93939971923828,40.940799713134766
32241,UUBK,medium_airport,Staroselye Airport,Rybinsk,RU,RYB,UUBK,58.104198,38.929401
26393,UUBP,medium_airport,Bryansk International Airport,Bryansk,RU,BZK,UUBP,53.214403,34.175965
42967,UUBW,large_airport,Zhukovsky International Airport,Moscow,RU,ZIA,UUBW,55.553299,38.150002
26394,UUDD,large_airport,Domodedovo International Airport,Moscow,RU,DME,UUDD,55.408798,37.9063
26395,UUDL,large_airport,Golden Ring Yaroslavl International Airport,Tunoshna,RU,IAR,UUDL,57.560699,40.157398
26396,UUEE,large_airport,Sheremetyevo International Airport,Moscow,RU,SVO,UUEE,55.976858,37.41121
26398,UUOB,medium_airport,Belgorod International Airport,Belgorod,RU,EGO,UUOB,50.643798828125,36.5900993347168
26399,UUOK,medium_airport,Kursk East Airport,Kursk,RU,URS,UUOK,51.7505989074707,36.29560089111328
31846,UUOL,medium_airport,Lipetsk Airport,Lipetsk,RU,LPK,UUOL,52.70280075073242,39.53779983520508
26400,UUOO,medium_airport,Voronezh International Airport,Voronezh,RU,VOZ,UUOO,51.814324,39.230948
26401,UUWW,large_airport,Vnukovo International Airport,Moscow,RU,VKO,UUWW,55.591499,37.261501
32506,UUYH,medium_airport,Ukhta Airport,Ukhta,RU,UCT,UUYH,63.566898,53.804699
32154,UUYP,medium_airport,Pechora Airport,Pechora,RU,PEX,UUYP,65.121101,57.130798
32555,UUYS,medium_airport,Usinsk Airport,Usinsk,RU,USK,UUYS,66.0047,57.367199
32581,UUYW,medium_airport,Vorkuta Airport,Vorkuta,RU,VKT,UUYW,67.488602,63.993099
26402,UUYY,medium_airport,Syktyvkar Airport,Syktyvkar,RU,SCW,UUYY,61.64699935913086,50.84510040283203
26403,UWGG,large_airport,Nizhny Novgorod / Strigino International Airport,Nizhny Novgorod,RU,GOJ,UWGG,56.227351,43.785152
35174,UWKB,medium_airport,Bugulma Airport,Bugulma,RU,UUA,UWKB,54.641184,52.800229
26404,UWKD,large_airport,Kazan International Airport,Kazan,RU,KZN,UWKD,55.606201,49.278702
26405,UWKE,medium_airport,Begishevo Airport,Nizhnekamsk,RU,NBC,UWKE,55.564701,52.092499
26406,UWKS,medium_airport,Cheboksary Airport,Cheboksary,RU,CSY,UWKS,56.090302,47.347301
35104,UWLL,medium_airport,Ulyanovsk Baratayevka Airport,Ulyanovsk,RU,ULV,UWLL,54.27016,48.225569
26407,UWLW,medium_airport,Ulyanovsk Vostochny Airport,Cherdakly,RU,ULY,UWLW,54.401001,48.8027
26408,UWOO,medium_airport,Orenburg Central Airport,Orenburg,RU,REN,UWOO,51.792668,55.457229
26409,UWOR,medium_airport,Orsk Airport,Orsk,RU,OSW,UWOR,51.072498,58.5956
32155,UWPP,medium_airport,Penza Airport,Penza,RU,PEZ,UWPP,53.1106,45.021099
42965,UWPS,large_airport,Saransk International Airport,Saransk,RU,SKX,UWPS,54.12513,45.212257
30804,UWSB,medium_airport,Balakovo Airport,Balakovo,RU,BWO,UWSB,51.858299,47.745602
339001,UWSG,large_airport,Gagarin International Airport,Saratov,RU,GSV,UWSG,51.712778,46.171111
26411,UWUU,large_airport,Ufa International Airport,Ufa,RU,UFA,UWUU,54.557498931885,55.874401092529
26412,UWWW,large_airport,Kurumoch International Airport,Samara,RU,KUF,UWWW,53.504902,50.164299
313684,UZR,small_airport,Urzhar Airport,Urzhar,KZ,UZR,UASU,47.091786,81.668216
3296,VA1P,small_airport,Diu Airport,Diu,IN,DIU,VADU,20.714185,70.921855
3299,VA2C,medium_airport,Gondia Airport,Gondia,IN,GDB,VAGD,21.526817,80.290347
26431,VAAH,large_airport,Sardar Vallabh Patel International Airport,Ahmedabad,IN,AMD,VAAH,23.0772,72.634697
26433,VAAU,medium_airport,Aurangabad Airport,Aurangabad,IN,IXU,VAAU,19.862875,75.396312
26434,VABB,large_airport,Chhatrapati Shivaji Maharaj International Airport,Mumbai,IN,BOM,VABB,19.088699,72.867897
26436,VABJ,medium_airport,Bhuj Airport,Bhuj,IN,BHJ,VABJ,23.2877998352,69.6701965332
26437,VABM,medium_airport,Belagavi Airport,Belgaum,IN,IXG,VOBM,15.8593,74.618301
26438,VABO,large_airport,Vadodara International Airport,Vadodara,IN,BDQ,VABO,22.336201,73.226303
26439,VABP,large_airport,Raja Bhoj International Airport,Bhopal,IN,BHO,VABP,23.2875,77.337402
26440,VABV,medium_airport,Bhavnagar Airport,Bhavnagar,IN,BHU,VABV,21.752199173,72.1852035522
26445,VAHB,medium_airport,Hubballi Airport,Hubballi,IN,HBX,VOHB,15.361084,75.082096
512065,VAHS,large_airport,Rajkot International Airport,Rajkot,IN,HSR,VAHS,22.378824,71.039391
26446,VAID,large_airport,Devi Ahilya Bai Holkar International Airport,Indore,IN,IDR,VAID,22.721404,75.80051
26447,VAJB,medium_airport,Jabalpur Airport,Jabalpur,IN,JLR,VAJB,23.177799,80.052002
3303,VAJL,small_airport,Jalgaon Airport,Jalgaon,IN,JLG,VAJL,20.962678,75.627492
26448,VAJM,medium_airport,Jamnagar Airport,Jamnagar,IN,JGA,VAJM,22.465499877929688,70.01260375976562
26449,VAKE,medium_airport,Kandla Airport,Kandla,IN,IXY,VAKE,23.1127,70.100304
26451,VAKP,medium_airport,Kolhapur Airport,Kolhapur,IN,KLH,VAKP,16.6647,74.289398
26452,VAKS,medium_airport,Keshod Airport,Keshod,IN,IXK,VAKS,21.317101,70.270401
3341,VALT,medium_airport,Murod Kond Airport,Latur,IN,LTU,VALT,18.411501,76.464699
26453,VANP,large_airport,Dr. Babasaheb Ambedkar International Airport,Nagpur,IN,NAG,VANP,21.092199,79.047203
3301,VAOZ,large_airport,Nashik International Airport,Nashik,IN,ISK,VAOZ,20.119101,73.912903
26455,VAPO,large_airport,Pune International Airport,Pune,IN,PNQ,VAPO,18.5821,73.919701
26456,VAPR,medium_airport,Porbandar Airport,Porbandar,IN,PBD,VAPR,21.649524,69.656405
327452,VASD,large_airport,Shirdi International Airport,Kakadi,IN,SAG,VASD,19.689211,74.373655
26461,VASU,large_airport,Surat International Airport,Surat,IN,STV,VASU,21.115531,72.743251
26462,VAUD,medium_airport,Maharana Pratap Airport,Udaipur,IN,UDR,VAUD,24.6177005768,73.89610290530001
26463,VCBI,large_airport,Bandaranaike International Colombo Airport,Colombo,LK,CMB,VCBI,7.180759906768799,79.88410186767578
26465,VCCB,medium_airport,Batticaloa International Airport,Batticaloa,LK,BTC,VCCB,7.705073,81.677163
26466,VCCC,large_airport,Colombo Ratmalana International Airport,Colombo,LK,RML,VCCC,6.821638,79.885859
26468,VCCJ,large_airport,Jaffna International Airport,Jaffna,LK,JAF,VCCJ,9.79233,80.070099
26469,VCCK,medium_airport,Koggala Airport,Galle,LK,KCT,VCCK,5.993680000305176,80.32029724121094
26471,VCCT,medium_airport,China Bay Airport,Trincomalee,LK,TRR,VCCT,8.539159,81.18128
309579,VCRI,large_airport,Mattala Rajapaksa International Airport,Mattala,LK,HRI,VCRI,6.283878,81.124163
26473,VDBG,medium_airport,Battambang Airport,Battambang,KH,BBM,VDBG,13.0956,103.223999
513482,VDSA,large_airport,Siem Reap-Angkor International Airport,Siem Reap,KH,SAI,VDSA,13.36974,104.223831
26478,VDSV,large_airport,Sihanouk International Airport,Preah Sihanouk,KH,KOS,VDSV,10.570557,103.632067
26489,VEAT,medium_airport,Agartala - Maharaja Bir Bikram Airport,Agartala,IN,IXA,VEAT,23.886999,91.240402
26491,VEBD,large_airport,Bagdogra Airport,Siliguri,IN,IXB,VEBD,26.6812,88.328598
26492,VEBI,medium_airport,Shillong Airport,Shillong,IN,SHL,VEBI,25.70359992980957,91.97869873046876
26545,VEBN,large_airport,Lal Bahadur Shastri International Airport,Varanasi,IN,VNS,VEBN,25.452171,82.862549
26494,VEBS,large_airport,Biju Patnaik International Airport,Bhubaneswar,IN,BBI,VEBS,20.251021,85.814747
26435,VEBU,medium_airport,Bilaspur Airport,Bilaspur,IN,PAB,VEBU,21.9884,82.111
26496,VECC,large_airport,Netaji Subhash Chandra Bose International Airport,Kolkata,IN,CCU,VECC,22.654012,88.44765
317982,VEDG,medium_airport,Kazi Nazrul Islam Airport,Durgapur,IN,RDP,VEDG,23.6225,87.243
3319,VEDH,medium_airport,Darbhanga Airport,Darbhanga,IN,DBR,VEDH,26.192801,85.916901
312234,VEDO,small_airport,Deoghar Airport,Deoghar,IN,DGH,VEDO,24.446842,86.704955
26500,VEGK,medium_airport,Gorakhpur Airport,Gorakhpur,IN,GOP,VEGK,26.7397003174,83.4496994019
26501,VEGT,large_airport,Lokpriya Gopinath Bordoloi International Airport,Guwahati,IN,GAU,VEGT,26.106654,91.585226
26502,VEGY,medium_airport,Gaya Airport,Gaya,IN,GAY,VEGY,24.744301,84.951202
26504,VEIM,large_airport,Bir Tikendrajit International Airport,Imphal,IN,IMF,VEIM,24.76,93.896698
26505,VEJH,small_airport,Jharsuguda Airport,,IN,JRG,VEJH,21.9135,84.0504
26507,VEJT,medium_airport,Jorhat Airport,Jorhat,IN,JRH,VEJT,26.730456,94.175416
26509,VEKU,medium_airport,Silchar Airport,Silchar,IN,IXS,VEKU,24.9129009247,92.9786987305
26510,VELP,medium_airport,Lengpui Airport,Aizawl (Lengpui),IN,AJL,VELP,23.840599,92.619698
26511,VELR,medium_airport,Lilabari North Lakhimpur Airport,Lilabari,IN,IXI,VELR,27.295682,94.097266
26512,VEMN,medium_airport,Dibrugarh Airport,Dibrugarh,IN,DIB,VEMN,27.4839000702,95.0168991089
26513,VEMR,medium_airport,Dimapur Airport,Dimapur,IN,DMU,VEMR,25.8838996887,93.7711029053
26517,VEPT,medium_airport,Jay Prakash Narayan Airport,Patna,IN,PAT,VEPT,25.591299,85.087997
26519,VERC,medium_airport,Birsa Munda Airport,Ranchi,IN,IXR,VERC,23.314300537100003,85.3217010498
26521,VETZ,medium_airport,Tezpur Airport,,IN,TEZ,VETZ,26.7091007232666,92.78469848632812
26522,VEUK,medium_airport,Utkela Airport,Bhawanipatna,IN,UKE,VEUK,20.097778,83.183333
26523,VEVZ,large_airport,Visakhapatnam International Airport,Visakhapatnam,IN,VTZ,VOVZ,17.723506,83.227729
26525,VGBR,medium_airport,Barisal Airport,Barisal,BD,BZL,VGBR,22.801001,90.301201
26526,VGCB,medium_airport,Cox's Bazar Airport,Cox's Bazar,BD,CXB,VGCB,21.457517,91.963263
26527,VGEG,large_airport,Shah Amanat International Airport,Chattogram (Chittagong),BD,CGP,VGEG,22.249599,91.813301
26534,VGHS,large_airport,Hazrat Shahjalal International Airport,Dhaka,BD,DAC,VGHS,23.843347,90.397783
26529,VGJR,medium_airport,Jessore Airport,Jashore (Jessore),BD,JSR,VGJR,23.1838,89.160797
26530,VGRJ,medium_airport,Shah Makhdum Airport,Rajshahi,BD,RJH,VGRJ,24.437201,88.616501
26531,VGSD,medium_airport,Saidpur Airport,Saidpur,BD,SPD,VGSD,25.759199,88.908897
26532,VGSY,large_airport,Osmany International Airport,Sylhet,BD,ZYL,VGSY,24.963071,91.866903
26535,VHHH,large_airport,Hong Kong International Airport,Hong Kong,HK,HKG,VHHH,22.31184,113.914862
43192,VHST,heliport,Shun Tak Heliport,Central and Western,HK,HHP,VHSS,22.288868,114.152369
26537,VIAG,medium_airport,Agra Airport / Agra Air Force Station,Agra,IN,AGR,VIAG,27.157975,77.961025
26538,VIAL,medium_airport,Prayagraj Airport,Allahabad,IN,IXD,VEAB,25.4401,81.733902
26540,VIAR,large_airport,Sri Guru Ram Das Ji International Airport,Amritsar,IN,ATQ,VIAR,31.7096,74.797302
26542,VIAX,small_airport,Adampur Airport,Adampur,IN,AIP,VIAX,31.4338,75.758797
26546,VIBR,medium_airport,Kullu Manali Airport,Bhuntar,IN,KUU,VIBR,31.876699,77.154404
26549,VIBY,medium_airport,Bareilly Air Force Station,Bareilly,IN,BEK,VIBY,28.4221,79.450798
26550,VICG,large_airport,Shaheed Bhagat Singh International Airport,Chandigarh,IN,IXC,VICG,30.6735,76.788498
26554,VIDN,medium_airport,Dehradun Jolly Grant Airport,Dehradun (Jauligrant),IN,DED,VIDN,30.189243,78.176651
26555,VIDP,large_airport,Indira Gandhi International Airport,New Delhi,IN,DEL,VIDP,28.55563,77.09519
26556,VIDX,small_airport,Hindon Airport / Hindon Air Force Station,Ghaziabad,IN,HDO,VIDX,28.707701,77.358902
26557,VIGG,medium_airport,Kangra Airport,Kangra,IN,DHM,VIGG,32.164902,76.263018
26558,VIGR,medium_airport,Gwalior Airport,Gwalior,IN,GWL,VIGR,26.29330062866211,78.22779846191406
26559,VIHR,large_airport,Maharaja Agrasen International Airport,Hisar,IN,HSS,VIHR,29.186065,75.74142
26560,VIHX,large_airport,Halwara International Airport,Halwara,IN,HWR,VIHX,30.748501,75.629799
26562,VIJO,medium_airport,Jodhpur Airport,Jodhpur,IN,JDH,VIJO,26.251100540161133,73.04889678955078
26563,VIJP,large_airport,Jaipur International Airport,Jaipur,IN,JAI,VIJP,26.8242,75.812202
26564,VIJR,medium_airport,Jaisalmer Airport,,IN,JSA,VIJR,26.8887,70.864998
26565,VIJU,medium_airport,Jammu Airport,Jammu,IN,IXJ,VIJU,32.688849,74.838152
327453,VIKG,medium_airport,Kishangarh Airport Ajmer,Ajmer (Kishangarh),IN,KQH,VIKG,26.591007,74.812956
26569,VILH,medium_airport,Leh Kushok Bakula Rimpochee Airport,Leh,IN,IXL,VILH,34.135899,77.546501
26570,VILK,large_airport,Chaudhary Charan Singh International Airport,Lucknow,IN,LKO,VILK,26.760599,80.889297
26571,VIPK,medium_airport,Pathankot Airport,Pathankot,IN,IXP,VIPK,32.233611,75.634444
26573,VIPT,medium_airport,Pantnagar Airport,Pantnagar,IN,PGH,VIPT,29.0334,79.473701
26578,VISR,large_airport,Sheikh ul Alam International Airport,Srinagar,IN,SXR,VISR,33.987099,74.7742
26583,VLLB,large_airport,Luang Phabang International Airport,Luang Phabang,LA,LPQ,VLLB,19.904273,102.167191
31868,VLLN,small_airport,Luang Namtha Airport,Luang Namtha,LA,LXG,VLLN,20.966999,101.400002
32582,VLOS,small_airport,Oudomsay Airport,Oudomsay,LA,ODY,VLOS,20.68269920349121,101.99400329589844
26584,VLPS,large_airport,Pakse International Airport,Pakse,LA,PKZ,VLPS,15.133973,105.779871
26588,VLVT,large_airport,Wattay International Airport,Vientiane,LA,VTE,VLVT,17.985052,102.566692
32703,VLXK,small_airport,Xieng Khouang Airport,Xieng Khouang,LA,XKH,VLXK,19.450001,103.157997
26589,VMMC,large_airport,Macau International Airport,Nossa Senhora do Carmo,MO,MFM,VMMC,22.149599,113.592003
30707,VNBP,small_airport,Bharatpur Airport,Bharatpur,NP,BHR,VNBP,27.678101,84.429398
26593,VNBW,large_airport,Gautam Buddha International Airport,Siddharthanagar (Bhairahawa),NP,BWA,VNBW,27.504636,83.410381
26594,VNCG,small_airport,Bhadrapur Airport,Bhadrapur,NP,BDP,VNCG,26.5708007812,88.07959747310001
30936,VNDP,small_airport,Dolpa Airport,Dolpa,NP,DOP,VNDP,28.985659,82.818703
32301,VNDT,small_airport,Silgadi Doti Airport,Silgadi Doti,NP,SIH,VNDT,29.262226,80.935968
31712,VNJL,small_airport,Jumla Airport,Jumla,NP,JUM,VNJL,29.2742,82.193298
26595,VNJP,medium_airport,Janakpur Airport,Janakpur,NP,JKR,VNJP,26.708799,85.922401
308298,VNJS,small_airport,Jomsom Airport,Jomsom,NP,JMO,VNJS,28.780426,83.723
26596,VNKT,large_airport,Tribhuvan International Airport,Kathmandu,NP,KTM,VNKT,27.6966,85.3591
28150,VNLK,medium_airport,Tenzing-Hillary Airport,Lukla,NP,LUA,VNLK,27.686768,86.729479
26597,VNNG,medium_airport,Nepalgunj Airport,Nepalgunj,NP,KEP,VNNG,28.1036,81.667
26598,VNPK,medium_airport,Pokhara Domestic Airport,Pokhara,NP,PKR,VNPK,28.200621,83.981203
26599,VNSI,small_airport,Simara Airport,Simara,NP,SIF,VNSI,27.159803,84.980021
32311,VNSK,small_airport,Surkhet Airport,Surkhet,NP,SKH,VNSK,28.586,81.636002
31675,VNST,small_airport,Simikot Airport,Simikot,NP,IMK,VNST,29.9711,81.818901
308293,VNTJ,medium_airport,Taplejung Airport,Taplejung,NP,TPJ,VNTJ,27.3509,87.69525
32463,VNTR,small_airport,Tumling Tar Airport,Tumling Tar,NP,TMI,VNTR,27.315001,87.193298
26600,VNVT,medium_airport,Biratnagar Airport,Biratnagar,NP,BIR,VNVT,26.48150062561035,87.26399993896484
26602,VOAT,medium_airport,Agatti Airport,Agatti,IN,AGX,VOAT,10.8237,72.176003
35145,VOBL,large_airport,Kempegowda International Airport Bengaluru,Bengaluru,IN,BLR,VOBL,13.1979,77.706299
26606,VOBZ,large_airport,Vijayawada International Airport,Vijayawada,IN,VGA,VOBZ,16.530011,80.804888
26607,VOCB,large_airport,Coimbatore International Airport,Coimbatore,IN,CJB,VOCB,11.03,77.043404
26609,VOCI,large_airport,Cochin International Airport,Kochi,IN,COK,VOCI,10.151047,76.400838
26610,VOCL,large_airport,Calicut International Airport,Calicut,IN,CCJ,VOCL,11.135996,75.955152
26611,VOCP,medium_airport,Kadapa Airport,Kadapa,IN,CDP,VOCP,14.513154,78.769183
342094,VOGA,large_airport,Manohar International Airport,Mopa,IN,GOX,VOGA,15.744257,73.860625
506610,VOGB,small_airport,Kalaburagi Airport,Kalaburagi,IN,GBI,VOGB,17.308154,76.965246
26444,VOGO,large_airport,Goa Dabolim International Airport,Vasco da Gama,IN,GOI,VOGO,15.380062,73.833328
35141,VOHS,large_airport,Rajiv Gandhi International Airport,Hyderabad,IN,HYD,VOHS,17.231318,78.429855
329504,VOKN,large_airport,Kannur International Airport,Kannur,IN,CNN,VOKN,11.916343,75.544979
340146,VOKU,medium_airport,Kurnool Airport,Orvakal,IN,KJB,VOKU,15.716288,78.16923
26616,VOMD,medium_airport,Madurai Airport,Madurai,IN,IXM,VOMD,9.83450984955,78.09339904790001
26617,VOML,large_airport,Mangaluru International Airport,Mangaluru,IN,IXE,VOML,12.95471,74.886812
26618,VOMM,large_airport,Chennai International Airport,Chennai,IN,MAA,VOMM,12.990005,80.169296
31996,VOMY,medium_airport,Mysore Airport,Mysore,IN,MYQ,VOMY,12.229751,76.653683
26620,VOPB,large_airport,Veer Savarkar International Airport / INS Utkrosh,Port Blair,IN,IXZ,VOPB,11.640194,92.72902
26621,VOPC,medium_airport,Pondicherry Airport,Puducherry (Pondicherry),IN,PNY,VOPC,11.968,79.812
26623,VORY,medium_airport,Rajahmundry Airport,Madhurapudi,IN,RJA,VORY,17.105799,81.813204
3342,VOTK,small_airport,Tuticorin Airport,Vagaikulam,IN,TCR,VOTK,8.724241,78.025803
26627,VOTP,large_airport,Tirupati International Airport,Tirupati,IN,TIR,VOTP,13.631988,79.539869
26628,VOTR,large_airport,Tiruchirappalli International Airport,Tiruchirappalli,IN,TRZ,VOTR,10.762915,78.717741
26629,VOTV,large_airport,Thiruvananthapuram International Airport,Thiruvananthapuram,IN,TRV,VOTV,8.481889,76.920029
315554,VQBT,small_airport,Bathpalathang Airport,Jakar,BT,BUT,VQBT,27.5622,90.7471
26632,VQPR,large_airport,Paro International Airport,Paro,BT,PBH,VQPR,27.4032,89.424599
606,VQTY,small_airport,Yongphulla Airport,Yongphulla,BT,YON,VQTY,27.25627,91.514633
316420,VRMD,small_airport,Dharavandhoo Airport,Baa Atoll,MV,DRV,VRMD,5.1561,73.1302
26633,VRMG,large_airport,Gan International Airport,Gan,MV,GAN,VRMG,-0.692975,73.152627
26634,VRMH,large_airport,Hanimaadhoo International Airport,Haa Dhaalu Atoll,MV,HAQ,VRMH,6.743235,73.167072
26635,VRMK,medium_airport,Kadhdhoo Airport,Kadhdhoo,MV,KDO,VRMK,1.8591699600219729,73.52189636230469
26636,VRMM,large_airport,Velana International Airport,Malé,MV,MLE,VRMM,4.19183,73.529099
308991,VRMO,small_airport,Kooddoo Airport,Huvadhu Atoll,MV,GKK,VRMO,0.7324,73.4336
26637,VRMT,medium_airport,Kaadedhdhoo Airport,Huvadhu Atoll,MV,KDM,VRMT,0.488131,72.996902
301316,VRMV,medium_airport,Villa International Airport Maamigili,Maamigili,MV,VAM,VRMV,3.471751,72.832633
316419,VRNT,small_airport,Thimarafushi Airport,Thimarafushi,MV,TMF,VRNT,2.211,73.1533
26638,VTBD,large_airport,Don Mueang International Airport,Bangkok,TH,DMK,VTBD,13.9126,100.607002
26643,VTBO,medium_airport,Trat Airport,Laem Ngop,TH,TDX,VTBO,12.2746,102.319
28118,VTBS,large_airport,Suvarnabhumi Airport,Bangkok,TH,BKK,VTBS,13.6811,100.747002
26645,VTBU,large_airport,U-Tapao–Rayong–Pattaya International Airport,Rayong,TH,UTP,VTBU,12.6799,101.004997
26647,VTCC,large_airport,Chiang Mai International Airport,Chiang Mai,TH,CNX,VTCC,18.7667999268,98.962600708
26648,VTCH,medium_airport,Mae Hong Son Airport,Mae Hong Son,TH,HGN,VTCH,19.3013,97.9758
26649,VTCL,medium_airport,Lampang Airport,,TH,LPT,VTCL,18.27090072631836,99.50420379638672
26650,VTCN,medium_airport,Nan Airport,,TH,NNT,VTCN,18.807899475097656,100.78299713134766
302310,VTCO,small_airport,Lamphun Airport,,TH,,VTCO,18.548986,99.012426
26653,VTCT,large_airport,Mae Fah Luang - Chiang Rai International Airport,Chiang Rai,TH,CEI,VTCT,19.952299,99.882896
26654,VTPB,medium_airport,Phetchabun Airport,,TH,PHY,VTPB,16.6760005951,101.194999695
26655,VTPH,medium_airport,Hua Hin Airport,Hua Hin,TH,HHQ,VTPH,12.6361999512,99.951499939
26658,VTPM,medium_airport,Mae Sot Airport,,TH,MAQ,VTPM,16.699899673461914,98.54509735107422
26660,VTPO,medium_airport,Sukhothai Airport,,TH,THS,VTPO,17.238000869750977,99.81819915771484
26661,VTPP,medium_airport,Phitsanulok Airport,Phitsanulok,TH,PHS,VTPP,16.7829,100.278999
26665,VTSB,medium_airport,Surat Thani Airport,Surat Thani,TH,URT,VTSB,9.13259983063,99.135597229
26666,VTSC,medium_airport,Narathiwat Airport,,TH,NAW,VTSC,6.519919872283936,101.74299621582033
26667,VTSE,medium_airport,Chumphon Airport,Chumphon,TH,CJM,VTSE,10.7112,99.361702
26668,VTSF,medium_airport,Nakhon Si Thammarat Airport,Nakhon Si Thammarat,TH,NST,VTSF,8.539620399475098,99.9447021484375
26669,VTSG,large_airport,Krabi International Airport,Krabi,TH,KBV,VTSG,8.095591,98.988955
26672,VTSM,large_airport,Samui International Airport,Na Thon (Ko Samui Island),TH,USM,VTSM,9.54779,100.061996
26674,VTSP,large_airport,Phuket International Airport,Phuket,TH,HKT,VTSP,8.113257,98.3174
26675,VTSR,medium_airport,Ranong Airport,Ranong,TH,UNN,VTSR,9.77762,98.585503
26676,VTSS,large_airport,Hat Yai International Airport,Hat Yai,TH,HDY,VTSS,6.93321,100.392998
26677,VTST,medium_airport,Trang Airport,Trang,TH,TST,VTST,7.50874,99.6166
26678,VTUD,large_airport,Udon Thani International Airport,Udon Thani,TH,UTH,VTUD,17.386186,102.788577
26679,VTUI,medium_airport,Sakon Nakhon Airport,,TH,SNO,VTUI,17.195100784301758,104.11900329589844
26680,VTUJ,medium_airport,Surin Airport,Surin,TH,PXR,VTUJ,14.868300437927,103.49800109863
26681,VTUK,medium_airport,Khon Kaen Airport,Khon Kaen,TH,KKC,VTUK,16.466600418099997,102.783996582
26682,VTUL,medium_airport,Loei Airport,,TH,LOE,VTUL,17.43910026550293,101.72200012207033
26684,VTUO,medium_airport,Buri Ram Airport,Buriram,TH,BFV,VTUO,15.2295,103.252998
26687,VTUU,medium_airport,Ubon Ratchathani Airport,Ubon Ratchathani,TH,UBP,VTUU,15.2512998581,104.870002747
26688,VTUV,medium_airport,Roi Et Airport,Roi Et,TH,ROI,VTUV,16.1168,103.774002
26689,VTUW,medium_airport,Nakhon Phanom Airport,Nakhon Phanom,TH,KOP,VTUW,17.383801,104.642998
26690,VVBM,medium_airport,Buon Ma Thuot Airport,Buon Ma Thuot,VN,BMV,VVBM,12.668299675,108.120002747
26691,VVCA,small_airport,Chu Lai Airport,Tam Nghĩa,VN,VCL,VVCA,15.4033,108.706001
26692,VVCI,large_airport,Cat Bi International Airport,Haiphong (Hai An),VN,HPH,VVCI,20.817428,106.724315
301824,VVCM,medium_airport,Cà Mau Airport,Ca Mau City,VN,CAH,VVCM,9.177667,105.177778
26693,VVCR,large_airport,Cam Ranh International Airport / Cam Ranh Air Base,Nha Trang/nha Trang aiurportCam Ranh,VN,CXR,VVCR,11.9982,109.219002
26694,VVCS,medium_airport,Con Dao Airport,Con Dao,VN,VCS,VVCS,8.73183,106.633003
26695,VVCT,large_airport,Can Tho International Airport,Can Tho,VN,VCA,VVCT,10.083397,105.709371
26696,VVDB,medium_airport,Dien Bien Phu Airport,Dien Bien Phu,VN,DIN,VVDB,21.3974990845,103.008003235
35144,VVDH,medium_airport,Dong Hoi Airport,Dong Hoi,VN,VDH,VVDH,17.515,106.590556
30923,VVDL,medium_airport,Lien Khuong Airport,Da Lat,VN,DLI,VVDL,11.750556,108.366997
26697,VVDN,large_airport,Da Nang International Airport,Da Nang,VN,DAD,VVDN,16.0439,108.198997
26700,VVNB,large_airport,Noi Bai International Airport,Hanoi (Soc Son),VN,HAN,VVNB,21.221201,105.806999
26702,VVPB,medium_airport,Phu Bai International Airport,Huế,VN,HUI,VVPB,16.400628,107.703094
26703,VVPC,medium_airport,Phu Cat Airport,Quy Nohn,VN,UIH,VVPC,13.955,109.042
26704,VVPK,medium_airport,Pleiku Airport,Pleiku,VN,PXU,VVPK,14.00450038909912,108.01699829101562
26705,VVPQ,large_airport,Phú Quốc International Airport,Phu Quoc Island,VN,PQC,VVPQ,10.169783,103.99353
32580,VVRG,medium_airport,Rach Gia Airport,Rach Gia,VN,VKG,VVRG,9.95802997234,105.132379532
26707,VVTH,medium_airport,Dong Tac Airport,Tuy Hoa,VN,TBB,VVTH,13.0496,109.334
26708,VVTS,large_airport,Tan Son Nhat International Airport,Ho Chi Minh City,VN,SGN,VVTS,10.8188,106.652
327354,VVTX,small_airport,Tho Xuan Airport,Thanh Hóa,VN,THD,VVTX,19.901667,105.467778
332254,VVVD,medium_airport,Van Don International Airport,Van Don,VN,VDO,VVVD,21.120693,107.41539
26709,VVVH,medium_airport,Vinh Airport,Vinh,VN,VII,VVVH,18.7376003265,105.67099762
26712,VYBG,small_airport,Bagan Airport,Nyaung U,MM,NYU,VYBG,21.178800582885746,94.9301986694336
26713,VYBM,small_airport,Banmaw Airport,Banmaw,MM,BMO,VYBM,24.27044,97.2476
26716,VYDW,medium_airport,Dawei Airport,Dawei,MM,TVY,VYDW,14.1039,98.203598
509451,VYHH,medium_airport,Heho Airport,Heho,MM,HEH,VYHH,20.74714,96.792029
26720,VYKG,medium_airport,Kengtung Airport,Kengtung,MM,KET,VYKG,21.30159950256348,99.63600158691406
31749,VYKI,small_airport,Kanti Airport,Kanti,MM,KHM,VYKI,25.9883,95.6744
26722,VYKP,medium_airport,Kyaukpyu Airport,Kyaukpyu,MM,KYP,VYKP,19.42639923095703,93.53479766845705
26723,VYKT,medium_airport,Kawthoung Airport,Kawthoung,MM,KAW,VYKT,10.04930019378662,98.53800201416016
26724,VYLK,medium_airport,Loikaw Airport,Loikaw,MM,LIW,VYLK,19.691499710083008,97.2147979736328
26725,VYLS,medium_airport,Lashio Airport,Lashio,MM,LSH,VYLS,22.9778995513916,97.752197265625
26727,VYMD,large_airport,Mandalay International Airport,Mandalay,MM,MDL,VYMD,21.70219993591309,95.97789764404295
26728,VYME,medium_airport,Myeik Airport,Mkeik,MM,MGZ,VYME,12.439800262451172,98.62149810791016
26729,VYMK,medium_airport,Myitkyina Airport,Myitkyina,MM,MYT,VYMK,25.3836,97.351898
26730,VYMM,small_airport,Mawlamyine Airport,Mawlamyine,MM,MNU,VYMM,16.444700241088867,97.66069793701172
26732,VYMS,medium_airport,Mong Hsat Airport,Mong Hsat,MM,MOG,VYMS,20.51679992675781,99.25679779052734
30101,VYMW,small_airport,Magway Airport,Magway,MM,MWQ,VYMW,20.1656,94.941399
26717,VYNT,large_airport,Nay Pyi Taw International Airport,Naypyitaw,MM,NYT,VYNT,19.623501,96.200996
26736,VYPN,small_airport,Pathein Airport,Pathein,MM,BSX,VYPN,16.815201,94.7799
26737,VYPT,medium_airport,Putao Airport,Putao,MM,PBU,VYPT,27.32990074157715,97.42630004882812
26740,VYSW,medium_airport,Sittwe Airport,Sittwe,MM,AKY,VYSW,20.133165,92.870693
26741,VYTD,medium_airport,Thandwe Airport,Thandwe,MM,SNW,VYTD,18.4606990814209,94.30010223388672
26742,VYTL,medium_airport,Tachileik Airport,Tachileik,MM,THL,VYTL,20.483800888061523,99.9354019165039
26744,VYYY,large_airport,Yangon International Airport,Yangon,MM,RGN,VYYY,16.907300949099998,96.1332015991
26745,WAAA,large_airport,Sultan Hasanuddin International Airport,Makassar,ID,UPG,WAAA,-5.075539,119.553702
26746,WABB,medium_airport,Frans Kaisiepo Airport,Biak,ID,BIK,WABB,-1.19002,136.108002
26750,WADB,medium_airport,Sultan Muhammad Salahuddin Airport,Bima,ID,BMU,WADB,-8.537184,118.685002
26751,WADD,large_airport,Denpasar I Gusti Ngurah Rai International Airport,"Kuta, Badung",ID,DPS,WADD,-8.748409,115.167123
46589,WADE,small_airport,Lieutenant Colonel Wisnu Airfield,"Gerokgak, Buleleng",ID,,WADE,-8.139292,114.615367
299629,WADL,large_airport,Lombok International Airport,"Mataram (Pujut, Lombok Tengah)",ID,LOP,WADL,-8.759962,116.278169
26752,WADS,small_airport,Sultan Muhammad Kaharuddin III Airport,Sumbawa Besar,ID,SWQ,WADS,-8.48904,117.412003
26753,WADT,small_airport,Tambolaka Airport,Radamata,ID,TMC,WATK,-9.409224,119.242558
26754,WADW,small_airport,Umbu Mehang Kunda Airport,Waingapu-Sumba Island,ID,WGP,WATU,-9.66922,120.302002
46587,WADY,small_airport,Banyuwangi Airport,"Rogojampi, Banyuwangi",ID,BWX,WADY,-8.31015,114.3401
26773,WAEE,medium_airport,Sultan Babullah Airport,Ternate,ID,TTE,WAEE,0.831012,127.381611
352892,WAFB,medium_airport,Toraja Airport,Toraja,ID,TRT,WAFB,-3.185833,119.91775
331735,WAFD,small_airport,Bua - Palopo Lagaligo Airport,Palopo,ID,LLO,WAFD,-3.08227,120.244823
26769,WAFF,medium_airport,Mutiara - SIS Al-Jufrie Airport,Palu,ID,PLW,WAFF,-0.916462,119.908647
506525,WAFU,small_airport,Tanjung Api Airport,Tojo Una-Una,ID,OJU,WAFU,-0.865437,121.628625
344101,WAGB,small_airport,Haji Muhammad Sidik Airport,Muara Teweh,ID,HMS,WAGB,-1.02581,114.92881
343797,WAGF,small_airport,Seruyan Kuala Pembuang Airport,Seruyan,ID,KLP,WAGF,-3.376062,112.536521
26780,WAGG,medium_airport,Tjilik Riwut Airport,Palangkaraya,ID,PKY,WAGG,-2.227146,113.943388
332202,WAHI,large_airport,Yogyakarta International Airport,Yogyakarta,ID,YIA,WAHI,-7.905338,110.057264
26833,WAHL,medium_airport,Tunggul Wulung Airport,Cilacap,ID,CXP,WAHL,-7.64506,109.033997
42250,WAHU,small_airport,Dewadaru Airport,Karimunjawa,ID,KWB,WAHU,-5.80091,110.47838
26755,WAJJ,large_airport,Dortheys Hiyo Eluay International Airport,Sentani,ID,DJJ,WAJJ,-2.579627,140.519857
41428,WAJO,medium_airport,Oksibil Airport,Oksibil,ID,OKL,WAJO,-4.9071,140.6277
26757,WAKK,medium_airport,Mopah International Airport,Merauke,ID,MKQ,WAKK,-8.523898,140.419693
41437,WAKT,medium_airport,Tanah Merah Airport,Tanah Merah,ID,TMH,WAKT,-6.09669,140.303521
35277,WALJ,small_airport,Datadawai Airport,Datadawai-Borneo Island,ID,DTD,WALJ,0.807028,114.529052
26760,WALL,large_airport,Sultan Aji Muhammad Sulaiman Sepinggan International Airport,Balikpapan,ID,BPN,WALL,-1.268342,116.89452
26762,WALR,medium_airport,Juwata International Airport / Suharnoko Harbani AFB,Tarakan,ID,TRK,WAQQ,3.325145,117.564169
26763,WALS,medium_airport,Aji Pangeran Tumenggung Pranoto International Airport,Samarinda,ID,AAP,WALS,-0.374478,117.250128
26767,WAMG,small_airport,Jalaluddin Airport,Gorontalo,ID,GTO,WAMG,0.637119,122.849998
26768,WAMH,medium_airport,Naha Airport,"Tabukan Utara, Sangihe Islands",ID,NAH,WAMH,3.68478,125.527162
526307,WAMI,small_airport,Bolaang Mongondow Airport,Lolak,ID,LKM,WAMI,0.88855,124.033634
26770,WAMM,large_airport,Sam Ratulangi International Airport,Manado,ID,MDC,WAMM,1.548591,124.92625
41405,WAMY,small_airport,Buol - Pogogul Airport,Buol,ID,UOL,WAFY,1.102318,121.413358
26775,WAOC,small_airport,Bersujud Airport,Batu Licin,ID,BTW,WAOC,-3.41241,115.995003
26777,WAOI,small_airport,Iskandar Airport,Pangkalanbun,ID,PKN,WAGI,-2.7052,111.672997
31730,WAOK,small_airport,Gusti Syamsir Alam Airport,Stagen,ID,KBU,WAOK,-3.294796,116.163815
26778,WAON,medium_airport,Warukin Airport,Tanta-Tabalong,ID,TJG,WAON,-2.21656,115.435997
26779,WAOO,large_airport,Syamsudin Noor International Airport,Banjarbaru,ID,BDJ,WAOO,-3.440112,114.761209
26781,WAOS,small_airport,Sampit (H.Asan) Airport,Sampit,ID,SMQ,WAGS,-2.499198,112.974987
333039,WAPF,medium_airport,Karel Sadsuitubun Airport,Langgur,ID,LUV,WAPF,-5.760278,132.759444
525059,WAPN,medium_airport,Namniwel Airport,Namniwel,ID,NAM,WAPN,-3.143159,126.976469
26784,WAPP,large_airport,Pattimura International Airport,Ambon,ID,AMQ,WAPP,-3.71026,128.089005
26759,WAQT,medium_airport,Kalimarau Airport,Tanjung Redeb - Borneo Island,ID,BEJ,WAQT,2.14776,117.430705
26785,WARA,medium_airport,Abdul Rachman Saleh Airport,Malang,ID,MLG,WARA,-7.929099,112.714233
46586,WARE,small_airport,Notohadinegoro Airport,Jember,ID,JBB,WARE,-8.242494,113.693476
26787,WARJ,medium_airport,Adisutjipto International Airport,Yogyakarta,ID,JOG,WAHH,-7.78818,110.431999
26788,WARQ,large_airport,Adisoemarmo International Airport,Surakarta,ID,SOC,WAHQ,-7.516044,110.757492
26789,WARR,large_airport,Juanda International Airport,Surabaya,ID,SUB,WARR,-7.37983,112.787003
26790,WARS,large_airport,Jenderal Ahmad Yani Airport,Semarang,ID,SRG,WAHS,-6.970732,110.373244
26791,WASF,medium_airport,Fakfak Airport,Fakfak,ID,FKQ,WASF,-2.920508,132.267011
26792,WASK,medium_airport,Utarom Airport,Kaimana,ID,KNG,WASK,-3.6446,133.695116
333091,WASN,small_airport,Marinda Airport,Waisai,ID,RJM,WASN,-0.424969,130.773535
26794,WASR,medium_airport,Rendani Airport,Manokwari,ID,MKW,WAUU,-0.891833,134.048996
32634,WASS,medium_airport,Domine Eduard Osok Airport,Sorong,ID,SOQ,WASS,-0.894,131.287
41475,WATA,small_airport,AA Bere Tallo (Haliwen) Airport,Atambua,ID,ABU,WATA,-9.074841,124.903285
26796,WATC,small_airport,Frans Xavier Seda Airport,Waioti,ID,MOF,WATC,-8.639514,122.238135
26797,WATE,small_airport,H. Hasan Aroeboesman (Ende) Airport,Ende,ID,ENE,WATE,-8.849114,121.66101
26798,WATG,small_airport,Frans Sales Lega Airport,"Satar Tacik, Manggarai",ID,RTG,WATG,-8.596171,120.478177
41478,WATL,small_airport,Larantuka Gewayentana Airport,Tiwatobi,ID,LKA,WATL,-8.274424,123.002
26799,WATM,small_airport,Alor Island - Mali Airport,Kabola,ID,ARD,WATM,-8.13234,124.597
26800,WATO,small_airport,Komodo Airport,"Labuan Bajo, Manggarai Barat",ID,LBJ,WATO,-8.480694,119.888306
41481,WATR,small_airport,David Constantijn Saudale Airport,Ba'a - Rote Island,ID,RTI,WATR,-10.765834,123.076046
26801,WATT,medium_airport,El Tari Airport,Kupang,ID,KOE,WATT,-10.1716,123.670998
26756,WAVV,medium_airport,Wamena Airport,Wamena,ID,WMX,WAVV,-4.097324,138.952417
333072,WAWD,medium_airport,Matahora Airport,Wangi-wangi Island,ID,WNI,WAWD,-5.292123,123.636233
311020,WAWH,small_airport,Selayar - Haji Aroeppala Airport,Benteng,ID,KSR,WAWH,-6.17921,120.437479
505052,WAWP,medium_airport,Sangia Nibandera Airport,Kolaka,ID,KXB,WAWP,-4.338158,121.524047
26806,WAWW,small_airport,Haluoleo Airport,Kendari,ID,KDI,WAWW,-4.08161,122.417999
32635,WBAK,small_airport,Anduki Airport,Seria,BN,,WBAK,4.635158,114.378748
26807,WBGB,medium_airport,Bintulu Airport,Bintulu,MY,BTU,WBGB,3.12385010719,113.019996643
31816,WBGF,small_airport,Long Lellang Airport,Long Datih,MY,LGL,WBGF,3.42100000381,115.153999329
26808,WBGG,large_airport,Kuching International Airport,Kuching,MY,KCH,WBGG,1.487364,110.352859
32086,WBGI,small_airport,Long Seridan Airport,Long Seridan,MY,ODN,WBGI,3.976087,115.067303
26809,WBGJ,medium_airport,Limbang Airport,Limbang,MY,LMN,WBGJ,4.808300018310547,115.01000213623048
350992,WBGK,medium_airport,Mukah Airport,Mukah,MY,MKM,WBGK,2.881944,112.043333
26810,WBGM,medium_airport,Marudi Airport,Marudi,MY,MUR,WBGM,4.178734,114.330318
30764,WBGQ,small_airport,Bakalalan Airport,Bakalalan,MY,BKM,WBGQ,3.974,115.617996
26811,WBGR,medium_airport,Miri Airport,Miri,MY,MYY,WBGR,4.32201,113.987
26812,WBGS,medium_airport,Sibu Airport,Sibu,MY,SBW,WBGS,2.2616,111.985001
31866,WBGW,small_airport,Lawas Airport,Lawas,MY,LWY,WBGW,4.84917,115.407997
30682,WBGZ,medium_airport,Bario Airport,Bario,MY,BBN,WBGZ,3.734648,115.478548
26813,WBKD,medium_airport,Lahad Datu Airport,Lahad Datu,MY,LDU,WBKD,5.03241,118.32376
26814,WBKK,large_airport,Kota Kinabalu International Airport,Kota Kinabalu,MY,BKI,WBKK,5.932743,116.049324
26815,WBKL,medium_airport,Labuan Airport,Labuan,MY,LBU,WBKL,5.301667,115.248333
32462,WBKM,small_airport,Tomanggong Airport,Tomanggong,MY,TMG,WBKM,5.40257,118.65763
26816,WBKS,medium_airport,Sandakan Airport,Sandakan,MY,SDK,WBKS,5.900899887084961,118.05899810791016
31785,WBKT,small_airport,Kudat Airport,Kudat,MY,KUD,WBKT,6.924111,116.837068
26817,WBKW,medium_airport,Tawau Airport,Tawau,MY,TWU,WBKW,4.31338,118.12152
26818,WBMU,medium_airport,Mulu Airport,Mulu,MY,MZV,WBMU,4.048329830169678,114.80500030517578
26819,WBSB,large_airport,Brunei International Airport,Bandar Seri Begawan,BN,BWN,WBSB,4.9442,114.928001
26821,WIBB,medium_airport,Sultan Syarif Kasim II International Airport / Roesmin Nurjadin AFB,Pekanbaru,ID,PKU,WIBB,0.458647,101.444321
26822,WIBD,medium_airport,Pinang Kampai Airport,Dumai,ID,DUM,WIBD,1.609026,101.433493
333068,WICA,medium_airport,Kertajati International Airport,Kertajati,ID,KJT,WICA,-6.647384,108.165561
26824,WICC,medium_airport,Husein Sastranegara International Airport,Bandung,ID,BDO,WICC,-6.90063,107.575996
3272,WICN,small_airport,Nusawiru Airport,Cijulang,ID,CJN,WICN,-7.719895,108.488995
26828,WIDD,large_airport,Hang Nadim International Airport,Batam,ID,BTH,WIDD,1.12103,104.119003
26830,WIDN,medium_airport,Raja Haji Fisabilillah International Airport,Tanjung Pinang-Bintan Island,ID,TNJ,WIDN,0.92397,104.53341
26832,WIHH,large_airport,Halim Perdanakusuma International Airport,Jakarta,ID,HLP,WIHH,-6.266989,106.890318
26835,WIII,large_airport,Soekarno-Hatta International Airport,Jakarta,ID,CGK,WIII,-6.12557,106.655998
26827,WILL,medium_airport,Radin Inten II International Airport,Bandar Lampung,ID,TKG,WILL,-5.246803,105.182531
26861,WIMA,small_airport,Malikus Saleh Airport,Lhok Seumawe-Sumatra Island,ID,LSW,WIMA,5.22668,96.950302
26836,WIMB,medium_airport,Binaka Airport,Gunungsitoli,ID,GNS,WIMB,1.166275,97.705196
309577,WIMM,large_airport,Kualanamu International Airport,Beringin,ID,KNO,WIMM,3.637847,98.870566
26840,WIMN,small_airport,Silangit Airport,Siborong-Borong,ID,DTB,WIMN,2.25973,98.991898
26841,WIMS,medium_airport,Dr. Ferdinand Lumban Tobing Airport,Sibolga (Pinangsori),ID,FLZ,WIMS,1.557127,98.887145
26842,WIOD,small_airport,H A S Hanandjoeddin International Airport,Tanjung Pandan,ID,TJQ,WIKT,-2.744109,107.754535
26843,WIOG,medium_airport,Nanga Pinoh Airport,Nanga Pinoh-Borneo Island,ID,NPO,WIOG,-0.34864,111.746155
26844,WIOK,medium_airport,Rahadi Osman Airport,Ketapang,ID,KTG,WIOK,-1.817165,109.963469
26847,WIOO,large_airport,Supadio International Airport,Pontianak,ID,PNK,WIOO,-0.152258,109.404493
26848,WIOP,medium_airport,Pangsuma Airport,Putussibau-Borneo Island,ID,PSU,WIOP,0.834579,112.940217
525696,WIOS,medium_airport,Tebelian Airport,Sintang,ID,SQG,WIOS,-0.045214,111.458049
26850,WIPA,small_airport,Sultan Thaha Airport,Jambi,ID,DJB,WIJJ,-1.638685,103.645063
26852,WIPK,medium_airport,Depati Amir Airport,Pangkal Pinang,ID,PGK,WIKK,-2.1622,106.139
26853,WIPL,medium_airport,Fatmawati Soekarno Airport,Bengkulu,ID,BKS,WIGG,-3.8637,102.338997
26855,WIPP,medium_airport,Sultan Mahmud Badaruddin II Airport,Palembang,ID,PLM,WIPP,-2.897653,104.698147
26856,WIPQ,medium_airport,Pendopo Airport,Talang Gudang-Sumatra Island,ID,PDO,WIPQ,-3.2860701084136963,103.87999725341795
26858,WIPT,large_airport,Minangkabau International Airport,Padang (Katapiang),ID,PDG,WIEE,-0.785964,100.280384
31889,WITC,medium_airport,Cut Nyak Dhien Airport,Kuala Pesisir,ID,MEQ,WITC,4.040998,96.253312
333093,WITK,medium_airport,Rembele Airport,Takengon,ID,TXE,WITK,4.72113,96.851943
26862,WITT,large_airport,Sultan Iskandar Muda International Airport,Banda Aceh,ID,BTJ,WITT,5.525087,95.41997
26864,WMBT,medium_airport,Tioman Airport,Tioman Island,MY,TOD,WMBT,2.81818,104.160004
26866,WMKA,medium_airport,Sultan Abdul Halim Airport,Alor Satar,MY,AOR,WMKA,6.189670085906982,100.39800262451172
26868,WMKC,medium_airport,Sultan Ismail Petra Airport,Kota Baharu,MY,KBR,WMKC,6.166850090026856,102.29299926757812
26869,WMKD,medium_airport,Kuantan Airport,Kuantan,MY,KUA,WMKD,3.775389909744263,103.20899963378906
26872,WMKI,large_airport,Sultan Azlan Shah Airport,Ipoh,MY,IPH,WMKI,4.56733,101.091643
26873,WMKJ,large_airport,Senai International Airport,Johor Bahru,MY,JHB,WMKJ,1.64131,103.669998
26874,WMKK,large_airport,Kuala Lumpur International Airport,Sepang,MY,KUL,WMKK,2.74558,101.709999
26875,WMKL,large_airport,Langkawi International Airport,Langkawi,MY,LGK,WMKL,6.32973,99.728699
26876,WMKM,medium_airport,Malacca International Airport,Malacca,MY,MKZ,WMKM,2.265613,102.252778
26877,WMKN,medium_airport,Sultan Mahmud Airport,Kuala Terengganu,MY,TGG,WMKN,5.3826398849487305,103.10299682617188
26878,WMKP,large_airport,Penang International Airport,Penang,MY,PEN,WMKP,5.296303,100.276185
35209,WMPA,small_airport,Pulau Pangkor Airport,Pangkor Island,MY,PKG,WMPA,4.244719982147217,100.5530014038086
26879,WMSA,large_airport,Sultan Abdul Aziz Shah International Airport,Subang,MY,SZB,WMSA,3.13058,101.549004
311018,WPAS,small_airport,Mathilda Batlayeri Airport,Saumlaki-Yamdena Island,ID,SXK,WAPS,-7.848354,131.337068
26880,WPDB,medium_airport,"Commander in Chief of FALINTIL, Kay Rala Xanana Gusmão, International Airport",Suai,TL,UAI,WPDB,-9.301856,125.286302
26881,WPDL,large_airport,Presidente Nicolau Lobato International Airport,Dili,TL,DIL,WPDL,-8.546562,125.524507
26882,WPEC,medium_airport,Baucau Airport,Baucau,TL,BCH,WPEC,-8.486479,126.399981
35138,WPOC,large_airport,Oecusse Route of the Sandalwood International Airport,Oecussi-Ambeno,TL,OEC,WPOC,-9.198419,124.337873
35279,WRLB,small_airport,Yuvai Semaring Airport,Long Bawan,ID,LBW,WAQJ,3.900495,115.690089
30806,WRLC,small_airport,LNG Badak Airport,Bontang-Borneo Island,ID,BXT,WALC,0.121656,117.476558
35278,WRLP,small_airport,Long Apung Airport,Long Apung-Borneo Island,ID,LPU,WAQL,1.706932,114.969934
26886,WSSL,medium_airport,Seletar Airport,Seletar,SG,XSP,WSSL,1.41555,103.86673
26887,WSSS,large_airport,Singapore Changi Airport,Singapore,SG,SIN,WSSS,1.35019,103.994003
26888,YABA,medium_airport,Albany Airport,Albany,AU,ALH,YABA,-34.943333,117.808889
26893,YARM,medium_airport,Armidale Airport,Armidale,AU,ARM,YARM,-30.5280990601,151.617004395
26894,YAUR,small_airport,Aurukun Airport,Aurukun,AU,AUU,YAUR,-13.354019,141.720028
26895,YAYE,medium_airport,Ayers Rock Connellan Airport,Yulara,AU,AYQ,YAYE,-25.185913,130.97703
26899,YBAR,medium_airport,Barcaldine Airport,Barcaldine,AU,BCI,YBAR,-23.566268,145.302086
26900,YBAS,medium_airport,Alice Springs Airport,Alice Springs,AU,ASP,YBAS,-23.806588,133.903427
27355,YBAU,small_airport,Badu Island Airport,Badu Island,AU,BDD,YBAU,-10.14955,142.173665
26901,YBBN,large_airport,Brisbane International Airport,Brisbane,AU,BNE,YBBN,-27.38419914245605,153.11700439453125
26902,YBCG,large_airport,Gold Coast Airport,Gold Coast,AU,OOL,YBCG,-28.165962,153.506641
26903,YBCK,medium_airport,Blackall Airport,Blackall,AU,BKQ,YBCK,-24.431678,145.429716
26904,YBCS,large_airport,Cairns International Airport,Cairns,AU,CNS,YBCS,-16.878921,145.74948
26905,YBCV,medium_airport,Charleville Airport,Charleville,AU,CTL,YBCV,-26.4132995605,146.261993408
26906,YBDG,small_airport,Bendigo Airport,,AU,BXG,YBDG,-36.739399,144.330002
26907,YBDV,medium_airport,Birdsville Airport,,AU,BVI,YBDV,-25.897499084472656,139.34800720214844
26908,YBHI,medium_airport,Broken Hill Airport,Broken Hill,AU,BHQ,YBHI,-32.0013999939,141.472000122
26909,YBHM,medium_airport,Hamilton Island Airport,Hamilton Island,AU,HTI,YBHM,-20.3581008911,148.95199585
26910,YBIE,medium_airport,Bedourie Airport,Bedourie,AU,BEU,YBIE,-24.3461,139.460007
26912,YBKE,medium_airport,Bourke Airport,,AU,BRK,YBKE,-30.03919982910156,145.95199584960938
26913,YBKT,small_airport,Burketown Airport,,AU,BUC,YBKT,-17.748600006103516,139.53399658203125
26915,YBLN,small_airport,Busselton Margaret River Regional Airport,Busselton,AU,BQB,YBLN,-33.687222,115.400278
26917,YBMA,medium_airport,Mount Isa Airport,Mount Isa,AU,ISA,YBMA,-20.66638,139.488468
26919,YBMK,medium_airport,Mackay Airport,Mackay,AU,MKY,YBMK,-21.170816,149.182588
26920,YBNA,medium_airport,Ballina Byron Gateway Airport,Ballina,AU,BNK,YBNA,-28.833236,153.561471
29715,YBOI,small_airport,Boigu Island Airport,Boigu Island,AU,GIC,YBOI,-9.23278,142.218002
26922,YBOK,medium_airport,Oakey Army Aviation Centre,,AU,OKY,YBOK,-27.409262,151.736727
26923,YBOU,medium_airport,Boulia Airport,,AU,BQL,YBOU,-22.913299560546875,139.89999389648438
26924,YBPN,medium_airport,Proserpine Whitsunday Coast Airport,Proserpine,AU,PPP,YBPN,-20.494416,148.553583
26925,YBRK,medium_airport,Rockhampton Airport,Rockhampton,AU,ROK,YBRK,-23.380019,150.475359
26927,YBRM,large_airport,Broome International Airport,Broome,AU,BME,YBRM,-17.949194,122.2283
26918,YBSU,large_airport,Sunshine Coast Airport,Maroochydore,AU,MCY,YBSU,-26.593324,153.08319
26932,YBTH,medium_airport,Bathurst Airport,Bathurst,AU,BHS,YBTH,-33.406817,149.651161
26934,YBTL,medium_airport,Townsville Airport / RAAF Base Townsville,Townsville,AU,TSV,YBTL,-19.252904,146.766512
26936,YBUD,medium_airport,Bundaberg Airport,Bundaberg,AU,BDB,YBUD,-24.905039,152.322612
26939,YBWP,medium_airport,Weipa Airport,Weipa,AU,WEI,YBWP,-12.677493,141.922618
315119,YBWW,large_airport,Toowoomba Wellcamp Airport,Toowoomba,AU,WTB,YBWW,-27.558332,151.793335
26941,YCAR,medium_airport,Carnarvon Airport,Carnarvon,AU,CVQ,YCAR,-24.884337,113.666393
26943,YCBA,medium_airport,Cobar Airport,,AU,CAZ,YCBA,-31.538299560546875,145.79400634765625
26946,YCBP,medium_airport,Coober Pedy Airport,Coober Pedy,AU,CPD,YCBP,-29.038312,134.722166
27444,YCCT,small_airport,Coconut Island Airport,,AU,CNC,YCCT,-10.050139,143.070007
26948,YCCY,medium_airport,Cloncurry Airport,Cloncurry,AU,CNJ,YCCY,-20.6686000824,140.503997803
26950,YCDU,medium_airport,Ceduna Airport,,AU,CED,YCDU,-32.13059997558594,133.7100067138672
27132,YCFS,medium_airport,Coffs Harbour Airport,Coffs Harbour,AU,CFS,YCFS,-30.320601,153.115997
315620,YCHK,small_airport,Christmas Creek Airport,Christmas Creek Mine,AU,CKW,YCHK,-22.354302,119.642603
26955,YCKN,medium_airport,Cooktown Airport,,AU,CTN,YCKN,-15.443649,145.183221
26957,YCMU,medium_airport,Cunnamulla Airport,,AU,CMA,YCMU,-28.030000686645508,145.6219940185547
26959,YCNM,medium_airport,Coonamble Airport,,AU,CNB,YCNM,-30.980946,148.377833
26961,YCOE,medium_airport,Coen Airport,Coen,AU,CUQ,YCOE,-13.761133,143.113311
26962,YCOM,medium_airport,Cooma Snowy Mountains Airport,Cooma,AU,OOM,YCOM,-36.300445,148.972408
26973,YDMG,small_airport,Doomadgee Airport,,AU,DMD,YDMG,-17.9403,138.822006
32037,YDNI,small_airport,Darnley Island Airport,Darnley Island,AU,NLF,YDNI,-9.579176,143.780276
26975,YDPO,medium_airport,Devonport Airport,Devonport,AU,DPO,YDPO,-41.1697006226,146.429992676
516986,YE-0012,large_airport,Mokha International Airport,Mokha,YE,,OYMK,13.296941,43.231858
26980,YELD,medium_airport,Elcho Island Airport,Elcho Island,AU,ELC,YELD,-12.019399642899998,135.570999146
26981,YEML,medium_airport,Emerald Airport,Emerald,AU,EMD,YEML,-23.5674991608,148.179000854
26982,YESP,medium_airport,Esperance Airport,Esperance,AU,EPR,YESP,-33.684399,121.822998
27563,YFLI,small_airport,Flinders Island Airport,Whitemark,AU,FLS,YFLI,-40.091702,147.992996
26986,YFTZ,medium_airport,Fitzroy Crossing Airport,,AU,FIZ,YFTZ,-18.183596,125.559783
26991,YGEL,medium_airport,Geraldton Airport,Moonyoonooka,AU,GET,YGEL,-28.796101,114.707001
26994,YGLA,medium_airport,Gladstone Airport,Gladstone,AU,GLT,YGLA,-23.869763,151.225439
26998,YGTE,medium_airport,Groote Eylandt Airport,Groote Eylandt,AU,GTE,YGTE,-13.972405,136.458553
26999,YGTH,medium_airport,Griffith Airport,Griffith,AU,GFF,YGTH,-34.2508010864,146.067001343
27003,YHBA,medium_airport,Hervey Bay Airport,Hervey Bay,AU,HVB,YHBA,-25.320127,152.880662
27004,YHID,medium_airport,Horn Island Airport,Horn,AU,HID,YHID,-10.585636,142.29277
27622,YHOO,small_airport,Hooker Creek Airport,Lajamanu,AU,HOK,YHOO,-18.3367004395,130.638000488
27008,YHOT,medium_airport,Mount Hotham Airport,Mount Hotham,AU,MHU,YHOT,-37.0475006104,147.333999634
27012,YHUG,small_airport,Hughenden Airport,Hughenden,AU,HGD,YHUG,-20.815001,144.225006
27020,YJLC,small_airport,Julia Creek Airport,,AU,JCK,YJLC,-20.66830062866211,141.72300720214844
354528,YKAR,small_airport,Karara Airport,Karara,AU,KQR,YKAR,-29.217223,116.687154
27670,YKBR,small_airport,Kalbarri Airport,Kalbarri,AU,KAX,YKBR,-27.692813,114.259169
27023,YKII,medium_airport,King Island Airport,,AU,KNS,YKII,-39.87749862670898,143.8780059814453
27024,YKKG,small_airport,Kalkgurung Airport,,AU,KFG,YKKG,-17.431900024414062,130.80799865722656
27690,YKMB,small_airport,Karumba Airport,,AU,KRB,YKMB,-17.45669937133789,140.8300018310547
27026,YKOW,medium_airport,Kowanyama Airport,Kowanyama,AU,KWM,YKOW,-15.485369,141.752572
27028,YKSC,medium_airport,Kingscote Airport,,AU,KGC,YKSC,-35.71390151977539,137.52099609375
27029,YKUB,small_airport,Kubin Island Airport,Kubin Island,AU,KUG,YKUB,-10.22648,142.219619
27032,YLEO,medium_airport,Leonora Airport,Leonora,AU,LNO,YLEO,-28.87809944152832,121.31500244140624
27033,YLEV,small_airport,Lake Evella Airport,,AU,LEL,YLEV,-12.498900413513184,135.80599975585938
27721,YLHI,small_airport,Lord Howe Island Airport,Lord Howe Island,AU,LDH,YLHI,-31.538204,159.07546
27034,YLHR,medium_airport,Lockhart River Airport,Lockhart River,AU,IRG,YLHR,-12.7869,143.304993
27035,YLIS,medium_airport,Lismore Airport,Lismore,AU,LSY,YLIS,-28.830689,153.258419
27037,YLRD,medium_airport,Lightning Ridge Airport,,AU,LHG,YLRD,-29.452857,147.977146
27038,YLRE,medium_airport,Longreach Airport,Longreach,AU,LRE,YLRE,-23.4342,144.279999
27039,YLST,medium_airport,Leinster Airport,,AU,LER,YLST,-27.843299865722656,120.7030029296875
27040,YLTN,small_airport,Laverton Airport,Laverton,AU,LVO,YLTN,-28.614267,122.428673
32503,YMAA,small_airport,Mabuiag Island Airport,Mabuiag Island,AU,UBB,YMAA,-9.950168,142.19523
31993,YMAE,small_airport,Murray Island Airport,Murray Island,AU,MYI,YMAE,-9.915105,144.054644
27043,YMAV,large_airport,Melbourne Avalon International Airport,Geelong/Melbourne,AU,AVV,YMAV,-38.040269,144.467196
27044,YMAY,medium_airport,Albury Airport,East Albury,AU,ABX,YMAY,-36.066758,146.959148
27050,YMEK,medium_airport,Meekatharra Airport,,AU,MKR,YMEK,-26.6117000579834,118.5479965209961
27051,YMEN,medium_airport,Melbourne Essendon Airport,Essendon Fields,AU,MEB,YMEN,-37.7281,144.901993
27052,YMER,medium_airport,Merimbula Airport,Merimbula,AU,MIM,YMER,-36.9085998535,149.901000977
27054,YMGB,small_airport,Milingimbi Airport,Milingimbi Island,AU,MGT,YMGB,-12.0944004059,134.893997192
27055,YMGD,medium_airport,Maningrida Airport,Maningrida,AU,MNG,YMGD,-12.0560998917,134.23399353
27058,YMHB,large_airport,Hobart International Airport,Hobart (Cambridge),AU,HBA,YMHB,-42.837032,147.513022
27059,YMHU,small_airport,McArthur River Mine Airport,McArthur River Mine,AU,MCV,YMHU,-16.4424991608,136.083999634
27060,YMIA,medium_airport,Mildura Airport,Mildura,AU,MQL,YMIA,-34.229198455799995,142.085998535
27063,YMLT,medium_airport,Launceston Airport,Launceston (Western Junction),AU,LST,YMLT,-41.544935,147.210785
27064,YMMB,medium_airport,Melbourne Moorabbin Airport,Melbourne,AU,MBW,YMMB,-37.977765,145.099799
27066,YMML,large_airport,Melbourne Airport,Melbourne,AU,MEL,YMML,-37.670732,144.837898
27071,YMOG,medium_airport,Mount Magnet Airport,,AU,MMG,YMOG,-28.116100311279297,117.84200286865234
27072,YMOR,medium_airport,Moree Airport,Moree,AU,MRZ,YMOR,-29.4988994598,149.845001221
27074,YMRB,medium_airport,Moranbah Airport,Moranbah,AU,MOV,YMRB,-22.057800293,148.07699585
27075,YMRY,medium_airport,Moruya Airport,Moruya,AU,MYA,YMRY,-35.8978004456,150.143997192
507498,YMTG,medium_airport,Mount Gambier Airport,Mount Gambier,AU,MGB,YMTG,-37.744382,140.780561
27077,YMTI,small_airport,Mornington Island Airport,,AU,ONG,YMTI,-16.662500381469727,139.17799377441406
27081,YNAR,medium_airport,Narrandera Airport,Narrandera,AU,NRA,YNAR,-34.7022018433,146.511993408
27082,YNBR,medium_airport,Narrabri Airport,Narrabri,AU,NAA,YNBR,-30.3192005157,149.82699585
26898,YNPE,small_airport,Northern Peninsula Airport,Bamaga,AU,ABM,YNPE,-10.946194,142.455081
27088,YNTN,medium_airport,Normanton Airport,Normanton,AU,NTN,YNTN,-17.68409,141.069664
27090,YNWN,medium_airport,Newman Airport,Newman,AU,ZNE,YNWN,-23.4178009033,119.803001404
27093,YOLD,small_airport,Olympic Dam Airport,Olympic Dam,AU,OLP,YOLD,-30.483861,136.876699
27096,YPAD,large_airport,Adelaide International Airport,Adelaide,AU,ADL,YPAD,-34.947512,138.533393
27097,YPAG,medium_airport,Port Augusta Airport,,AU,PUG,YPAG,-32.50690078735352,137.7169952392578
27098,YPAM,small_airport,Palm Island Airport,,AU,PMK,YPAM,-18.755301,146.580994
27099,YPBO,medium_airport,Paraburdoo Airport,Paraburdoo,AU,PBO,YPBO,-23.1711006165,117.745002747
27100,YPCC,large_airport,Cocos (Keeling) Islands Airport,West Island,CC,CCK,YPCC,-12.192218,96.834103
27101,YPDN,large_airport,Darwin International Airport / RAAF Darwin,Darwin,AU,DRW,YPDN,-12.41497,130.88185
27104,YPGV,medium_airport,Gove Airport,Nhulunbuy,AU,GOV,YPGV,-12.269399642899998,136.817993164
27107,YPKA,medium_airport,Karratha Airport,Karratha,AU,KTA,YPKA,-20.712200164799995,116.773002625
27108,YPKG,medium_airport,Kalgoorlie Boulder Airport,Broadwood,AU,KGI,YPKG,-30.791543,121.464586
27109,YPKS,medium_airport,Parkes Airport,Parkes,AU,PKE,YPKS,-33.131401062,148.238998413
27111,YPKU,medium_airport,East Kimberley Regional (Kununurra) Airport,Kununurra,AU,KNX,YPKU,-15.7781,128.707993
27112,YPLC,medium_airport,Port Lincoln Airport,Port Lincoln,AU,PLO,YPLC,-34.6053009033,135.880004883
27113,YPLM,medium_airport,Learmonth Airport,Exmouth,AU,LEA,YPLM,-22.235201,114.090024
316690,YPMH,small_airport,Prominent Hill Airport,Mount Eba,AU,PXH,YPMH,-29.716,135.5244
27114,YPMP,small_airport,Pormpuraaw Airport,Pormpuraaw,AU,EDR,YPMP,-14.896451,141.60908
27115,YPMQ,medium_airport,Port Macquarie Airport,Port Macquarie,AU,PQQ,YPMQ,-31.4358005524,152.863006592
27116,YPOD,medium_airport,Portland Airport,,AU,PTJ,YPOD,-38.31809997558594,141.4709930419922
27117,YPPD,large_airport,Port Hedland International Airport,Port Hedland,AU,PHE,YPPD,-20.382787,118.629789
27119,YPPH,large_airport,Perth International Airport,Perth,AU,PER,YPPH,-31.94029998779297,115.96700286865234
27122,YPXM,medium_airport,Christmas Island International Airport,Flying Fish Cove,CX,XCH,YPXM,-10.450387,105.6911
27124,YQLP,medium_airport,Quilpie Airport,,AU,ULP,YQLP,-26.609176,144.253746
27126,YRMD,small_airport,Richmond Airport,,AU,RCM,YRMD,-20.70190048217773,143.11500549316406
27127,YRNG,small_airport,Ramingining Airport,,AU,RAM,YRNG,-12.356399536132812,134.8979949951172
27128,YROM,medium_airport,Roma Airport,Roma,AU,RMA,YROM,-26.545000076300003,148.774993896
27131,YSCB,medium_airport,Canberra Airport,Canberra,AU,CBR,YSCB,-35.3069,149.195007
27135,YSDU,medium_airport,Dubbo City Regional Airport,Dubbo,AU,DBO,YSDU,-32.2167015076,148.574996948
27136,YSGE,small_airport,St George Airport,,AU,SGO,YSGE,-28.049699783325195,148.59500122070312
27137,YSHK,medium_airport,Shark Bay Airport,Denham,AU,MJK,YSHK,-25.897294,113.575802
32252,YSII,small_airport,Saibai Island Airport,Saibai Island,AU,SBR,YSII,-9.37833,142.625
27141,YSNF,medium_airport,Norfolk Island International Airport,Burnt Pine,NF,NLK,YSNF,-29.041759,167.939474
27145,YSSY,large_airport,Sydney Kingsford Smith International Airport,Sydney (Mascot),AU,SYD,YSSY,-33.946098,151.177002
27147,YSTW,medium_airport,Tamworth Airport,Tamworth,AU,TMW,YSTW,-31.077898,150.845484
27148,YSWG,medium_airport,Wagga Wagga Airport,Forest Hill,AU,WGA,YSWG,-35.163484,147.46832
607457,YSWS,large_airport,[Duplicate] Western Sydney International Airport,Sydney,AU,WSI,YSWS,-33.88806,150.71472
27154,YTGM,medium_airport,Thargomindah Airport,Thargomindah,AU,XTG,YTGM,-27.986368,143.812065
27158,YTNG,medium_airport,Thangool Airport,Biloela,AU,THG,YTNG,-24.494863,150.577967
27159,YTNK,medium_airport,Tennant Creek Airport,Tennant Creek,AU,TCA,YTNK,-19.6343994140625,134.18299865722656
28035,YWBS,small_airport,Warraber Island Airport,Sue Islet,AU,SYU,YWBS,-10.20829963684082,142.8249969482422
27168,YWDH,medium_airport,Windorah Airport,Windorah,AU,WNR,YWDH,-25.410641,142.668428
27170,YWHA,medium_airport,Whyalla Airport,Whyalla,AU,WYA,YWHA,-33.05889892578125,137.51400756835938
27174,YWLG,medium_airport,Walgett Airport,,AU,WGE,YWLG,-30.032801,148.126007
27175,YWLM,large_airport,Newcastle Airport,Williamtown,AU,NTL,YWLM,-32.796114,151.835025
27176,YWLU,medium_airport,Wiluna Airport,,AU,WUN,YWLU,-26.629199981689453,120.22100067138672
27180,YWTN,medium_airport,Winton Airport,,AU,WIN,YWTN,-22.36359977722168,143.08599853515625
27184,YWYY,medium_airport,Wynyard Airport,Burnie,AU,BWT,YWYY,-40.997039,145.726
32111,YYKI,small_airport,Yorke Island Airport,Yorke Island,AU,OKR,YYKI,-9.752801,143.405673
32708,YYMI,small_airport,Yam Island Airport,Yam Island,AU,XMY,YYMI,-9.899187,142.774265
27188,ZBAA,large_airport,Beijing Capital International Airport,Beijing,CN,PEK,ZBAA,40.077349,116.596702
330820,ZBAD,large_airport,Beijing Daxing International Airport,Beijing,CN,PKX,ZBAD,39.501289,116.413967
327347,ZBCD,medium_airport,Chengde Puning Airport,Chengde,CN,CDE,ZBCD,41.1225,118.073889
30829,ZBCF,medium_airport,Chifeng Yulong Airport,Chifeng,CN,CIF,ZBCF,42.159723,118.840971
30830,ZBCZ,small_airport,Changzhi Wangcun Airport,Changzhi,CN,CIH,ZBCZ,36.247501,113.125999
318174,ZBDH,medium_airport,Qinhuangdao Beidaihe Airport,Qinhuangdao (Changli),CN,BPE,ZBDH,39.666384,119.061384
300513,ZBDS,large_airport,Ordos Ejin Horo International Airport,Ordos,CN,DSN,ZBDS,39.493514,109.8599
30876,ZBDT,large_airport,Datong Yungang International Airport,Datong,CN,DAT,ZBDT,40.06139,113.480509
300671,ZBER,medium_airport,Erenhot Saiwusu International Airport,Erenhot,CN,ERL,ZBER,43.424079,112.091081
315854,ZBES,medium_airport,Arxan Yi'ershi Airport,Arxan,CN,YIE,ZBES,47.3106,119.9117
300860,ZBHD,medium_airport,Handan Airport,Handan,CN,HDG,ZBHD,36.524824,114.424126
27189,ZBHH,large_airport,Hohhot Baita International Airport,Hohhot,CN,HET,ZBHH,40.849658,111.824598
327443,ZBHZ,medium_airport,Holingol Huolinhe Airport,Holingol,CN,HUO,ZBHZ,45.487222,119.407222
27190,ZBLA,large_airport,Hulunbuir Hailar Airport,Hailar,CN,HLD,ZBLA,49.208616,119.822301
323216,ZBLF,medium_airport,Linfen Yaodu Airport,Linfen (Yaodu),CN,LFQ,ZBLF,36.132629,111.641236
327444,ZBLL,medium_airport,Lüliang Dawu Airport,Lüliang,CN,LLV,ZBLL,37.683333,111.142778
322165,ZBMZ,medium_airport,Manzhouli Xijiao Airport,Manzhouli,CN,NZH,ZBMZ,49.566667,117.33
30679,ZBOW,large_airport,Baotou Donghe International Airport,Baotou,CN,BAV,ZBOW,40.560001,109.997002
526860,ZBSG,medium_airport,Shuozhou Zirun Airport,Shuozhou,CN,SZH,ZBSG,39.273241,112.691552
27191,ZBSJ,large_airport,Shijiazhuang Zhengding International Airport,Shijiazhuang,CN,SJW,ZBSJ,38.280701,114.696999
43975,ZBSN,small_airport,Tangshan Sannühe Airport,Tangshan (Fengrun),CN,TVS,ZBSN,39.7178,118.002625
27192,ZBTJ,large_airport,Tianjin Binhai International Airport,Tianjin,CN,TSN,ZBTJ,39.1244010925,117.346000671
32440,ZBTL,medium_airport,Tongliao Airport,Tongliao,CN,TGO,ZBTL,43.556702,122.199997
308728,ZBUH,medium_airport,Wuhai Airport,Wuhai,CN,WUA,ZBUH,39.7934,106.7993
35315,ZBUL,small_airport,Ulanhot Yilelite Airport,Ulanhot,CN,HLH,ZBUL,46.195333,122.008333
32700,ZBXH,medium_airport,Xilinhot Airport,Xilinhot,CN,XIL,ZBXH,43.91559982299805,115.96399688720705
323217,ZBXZ,small_airport,Xinzhou Wutaishan Airport,Xinzhou,CN,WUT,ZBXZ,38.597456,112.969173
300455,ZBYC,large_airport,Yuncheng Yanhu International Airport,Yuncheng (Yanhu),CN,YCU,ZBYC,35.117823,111.034023
27193,ZBYN,large_airport,Taiyuan Wusu International Airport,Taiyuan,CN,TYN,ZBYN,37.746899,112.627998
314499,ZBYZ,medium_airport,Bayannur Tianjitai Airport,Bayannur,CN,RLK,ZBYZ,40.926358,107.74093
44100,ZBZJ,medium_airport,Zhangjiakou Ningyuan Airport,Zhangjiakou,CN,ZQZ,ZBZJ,40.738664,114.933395
323666,ZBZL,medium_airport,Zhalantun Genghis Khan Airport,Zhalantun,CN,NZL,ZBZL,47.865942,122.768662
30708,ZGBH,medium_airport,Beihai Fucheng Airport,Beihai,CN,BHY,ZGBH,21.538659,109.293683
44160,ZGBS,medium_airport,Baise (Bose) Bama Airport,Baise (Tianyang),CN,AEB,ZGBS,23.7206,106.959999
30825,ZGCD,medium_airport,Changde Taohuayuan Airport,Changde (Dingcheng),CN,CGD,ZGCD,28.9189,111.639999
300890,ZGCJ,medium_airport,Huaihua Zhijiang Airport,Huaihua,CN,HJJ,ZGCJ,27.443087,109.704666
352634,ZGCZ,medium_airport,Chenzhou Beihu Airport,Chenzhou,CN,HCZ,ZGCZ,25.753419,112.845404
30958,ZGDY,large_airport,Zhangjiajie Hehua International Airport,Zhangjiajie (Yongding),CN,DYG,ZGDY,29.104749,110.442786
44139,ZGFS,medium_airport,Foshan Shadi Airport,Foshan (Nanhai),CN,FUO,ZGFS,23.0825,113.070833
27194,ZGGG,large_airport,Guangzhou Baiyun International Airport,Guangzhou (Huadu),CN,CAN,ZGGG,23.392401,113.299004
27195,ZGHA,large_airport,Changsha Huanghua International Airport,Changsha (Changsha),CN,CSX,ZGHA,28.189199,113.220001
318152,ZGHC,medium_airport,Hechi Jinchengjiang Airport,Hechi (Jinchengjiang),CN,HCJ,ZGHC,24.804344,107.710819
31610,ZGHY,small_airport,Hengyang Nanyue Airport,Hengyang,CN,HNY,ZGHY,26.72208,112.617958
44146,ZGHZ,medium_airport,Huizhou Pingtan Airport,Huizhou (Pingtan),CN,HUZ,ZGHZ,23.049999,114.599998
27196,ZGKL,large_airport,Guilin Liangjiang International Airport,Guilin (Lingui),CN,KWL,ZGKL,25.219828,110.039553
308238,ZGLG,medium_airport,Yongzhou Lingling Airport,Yongzhou,CN,LLF,ZGLG,26.338661,111.610043
35314,ZGMX,small_airport,Meizhou Meixian Changgangji International Airport,Meizhou (Meixian),CN,MXZ,ZGMX,24.263425,116.097857
27197,ZGNN,large_airport,Nanning Wuxu International Airport,Nanning (Jiangnan),CN,NNG,ZGNN,22.598071,108.181922
32400,ZGOW,large_airport,Jieyang Chaoshan International Airport,Jieyang (Rongcheng),CN,SWA,ZGOW,23.552,116.5033
30593,ZGSD,large_airport,Zhuhai Jinwan Airport,Zhuhai (Jinwan),CN,ZUH,ZGSD,22.006399,113.375999
327446,ZGSY,medium_airport,Shaoyang Wugang Airport,Shaoyang (Wugang),CN,WGN,ZGSY,26.806123,110.641042
27198,ZGSZ,large_airport,Shenzhen Bao'an International Airport,Shenzhen,CN,SZX,ZGSZ,22.639474,113.803262
336110,ZGWZ,medium_airport,Wuzhou Xijiang Airport,Tangbu,CN,WUZ,ZGWZ,23.40316,111.09331
514411,ZGXX,small_airport,Xiangxi Biancheng Airport,Xiangxi,CN,DXJ,ZGXX,28.4972,109.5218
344100,ZGYL,medium_airport,Yulin Fumian Airport,Yulin,CN,YLX,ZGYL,22.433042,110.119996
325171,ZGYY,medium_airport,Yueyang Sanhe Airport,Yueyang (Yueyanglou),CN,YYA,ZGYY,29.311699,113.281574
31874,ZGZH,medium_airport,Liuzhou Bailian Airport / Bailian Air Base,Liuzhou (Liujiang),CN,LZH,ZGZH,24.2075,109.390999
354995,ZGZJ,large_airport,Zhanjiang Wuchuan International Airport,Zhanjiang,CN,ZHA,ZGZJ,21.481667,110.590278
27199,ZHCC,large_airport,Zhengzhou Xinzheng International Airport,Zhengzhou,CN,CGO,ZHCC,34.526497,113.849165
347108,ZHEC,large_airport,Ezhou Huahu International Airport,Ezhou,CN,EHU,ZHEC,30.341178,115.03926
31006,ZHES,medium_airport,Enshi Xujiaping Airport,Enshi (Enshi),CN,ENH,ZHES,30.320299,109.485001
27200,ZHHH,large_airport,Wuhan Tianhe International Airport,Wuhan (Huangpi),CN,WUH,ZHHH,30.774798,114.213723
347636,ZHJZ,medium_airport,Jingzhou Shashi Airport,Jingzhou (Shashi),CN,SHS,ZHJZ,30.29281,112.44854
31870,ZHLY,large_airport,Luoyang Beijiao Airport,Luoyang (Laocheng),CN,LYA,ZHLY,34.7411,112.388
32041,ZHNY,small_airport,Nanyang Jiangying Airport,Nanyang (Wancheng),CN,NNY,ZHNY,32.982696,112.617467
518484,ZHQQ,small_airport,Anyang Hongqiqu Airport,Anyang,CN,HQQ,ZHQQ,35.870833,114.461944
319811,ZHSN,medium_airport,Shennongjia Hongping Airport,Shennongjia (Hongping),CN,HPG,ZHSN,31.626,110.34
318173,ZHSY,medium_airport,Shiyan Wudangshan Airport,Shiyan (Maojian),CN,WDS,ZHSY,32.592889,110.906296
32697,ZHXF,medium_airport,Xiangyang Liuji Airport,Xiangyang (Xiangzhou),CN,XFN,ZHXF,32.152222,112.291666
323907,ZHXY,medium_airport,Xinyang Minggang Airport,Xinyang,CN,XAI,ZHXY,32.540819,114.079141
32723,ZHYC,medium_airport,Yichang Sanxia Airport,Yichang (Xiaoting),CN,YIH,ZHYC,30.554132,111.482563
27201,ZJHK,large_airport,Haikou Meilan International Airport,Haikou (Meilan),CN,HAK,ZJHK,19.9349,110.459
323220,ZJQH,medium_airport,Qionghai Bo'ao Airport,Qionghai (Basuo),CN,BAR,ZJQH,19.140951,110.452766
27202,ZJSY,large_airport,Sanya Phoenix International Airport,Sanya (Tianya),CN,SYX,ZJSY,18.3029,109.412003
35242,ZKHM,medium_airport,Orang (Chongjin) Airport,Hoemun-ri,KP,RGO,ZKHM,41.428538,129.647555
27203,ZKPY,large_airport,Pyongyang Sunan International Airport,Pyongyang,KP,FNJ,ZKPY,39.224098,125.669998
35218,ZKSD,medium_airport,Sondok Airport,Sŏndŏng-ni,KP,DSO,ZKSD,39.745201,127.473999
35213,ZKWS,medium_airport,Wonsan Kalma Airport,Wonsan,KP,WOS,ZKWS,39.165219,127.487931
30632,ZLAK,small_airport,Ankang Fuqiang Airport,Ankang (Hanbin),CN,AKA,ZLAK,32.75696,108.87338
30929,ZLDH,large_airport,Dunhuang Mogao International Airport,Dunhuang,CN,DNH,ZLDH,40.161953,94.812827
318171,ZLDL,medium_airport,Haixi Delingha Airport,Delingha,CN,HXD,ZLDL,37.125286,97.268658
319715,ZLGL,medium_airport,Golog Maqên Airport,Golog (Maqên),CN,GMQ,ZLGL,34.418066,100.301144
35308,ZLGM,medium_airport,Golmud Airport,Golmud,CN,GOQ,ZLGM,36.4006,94.786102
300741,ZLGY,medium_airport,Guyuan Liupanshan Airport,Guyuan (Yuanzhou),CN,GYU,ZLGY,36.078889,106.216944
333096,ZLHB,small_airport,Haibei Qilian Airport,Haibei (Qilian),CN,HBQ,ZLHB,38.008068,100.645065
319417,ZLHX,medium_airport,Huatugou Airport,Mengnai,CN,HTT,ZLHX,38.201645,90.837843
31659,ZLHZ,medium_airport,Hanzhong Chenggu Airport,Hanzhong (Chenggu),CN,HZG,ZLHZ,33.133527,107.203817
298989,ZLIC,large_airport,Yinchuan Hedong International Airport,Yinchuan,CN,INC,ZLIC,38.322758,106.393214
301010,ZLJC,medium_airport,Jinchang Jinchuan Airport,Jinchang,CN,JIC,ZLJC,38.542222,102.348333
31699,ZLJQ,large_airport,Jiayuguan International Airport,Jiayuguan,CN,JGN,ZLJQ,39.859052,98.339344
27204,ZLLL,large_airport,Lanzhou Zhongchuan International Airport,Lanzhou (Yongdeng),CN,LHW,ZLLL,36.515202,103.620003
327544,ZLLN,medium_airport,Longnan Chengzhou Airport,Longnan (Cheng),CN,LNL,ZLLN,33.789918,105.790014
31685,ZLQY,medium_airport,Qingyang Xifeng Airport,Qingyang (Xifeng),CN,IQN,ZLQY,35.802638,107.598896
44208,ZLTS,medium_airport,Tianshui Maijishan Airport,Tianshui (Maiji),CN,THQ,ZLTS,34.5601,105.860343
312986,ZLXH,medium_airport,Gannan Xiahe Airport,Gannan (Xiahe),CN,GXH,ZLXH,34.819014,102.622261
32709,ZLXN,large_airport,Xining Caojiabao International Airport,Haidong (Huzhu Tu Autonomous County),CN,XNN,ZLXN,36.52775,102.040215
27205,ZLXY,large_airport,Xi'an Xianyang International Airport,Xi'an,CN,XIY,ZLXY,34.442207,108.762385
336112,ZLYA,medium_airport,Yan'an Nanniwan Airport,Yan'an (Baota),CN,ENY,ZLYA,36.479413,109.464083
32563,ZLYL,medium_airport,Yulin Yuyang Airport,Yulin,CN,UYN,ZLYL,38.35971,109.590927
300516,ZLYS,medium_airport,Yushu Batang Airport,Yushu (Batang),CN,YUS,ZLYS,32.836389,97.036389
308462,ZLZW,medium_airport,Zhongwei Shapotou Airport,Zhongwei (Shapotou),CN,ZHY,ZLZW,37.573125,105.154454
44221,ZLZY,medium_airport,Zhangye Ganzhou Airport,Zhangye (Ganzhou),CN,YZY,ZLZY,38.801899,100.675003
29670,ZMAH,medium_airport,Arvaikheer Airport,Arvaikheer,MN,AVK,ZMAH,46.250301361083984,102.802001953125
29654,ZMAT,medium_airport,Altai Airport,Altai,MN,LTI,ZMAT,46.37639999389648,96.22109985351562
27206,ZMBH,medium_airport,Bayankhongor Airport,Bayankhongor,MN,BYN,ZMBH,46.1633,100.704002
29736,ZMBN,medium_airport,Bulgan Airport,Bulgan,MN,UGA,ZMBN,48.85499954223633,103.47599792480467
27208,ZMCD,medium_airport,Choibalsan Airport,,MN,COQ,ZMCD,48.135381,114.647231
335326,ZMCK,large_airport,Ulaanbaatar Chinggis Khaan International Airport,Ulaanbaatar (Sergelen),MN,UBN,ZMCK,47.646916,106.819833
308755,ZMDN,small_airport,Donoi Airport,Uliastai,MN,ULZ,ZMDN,47.7093,96.5258
27209,ZMDZ,medium_airport,Dalanzadgad Airport,Dalanzadgad,MN,DLZ,ZMDZ,43.608628,104.367734
27210,ZMKD,medium_airport,Khovd Airport,Khovd,MN,HVD,ZMKD,47.954102,91.628197
31983,ZMMG,small_airport,Mandalgobi Airport,Mandalgobi,MN,MXW,ZMMG,45.7380981445,106.268997192
27211,ZMMN,medium_airport,Mörön Airport,Mörön,MN,MXV,ZMMN,49.663677,100.100028
302316,ZMUG,medium_airport,Ulaangom Airport,Ulaangom,MN,ULO,ZMUG,50.066588,91.938273
30505,ZMUL,medium_airport,Ölgii Mongolei International Airport,Ölgii,MN,ULG,ZMUL,48.993301,89.922501
44103,ZPBS,medium_airport,Baoshan Yunrui Airport,Baoshan (Longyang),CN,BSD,ZPBS,25.053301,99.168297
327447,ZPCW,medium_airport,Cangyuan Washan Airport,Lincang (Cangyuan),CN,CWJ,ZPCW,23.276331,99.373169
30925,ZPDL,medium_airport,Dali Fengyi Airport,Dali (Xiaguan),CN,DLU,ZPDL,25.649401,100.319
30916,ZPDQ,medium_airport,Diqing Shangri-La Airport,Diqing (Shangri-La),CN,DIG,ZPDQ,27.7936,99.6772
27213,ZPJH,large_airport,Xishuangbanna Gasa International Airport,Jinghong (Gasa),CN,JHG,ZPJH,21.974648,100.762224
327448,ZPJM,medium_airport,Lancang Jingmai Airport,Pu'er (Lancang),CN,JMJ,ZPJM,22.417733,99.784012
44116,ZPLC,medium_airport,Lincang Boshang Airport,Lincang,CN,LNJ,ZPLC,23.7381,100.025002
31828,ZPLJ,large_airport,Lijiang Sanyi International Airport,Lijiang,CN,LJG,ZPLJ,26.677483,100.244944
31862,ZPMS,medium_airport,Dehong Mangshi International Airport,Dehong (Mangshi),CN,LUM,ZPMS,24.4011,98.5317
27214,ZPPP,large_airport,Kunming Changshui International Airport,Kunming,CN,KMG,ZPPP,25.110313,102.936743
32417,ZPSM,small_airport,Pu'er Simao Airport,Pu'er,CN,SYM,ZPSM,22.793301,100.959
318119,ZPWS,small_airport,Wenshan Puzhehei Airport,Wenshan,CN,WNH,ZPWS,23.5583,104.3255
27215,ZSAM,large_airport,Xiamen Gaoqi International Airport,Xiamen,CN,XMN,ZSAM,24.543889,118.127454
30650,ZSAQ,medium_airport,Anqing Tianzhushan Airport / Anqing North Air Base,Anqing,CN,AQG,ZSAQ,30.582199,117.050003
30871,ZSCG,medium_airport,Changzhou Benniu International Airport,Changzhou,CN,CZX,ZSCG,31.920485,119.77546
27216,ZSCN,large_airport,Nanchang Changbei International Airport,Nanchang,CN,KHN,ZSCN,28.864815,115.90271
44169,ZSDY,medium_airport,Dongying Shengli Airport,Dongying (Kenli),CN,DOY,ZSDY,37.50137,118.789863
308240,ZSFY,medium_airport,Fuyang Xiguan Airport,"Yingzhou, Fuyang",CN,FUG,ZSFY,32.882157,115.734364
27217,ZSFZ,large_airport,Fuzhou Changle International Airport,Fuzhou (Changle),CN,FOC,ZSFZ,25.929254,119.672524
31769,ZSGZ,small_airport,Ganzhou Huangjin Airport,Ganzhou,CN,KOW,ZSGZ,25.853333,114.778889
27218,ZSHC,large_airport,Hangzhou Xiaoshan International Airport,Hangzhou,CN,HGH,ZSHC,30.23609,120.428865
352633,ZSHZ,medium_airport,Heze Mudan Airport,Heze (Dingtao),CN,HZA,ZSHZ,35.212972,115.736748
31695,ZSJD,medium_airport,Jingdezhen Luojia Airport,Jingdezhen,CN,JDZ,ZSJD,29.3386,117.176003
548284,ZSJG,medium_airport,Jining Da'an Airport,Jining,CN,JNG,ZSJG,35.647358,116.743269
35309,ZSJJ,small_airport,Jiujiang Lushan Airport,Jiujiang,CN,JIU,ZSJJ,29.476944,115.801111
27219,ZSJN,large_airport,Jinan Yaoqiang International Airport,Jinan (Licheng),CN,TNA,ZSJN,36.857201,117.216003
31714,ZSJU,medium_airport,Quzhou Airport,Quzhou (Kezheng),CN,JUZ,ZSJU,28.96613,118.898793
44167,ZSLG,large_airport,Lianyungang Huaguoshan International Airport,Lianyungang,CN,LYG,ZSLG,34.41406,119.17899
44234,ZSLO,medium_airport,Liancheng Guanzhishan Airport,Longyan (Liancheng),CN,LCX,ZSLO,25.67592,116.745907
31658,ZSLQ,medium_airport,Taizhou Luqiao Airport,Taizhou (Luqiao),CN,HYN,ZSLQ,28.562201,121.429001
31871,ZSLY,medium_airport,Linyi Qiyang Airport,Linyi (Hedong),CN,LYI,ZSLY,35.052918,118.411828
27220,ZSNB,large_airport,Ningbo Lishe International Airport,Ningbo,CN,NGB,ZSNB,29.82670021057129,121.46199798583984
27221,ZSNJ,large_airport,Nanjing Lukou International Airport,Nanjing,CN,NKG,ZSNJ,31.735032,118.865949
32048,ZSNT,medium_airport,Nantong Xingdong International Airport,Nantong (Tongzhou),CN,NTG,ZSNT,32.073566,120.980076
27222,ZSOF,large_airport,Hefei Xinqiao International Airport,Hefei,CN,HFE,ZSOF,31.98779,116.9769
27223,ZSPD,large_airport,Shanghai Pudong International Airport,Shanghai (Pudong),CN,PVG,ZSPD,31.1434,121.805
342096,ZSQD,large_airport,Qingdao Jiaodong International Airport,Qingdao (Jiaozhou),CN,TAO,ZSQD,36.361953,120.088171
31705,ZSQZ,large_airport,Quanzhou Jinjiang International Airport,Quanzhou,CN,JJN,ZSQZ,24.795855,118.588599
323218,ZSRZ,medium_airport,Rizhao Shanzihe Airport,Rizhao (Donggang),CN,RIZ,ZSRZ,35.405033,119.324403
300863,ZSSH,large_airport,Huai'an Lianshui Airport,Huai'an,CN,HIA,ZSSH,33.792712,119.126657
316774,ZSSM,medium_airport,Sanming Shaxian Airport,Sanming (Sha),CN,SQJ,ZSSM,26.4263,117.8336
316767,ZSSR,medium_airport,Shangrao Sanqingshan Airport,Shangrao (Hengfeng),CN,SQD,ZSSR,28.3797,117.9643
27225,ZSSS,large_airport,Shanghai Hongqiao International Airport,Shanghai (Minhang),CN,SHA,ZSSS,31.198104,121.33426
32489,ZSTX,large_airport,Huangshan Tunxi International Airport,Huangshan,CN,TXN,ZSTX,29.733299,118.255997
348698,ZSWA,medium_airport,Wuhu Xuanzhou Airport,Wuhu,CN,WHA,ZSWA,31.1045,118.66687
32646,ZSWF,medium_airport,Weifang Nanyuan Airport,Weifang (Kuiwen),CN,WEF,ZSWF,36.646702,119.119003
27226,ZSWH,medium_airport,Weihai Dashuibo Airport,Weihai,CN,WEH,ZSWH,37.187099,122.228996
32684,ZSWX,large_airport,Sunan Shuofang International Airport,Wuxi,CN,WUX,ZSWX,31.496952,120.43038
32683,ZSWY,medium_airport,Nanping Wuyishan Airport,Wuyishan,CN,WUS,ZSWY,27.7019,118.000999
32672,ZSWZ,large_airport,Wenzhou Longwan International Airport,Wenzhou (Longwan),CN,WNZ,ZSWZ,27.910572,120.853465
32713,ZSXZ,medium_airport,Xuzhou Guanyin International Airport,Xuzhou,CN,XUZ,ZSXZ,34.059056,117.555278
317774,ZSYA,medium_airport,Yangzhou Taizhou Airport,Yangzhou,CN,YTY,ZSYA,32.5634,119.7198
315853,ZSYC,medium_airport,Yichun Mingyueshan Airport,Yichun,CN,YIC,ZSYC,27.8025,114.3062
35316,ZSYN,large_airport,Yancheng Nanyang International Airport,Yancheng (Tinghu),CN,YNZ,ZSYN,33.428317,120.20545
332096,ZSYT,large_airport,Yantai Penglai International Airport,Yantai,CN,YNT,ZSYT,37.659724,120.978124
32726,ZSYW,large_airport,Yiwu Airport,Yiwu/Jinhua,CN,YIW,ZSYW,29.342095,120.03116
31624,ZSZS,large_airport,Zhoushan Putuoshan International Airport,Zhoushan,CN,HSN,ZSZS,29.933874,122.362307
300545,ZUAL,medium_airport,Ngari Gunsa Airport,Shiquanhe,CN,NGQ,ZUAL,32.09794,80.053971
300785,ZUAS,medium_airport,Anshun Huangguoshu Airport,Anshun (Xixiu),CN,AVA,ZUAS,26.260556,105.873333
30788,ZUBD,medium_airport,Qamdo Bangda Airport,Bangda,CN,BPX,ZUBD,30.553600311279297,97.1082992553711
318169,ZUBJ,medium_airport,Bijie Feixiong Airport,Bijie,CN,BFJ,ZUBJ,27.267066,105.472097
27228,ZUCK,large_airport,Chongqing Jiangbei International Airport,Chongqing,CN,CKG,ZUCK,29.712254,106.651895
352223,ZUDA,medium_airport,Dazhou Jinya Airport,Dazhou (Dachuan),CN,DZH,ZUDA,31.048815,107.435646
327348,ZUDC,medium_airport,Daocheng Yading Airport,Garzê (Daocheng),CN,DCY,ZUDC,29.31632,100.060317
35307,ZUDX,small_airport,Dachuan Airport,Dazhou (Daxian),CN,DAX,ZUDX,31.1302,107.4295
31562,ZUGU,medium_airport,Guangyuan Panlong Airport,Guangyuan (Lizhou),CN,GYS,ZUGU,32.390254,105.694571
27229,ZUGY,large_airport,Guiyang Longdongbao International Airport,Guiyang (Nanming),CN,KWE,ZUGY,26.541805,106.80402
336107,ZUGZ,small_airport,Garze Gesar Airport,Garzê (Garzê),CN,GZG,ZUGZ,31.7575,99.554167
300512,ZUJZ,medium_airport,Jiuzhai Huanglong Airport,Ngawa (Songpan),CN,JZH,ZUJZ,32.853333,103.682222
327350,ZUKD,medium_airport,Kangding Airport,Garzê (Kangding),CN,KGT,ZUKD,30.142464,101.73872
313427,ZUKJ,medium_airport,Kaili Huangping Airport,Kaili  (Huangping),CN,KJH,ZUKJ,26.972,107.988
327351,ZULB,small_airport,Libo Airport,Qiannan (Libo),CN,LLB,ZULB,25.4525,107.961667
31867,ZULS,large_airport,Lhasa Gonggar International Airport,Shannan (Gonggar),CN,LXA,ZULS,29.298001,90.911951
336114,ZULZ,medium_airport,Luzhou Yunlong Airport,Luzhou (Yunlong),CN,LZO,ZULZ,29.030357,105.468407
327355,ZUMT,medium_airport,Zunyi Maotai Airport,Zunyi,CN,WMT,ZUMT,27.961837,106.435416
31908,ZUMY,medium_airport,Mianyang Nanjiao Airport,Mianyang (Fucheng),CN,MIG,ZUMY,31.428101,104.740997
32003,ZUNC,small_airport,Nanchong Gaoping Airport,Nanchong (Gaoping),CN,NAO,ZUNC,30.798104,106.16415
308782,ZUNP,medium_airport,Liping Airport,Liping,CN,HZH,ZUNP,26.32217,109.1499
31876,ZUNZ,medium_airport,Nyingchi Mainling Airport,Nyingchi (Mainling),CN,LZY,ZUNZ,29.303301,94.335297
327352,ZUPS,medium_airport,Liupanshui Yuezhao Airport,Liupanshui (Zhongshan),CN,LPF,ZUPS,26.609417,104.979
300865,ZUQJ,medium_airport,Qianjiang Wulingshan Airport,Qianjiang,CN,JIQ,ZUQJ,29.5133333333,108.831111111
44122,ZURK,large_airport,Xigaze Peace Airport / Shigatse Air Base,Xigazê (Samzhubzê),CN,RKZ,ZURK,29.350876,89.299157
509453,ZUSH,small_airport,Shannan Longzi Airport,Shannan,CN,LGZ,ZUSH,28.422422,92.348082
300514,ZUTC,medium_airport,Tengchong Tuofeng Airport,Baoshan (Tengchong),CN,TCZ,ZPTC,24.938056,98.485833
342095,ZUTF,large_airport,Chengdu Tianfu International Airport,Chengdu (Jianyang),CN,TFU,ZUTF,30.31252,104.441284
302314,ZUTR,medium_airport,Tongren Fenghuang Airport,Tongren (Daxing),CN,TEN,ZUTR,27.883333,109.308889
27230,ZUUU,large_airport,Chengdu Shuangliu International Airport,Chengdu (Shuangliu),CN,CTU,ZUUU,30.558257,103.945966
350117,ZUWL,medium_airport,Chongqing Xiannüshan Airport,Wulong,CN,CQW,ZUWL,29.465658,107.693664
336105,ZUWS,small_airport,Chongqing Wushan Airport,Wushan,CN,WSK,ZUWS,31.06896,109.708958
32688,ZUWX,small_airport,Wanzhou Wuqiao Airport,Wanzhou,CN,WXN,ZUWX,30.8017,108.433
27231,ZUXC,medium_airport,Xichang Qingshan Airport,Liangshan (Xichang),CN,XIC,ZUXC,27.9891,102.183998
336111,ZUYB,medium_airport,Yibin Wuliangye Airport,Yibin (Cuiping),CN,YBP,ZUYB,28.858431,104.526157
301647,ZUYI,medium_airport,Xingyi Wanfenglin Airport,Xingyi,CN,ACX,ZUYI,25.083423,104.960804
44126,ZUZH,medium_airport,Panzhihua Bao'anying Airport,Panzhihua (Renhe),CN,PZI,ZUZH,26.54,101.79852
308403,ZUZY,medium_airport,Zunyi Xinzhou Airport,Zunyi,CN,ZYI,ZUZY,27.810723,107.247189
30635,ZWAK,medium_airport,Aksu Hongqipo Airport,Aksu (Onsu),CN,AKU,ZWAK,41.262501,80.291702
354654,ZWAL,small_airport,Aral Tarim Airport,Aral,CN,ACF,ZWAL,40.434748,81.26206
44191,ZWAT,medium_airport,Altay Xuedu Airport,Altay,CN,AAT,ZWAT,47.749886,88.085808
46650,ZWBL,medium_airport,Bole Alashankou Airport,Bole,CN,BPL,ZWBL,44.895461,82.30007
31684,ZWCM,medium_airport,Qiemo Yudu Airport,Qiemo,CN,IQM,ZWCM,38.234516,85.465462
323219,ZWFY,medium_airport,Fuyun Koktokay Airport,Fuyun,CN,FYN,ZWFY,46.804169,89.512006
31609,ZWHM,medium_airport,Hami Airport,Hami,CN,HMI,ZWHM,42.8414,93.669197
316764,ZWHZ,small_airport,Shihezi Huayuan Airport,Shihezi,CN,SHF,ZWHZ,44.2421,85.8905
31731,ZWKC,small_airport,Kuqa Qiuci Airport,Kuqa,CN,KCA,ZWKC,41.677856,82.872917
31771,ZWKL,medium_airport,Korla Licheng Airport,Korla,CN,KRL,ZWKL,41.614979,86.140817
35310,ZWKM,small_airport,Karamay Airport,Karamay,CN,KRY,ZWKM,45.46655,84.9527
313426,ZWKN,medium_airport,Burqin Kanas Airport,Burqin,CN,KJI,ZWKN,48.2223,86.9959
316548,ZWNL,medium_airport,Xinyuan Nalati Airport,Xinyuan,CN,NLT,ZWNL,43.4318,83.3786
333070,ZWRQ,medium_airport,Ruoqiang Loulan Airport,Ruoqiang Town,CN,RQA,ZWRQ,38.974722,88.008333
326731,ZWSC,medium_airport,Shache Airport,Shache,CN,QSZ,ZWSC,38.24542,77.056149
27234,ZWSH,large_airport,Kashgar Laining International Airport,Kashgar,CN,KHG,ZWSH,39.542273,76.02023
28144,ZWTC,small_airport,Tacheng Qianquan Airport,Tacheng,CN,TCG,ZWTC,46.672501,83.340797
314799,ZWTL,medium_airport,Turpan Jiaohe Airport,Turpan,CN,TLQ,ZWTL,43.0308,89.0987
27235,ZWTN,medium_airport,Hotan Airport,Hotan,CN,HTN,ZWTN,37.03850173950195,79.86489868164062
27236,ZWWW,large_airport,Ürümqi Tianshan International Airport,Ürümqi,CN,URC,ZWWW,43.913584,87.479372
32725,ZWYN,medium_airport,Ili Yining International Airport,Ili (Yining / Ghulja),CN,YIN,ZWYN,43.955799,81.330299
342843,ZWYT,small_airport,Yutian Wanfang Airport,Hotan (Yutian),CN,YTW,ZWYT,36.8085,81.7827
30646,ZYAS,medium_airport,Anshan Teng'ao Airport / Anshan Air Base,Anshan,CN,AOG,ZYAS,41.105301,122.853996
316519,ZYBA,medium_airport,Baicheng Chang'an Airport,Baicheng,CN,DBC,ZYBA,45.505278,123.019722
300544,ZYBS,medium_airport,Changbaishan Airport,Baishan,CN,NBS,ZYBS,42.066944,127.602222
27237,ZYCC,large_airport,Changchun Longjia International Airport,Changchun,CN,CGQ,ZYCC,43.996201,125.684998
300858,ZYCH,small_airport,Changhai Dachangshandao Airport,Dalian (Changhai),CN,CNI,ZYCH,39.266441,122.66696
30827,ZYCY,medium_airport,Chaoyang Airport,"Shuangta, Chaoyang",CN,CHG,ZYCY,41.538101,120.434998
44267,ZYDD,medium_airport,Dandong Langtou International Airport,Dandong (Zhenxing),CN,DDG,ZYDD,40.025453,124.28669
300323,ZYDQ,small_airport,Daqing Sartu Airport,Daqing,CN,DQA,ZYDQ,46.750883,125.138642
327349,ZYDU,medium_airport,Wudalianchi Dedu Airport,Heihe,CN,DTU,ZYDU,48.441037,126.128374
313994,ZYFY,medium_airport,Fuyuan Dongji Airport,Fuyuan,CN,FYJ,ZYFY,48.197219,134.36298
27238,ZYHB,large_airport,Harbin Taiping International Airport,Harbin,CN,HRB,ZYHB,45.623402,126.25
31576,ZYHE,medium_airport,Heihe Aihui Airport,Heihe,CN,HEK,ZYHE,50.171621,127.308884
301009,ZYJD,medium_airport,Daxing'anling Elunchun Airport,Jiagedaqi,CN,JGD,ZYJD,50.371389,124.1175
27239,ZYJM,medium_airport,Jiamusi Songjiang International Airport,Jiamusi,CN,JMU,ZYJM,46.842793,130.46426
327450,ZYJS,medium_airport,Jiansanjiang Shidi Airport,Jiansanjiang,CN,JSJ,ZYJS,47.108248,132.65792
313337,ZYJX,medium_airport,Jixi Xingkaihu Airport,Jixi,CN,JXA,ZYJX,45.293,131.193
339959,ZYJZ,medium_airport,Jinzhou Bay Airport,Jinzhou (Linghai),CN,JNZ,ZYJZ,40.936032,121.277114
307012,ZYLD,medium_airport,Yichun Lindu Airport,Yichun,CN,LDS,ZYLD,47.752056,129.019125
27240,ZYMD,medium_airport,Mudanjiang Hailang International Airport,Mudanjiang,CN,MDG,ZYMD,44.525172,129.568634
301193,ZYMH,medium_airport,Mohe Gulian Airport,Mohe,CN,OHE,ZYMH,52.916871,122.422759
27241,ZYQQ,large_airport,Qiqihar Sanjiazi Airport,Qiqihar,CN,NDG,ZYQQ,47.229969,123.914179
327451,ZYSQ,medium_airport,Songyuan Chaganhu Airport,Qian Gorlos Mongol Autonomous County,CN,YSQ,ZYSQ,44.931143,124.552121
27242,ZYTL,large_airport,Dalian Zhoushuizi International Airport,Dalian (Ganjingzi),CN,DLC,ZYTL,38.965719,121.538477
307013,ZYTN,medium_airport,Tonghua Sanyuanpu Airport,Tonghua,CN,TNH,ZYTN,42.048435,125.733963
27243,ZYTX,large_airport,Shenyang Taoxian International Airport,Shenyang,CN,SHE,ZYTX,41.6398,123.483668
27244,ZYYJ,medium_airport,Yanji Chaoyangchuan Airport,Yanji,CN,YNJ,ZYYJ,42.8828010559,129.451004028
317861,ZYYK,medium_airport,Yingkou Lanqi Airport,Yingkou (Laobian),CN,YKH,ZYYK,40.542524,122.3586
